Author_id,Name
1,(None)
2,A A Milne
3,A E Van Vogt
4,A First Book
5,A Oswald
6,A Redemptorist Pastoral Publication
7,A'Lelia Bundles
8,A. A. Attanasio
9,A. A. Fair
10,A. A. Milne
11,A. Alvarez
12,A. B. C. Whipple
13,A. B. Guthrie Jr.
14,A. C. Bhaktivedanta Swami Prabhupada
15,A. C. Bhaktivedanta Swami Prabhupâda
16,A. C. Crispin
17,A. D. Hunt
18,A. Delaney
19,A. E. Parker
20,A. Elizabeth Delany
21,A. Grove Day
22,A. J Mcclane
23,A. J. Hill
24,A. J. Holt
25,A. J. Orde
26,A. J. Russell
27,A. Jay Abrams
28,A. L. Haskett
29,A. L. Kennedy
30,A. Lyons
31,A. M. Monson
32,A. Manette Ansay
33,A. Mousnier-Lompré
34,A. N. Roquelaure
35,A. R. Braunmuller
36,A. Roger Merrill
37,A. Scott Berg
38,A. V. Sellwood
39,A. Walton Litz
40,A.A. Milne
41,A.C. Bhaktivedanta
42,A.C. Crispin
43,A.E.W. Mason
44,A.G. Mojtabai
45,A.J. Jacobs
46,A.J. Wood
47,A.L. Alexander
48,A.M. Homes
49,A.R.R.R. Roberts
50,A.S.  Byatt
51,A.S. Byatt
52,A.W. Bouis
53,Aaron Allston
54,Aaron Asher
55,Aaron Copland
56,Aaron Elkins
57,Aaron J. Elkins
58,Aaron Karo
59,Aaron Mcgruder
60,Aaron Naparstek
61,Aaron Roy Even
62,Aaron T. Beck
63,Abba Eban
64,Abbas Milani
65,Abbie Zabar
66,Abbot George Burke
67,Abby Bardi
68,Abby Kanter
69,Abdullah Yusuf Ali
70,Abigail Stone
71,Abigail Van Buren
72,Abraham Verghese
73,Abraham. Verghese
74,Accuracy In Reporting
75,Acsm
76,Acton Figueroa
77,Ad Hudler
78,Adam Bagdasariam
79,Adam Barrow
80,Adam Begley
81,Adam Brate
82,Adam Braver
83,Adam Davies
84,Adam Gopnik
85,Adam Haslett
86,Adam Lee
87,Adam Mccauley
88,Adam Parkes
89,Adam Rapp
90,Adam Smith
91,Adams
92,Adams Douglas
93,Adapted Version By Alexa Villanueva
94,Adcock
95,Adela Vengana
96,Adele Ashworth
97,Adele Faber
98,Adele Griffin
99,Adele Lang
100,Adele Parks
101,Adele Ziminski
102,Adelheid Ohlig
103,Adeline Yen Mah
104,Adib Khan
105,Adobe Creative Team
106,Adobe Systems Inc
107,Adolfo Perez Esquivel
108,Adrian Ann Rapp
109,Adrian Forsyth
110,Adrian Mitchell
111,Adrian Nicole Leblanc
112,Adrian Plass
113,Adriana Hunter
114,Adriana Trigiani
115,Adrianne Blue
116,Adrianne Lee
117,Adrienne Dixon
118,Adrienne Eisen
119,Adrienne Jansen
120,Adèle Geras
121,Aeron Clement
122,Afi-Odelia E. Scruggs
123,Africa Fine
124,Agatha Christie
125,Aggie Mackenzie
126,Agnes Desarthe
127,Agnes Riedmann
128,Agnes Von Kurowsky
129,Agota Kristof
130,Agueev M
131,Ahdaf Soueif
132,Ahne
133,Ai Yazawa
134,Aidan Chambers
135,Aidan Meehan
136,Aiden W. Tozer
137,Ail
138,Aileen Paterson
139,Aimee Bender
140,Aimee Lee Ball
141,Aimee Liu
142,Aimee Thurlo
143,Aine O'Connor
144,Ainslie T. Embree
145,Aisha Ikramuddin
146,Aki Katsu
147,Akif Pirincci
148,Akif Pirinçci
149,Akihito Toda
150,Akimitsu Takagi
151,Al Andersen
152,Al Berto
153,Al Biondi
154,Al Franken
155,Al Gore
156,Al Kelly
157,Al Menconi
158,Al Roker
159,Alain Besançon
160,Alain Couprie
161,Alain De Botton
162,Alain Defossé
163,Alain Domérieux
164,Alain Duchesne
165,Alain Pierrot
166,Alain-Fournier
167,Alan (Translator) Bergman
168,Alan Aldrich
169,Alan Brennert
170,Alan Brown
171,Alan Bullock
172,Alan Cackett
173,Alan Casty
174,Alan Cober
175,Alan Cumming
176,Alan Cumyn
177,Alan Daniel
178,Alan Dean Foster
179,Alan Doelp
180,Alan Durband
181,Alan Epstein
182,Alan Fields
183,Alan Furst
184,Alan Garner
185,Alan Gibbons
186,Alan H. Cohen
187,Alan Hooker
188,Alan J. Shalleck
189,Alan Jacobson
190,Alan Kaufman
191,Alan Landsburg
192,Alan Lee
193,Alan Lelchuk
194,Alan Lightman
195,Alan M. Clark
196,Alan M. Dahms
197,Alan M. Dershowitz
198,Alan Moore
199,Alan Nakano
200,Alan Paton
201,Alan Ray
202,Alan Rich
203,Alan Russell
204,Alan Sheridan
205,Alan Spence
206,Alan Tiegreen
207,Alan Titchmarsh
208,Alan Trustman
209,Alan V. Hewat
210,Alan Vanneman
211,Alan W. Watts
212,Alan Watts
213,Alan Witschonke
214,Alanna Knight
215,Alastair Ker
216,Alastair Macneill
217,Alastair Mcneill
218,Alayne Main
219,Albert Bichler
220,Albert Camus
221,Albert Cohen
222,Albert Einstein
223,Albert Ellis
224,Albert Gilman
225,Albert Goldman
226,Albert H. Morehead
227,Albert J. Mcbride
228,Albert Mousset
229,Albert Murray
230,Albert Payson Terhune
231,Albert Schwarzenbach
232,Albert Uderzo
233,Albert Wesselski
234,Alden T
235,Aldo Leopold
236,Aldous Huxley
237,Alec Fisher
238,Alec Ross
239,Alec Waugh
240,Aleen Malcolm
241,Aleister Crowley
242,Alejandro Dumas
243,Alejandro Jodorowsky
244,Alejo Carpentier
245,Aleksandar Grujicic
246,Aleksandr Isaevich Solzhenitsyn
247,Aleksandr Solzhenitsyn
248,Aleksandr Zinoviev
249,Alesia Holliday
250,Alessandro Baricco
251,Alethea Hayter
252,Alex Beam
253,Alex Boese
254,Alex Capus
255,Alex Chadwick/ Npr
256,Alex Dingwall-Main
257,Alex Flinn
258,Alex Garland
259,Alex Haley
260,Alex Kava
261,Alex Kennedy
262,Alex Kerr
263,Alex Kershaw
264,Alex Kotlowitz
265,Alex Landragin
266,Alex Lowy
267,Alex Matthews
268,Alex Ogg
269,Alex Pate
270,Alex Trebek
271,Alexa Albert
272,Alexa Hennig Von Lange
273,Alexander C. Rae
274,Alexander English
275,Alexander Games
276,Alexander Lenard
277,Alexander Lockhart
278,Alexander Marshall
279,Alexander Mccall Smith
280,Alexander Nehamas
281,Alexander Schmitz
282,Alexander Solschenizyn
283,Alexander Solzhenitsyn
284,Alexander Trocchi
285,Alexander Vassiliev
286,Alexandra Baumrucker
287,Alexandra Blackstone
288,Alexandra Cade
289,Alexandra David-Néel
290,Alexandra Dick
291,Alexandra Fuller
292,Alexandra Lapierre
293,Alexandra M. Terzian
294,Alexandra Parsons
295,Alexandra Ripley
296,Alexandra Sellers
297,Alexandra Stoddard
298,Alexandra Styron
299,Alexandre Dumas
300,Alexandre Dumas Pã..Re
301,Alexandre Jardin
302,Alexandria Ripley
303,Alexei Panshin
304,Alexei Sayle
305,Alexis Lipsitz
306,Alexs Pate
307,"Alf Wight Writing As ""James Herriott"""
308,Alfie Kohn
309,Alfons
310,Alfonso Ortiz
311,Alfred Appel Jr.
312,Alfred Bester
313,Alfred Birnbaum
314,Alfred De Musset
315,Alfred Döblin
316,Alfred H. Kelly
317,Alfred Hitchcock
318,Alfred J. Kahn
319,Alfred Jarry
320,Alfred Kazin
321,Alfred Komarek
322,Alfred Lansing
323,Alfred Lord Tennyson
324,Alfred Macadam
325,Alfred Mcbride
326,Alfred Noyes
327,Alfred W. Munzert
328,Alfredo Bryce Echenique
329,Algernon B. Mitford
330,Algis Budrys
331,Ali Smith
332,Alice A. Bailey
333,Alice Adams
334,Alice Alfonsi
335,Alice Bach
336,Alice Blanchard
337,Alice Borchardt
338,Alice Curtis
339,Alice Elliott Dark
340,Alice Ferney
341,Alice Gaines
342,Alice Garrard
343,Alice Gray
344,Alice Hart
345,Alice Hoffman
346,Alice Joyce Davidson
347,Alice Kaplan
348,Alice Koller
349,Alice Leccese Powers
350,Alice Mary Connally Fisk
351,Alice Mattison
352,Alice Mcdermott
353,Alice Miller
354,Alice Munro
355,Alice Myers
356,Alice Notley
357,Alice Outwater
358,Alice Randall
359,Alice Rhea
360,Alice S. Rossi
361,Alice Sebold
362,Alice Steinbach
363,Alice Thomas Ellis
364,Alice Turner Curtis
365,Alice Vaara
366,Alice Walker
367,Alice Williams
368,Alicia Appleman-Jurman
369,Alicia Mundy
370,Alicia Ross
371,Alien Stevens
372,Aliki
373,Alina Reyes
374,Aline Romanos
375,Alisa
376,Alisa Bauman
377,Alisa Craig
378,Alisa Kwitney
379,Alisa M. Hoffman
380,Alisa Valdes-Rodriguez
381,Alison Entrekin
382,Alison Fraser
383,Alison Gold
384,Alison Habens
385,Alison Lurie
386,Alison Mack
387,Alison Mcmillen
388,Alison Smith
389,Alison Wearing
390,Alison Webster
391,Alison Weir
392,Alistair Maclea
393,Alistair Maclean
394,Alistair Macleod
395,Alix Berenzy
396,Alix Kates Shulman
397,Aliza Sherman
398,Aljean Harmetz
399,Aljonna Möckel
400,Allan
401,Allan Ahlberg
402,Allan Cox
403,Allan Eckert
404,Allan Folsom
405,Allan Gurganus
406,Allan Haley
407,Allan Sutton
408,Allan Topol
409,Allan W Eckert
410,Allan W. Eckert
411,Allan Zola Kronzek
412,Allan Zullo
413,Allana Martin
414,Allegra Goodman
415,Allen Carr
416,Allen D. Bragdon
417,Allen Dehart
418,Allen Drury
419,Allen Edgar
420,Allen Frances M.D.
421,Allen Ginsberg
422,Allen Klein
423,Allen M. Schoen
424,Allen Mandelbaum
425,Allen Morgan
426,Allen Rucker
427,Allen Say
428,Allen St. John
429,Allen Steele
430,Allen Weinstein
431,Allen Widome
432,Alligator Descartes
433,Allison Pearson
434,Allison Pollack Alexander
435,Allison Uttley
436,Alma Alexander Hromic
437,Alma Bond
438,Alma E. Guinness
439,Alma H. Bond
440,Alma Marceau
441,Alma Maritano
442,Alonzo Kimball
443,Alpha Staff
444,Alton Gansky
445,Alton Raible
446,Alvin F. Poussaint
447,Alvin Kernan
448,Alvin Moscow
449,Alvin Schwartz
450,Alwyn Crawshaw
451,Alyssa Dean
452,Alzir He
453,Alzir Hella
454,Amanda Ashley
455,Amanda Bennett
456,Amanda Brown
457,Amanda Brownfield
458,Amanda Cross
459,Amanda Davis
460,Amanda Eyre Ward
461,Amanda Foreman
462,Amanda Lee
463,Amanda Mckay
464,Amanda O'Neill
465,Amanda Omart
466,Amanda Quick
467,Amanda Scott
468,Amanda Stern
469,Amanda Stevens
470,Amarillas
471,Amber Coverdale Sumrall
472,Amber K
473,Ambrose Bierce
474,Ame Mahler Beanland Terry
475,Amelia Atwater-Rhodes
476,Amelie Fried
477,Amelie Glienke
478,Amelie Thoma
479,Amer Assoc Of Colleges Of
480,Amer Psychological Association
481,American College Of Obstetricians
482,American College Of Sports Medicine
483,American Heart Association
484,American Psychiatric Association
485,Amin Maalouf
486,Aminah Brenda Lynn Robinson
487,Amir D. Aczel
488,Amit Chaudhuri
489,Amitav Ghosh
490,Amos Oz
491,Amp
492,Amulya Malladi
493,Amy Blackmarr
494,Amy Bloom
495,Amy Borkowsky
496,Amy Carter
497,Amy Ephron
498,Amy Goldman Koss
499,Amy Hassinger
500,Amy Hempel
501,Amy Hill Heart
502,Amy Hill Hearth
503,Amy J. Fetzer
504,Amy K. Brown
505,Amy Keating Rogers
506,Amy Macdonald
507,Amy Mandelker
508,Amy Paulsen
509,Amy R. Kaplan
510,Amy Sonnie
511,Amy Sylvester Katoh
512,Amy Tan
513,Amy Thomson
514,Amy Wallace
515,Amélie Nothomb
516,Ana Castillo
517,Ana Leigh
518,Ana Seymour
519,Ana?S. Nin
520,Anabel Donald
521,Anabel Kindersley
522,Anais Nin
523,Anatol Rapoport
524,Anatoli Boukreev
525,Anatolian Treasures
526,Anatoly Rybakov
527,Anaïs Nin
528,Anchee Min
529,And Lamb
530,And The Language Experts At Berlitz
531,Andes Hruby
532,Andi Watson
533,Andre Dubus Iii
534,Andre Franquin
535,Andre Gayot
536,Andre Maurois
537,Andre Norton
538,Andre West
539,Andrea Barrett
540,Andrea Boeshaar
541,Andrea Brown
542,Andrea Cagan
543,Andrea Camilleri
544,Andrea Carlisle
545,Andrea Chesman
546,Andrea Di Robilant
547,Andrea Edwards
548,Andrea Immer
549,Andrea Juno
550,Andrea Kane
551,Andrea Lingenfelter
552,Andrea Mohin
553,Andrea Parnell
554,Andrea Reekstin
555,Andreas Brandhorst
556,Andreas Eschbach
557,Andreas Schlüter
558,Andrei Codrescu
559,Andrei Makine
560,Andrew
561,Andrew A. Rooney
562,Andrew Bender
563,Andrew Bergman
564,Andrew Boyd
565,Andrew Calcutt
566,Andrew Carroll
567,Andrew Clements
568,Andrew Crumey
569,Andrew Davidson
570,Andrew Delbanco
571,Andrew Donkin
572,Andrew E. Falk
573,Andrew Eames
574,Andrew Glass
575,Andrew Gross
576,Andrew H. Malcolm
577,Andrew H. Vachss
578,Andrew Harper
579,Andrew Harvey
580,Andrew J. Robinson
581,Andrew Klavan
582,Andrew L Johnson
583,Andrew Louth
584,Andrew M Greeley
585,Andrew M. Greeley
586,Andrew Mark
587,Andrew Matthews
588,Andrew Matzner
589,Andrew Mcgahan
590,Andrew Miller
591,Andrew Morton
592,Andrew Motion
593,Andrew Murray
594,Andrew Neiderman
595,Andrew O'Hagan
596,Andrew Parkin
597,Andrew Pyper
598,Andrew R. Macandrew
599,Andrew S. Grove
600,Andrew S. Hughes
601,Andrew Sanders
602,Andrew Sean Greer
603,Andrew Stoker
604,Andrew Tobias
605,Andrew Vachss
606,Andrew Weil M.D.
607,Andrew X. Pham
608,Andrew Young
609,Andrews
610,Andrews Mcmeel Publishing
611,Andreï Kourkov
612,André Gide
613,Andy
614,Andy Andrews
615,Andy Baggott
616,Andy Mangels
617,Andy Mcnab
618,Andy Meisler
619,Andy Rathbone
620,Andy Roberts
621,Andy Rooney
622,Andy Sloss
623,Andy Stack
624,Andy Straka
625,Andy Warhol
626,Anette Grube
627,Angel Milan
628,Angel Pino
629,Angela Bowering
630,Angela Bowie
631,Angela C. Santomero
632,Angela Carter
633,Angela Davis
634,Angela Doherty
635,Angela Elwell Hunt
636,Angela Henry
637,Angela Hunt
638,Angela Huth
639,Angela Johnson
640,Angela Kay Kepler
641,Angela Mackail Thirkell
642,Angela Malone
643,Angela Nissel
644,Angela Praesent
645,Angela Shelf Medearis
646,Angela Sommer-Bodenburg
647,Angela Ter
648,Angela Wilkes
649,Angeles Arrien
650,Angelica Rose
651,Angelika Bardeleben
652,Angelika Fel A
653,Angelika Gundlach
654,Angelika Kutsch
655,Angelika Naujokat
656,Angels Julivert
657,Angus Calder
658,Angus J. Kennedy
659,Angus Oblong
660,Anhua Gao
661,Ania Szado
662,Anita Brookner
663,Anita Daher
664,Anita Desai
665,Anita Diamant
666,Anita Mills
667,Anita Rau Badami
668,Anita Roddick
669,Anita Shreve
670,Anitra Sheen
671,Ann B. Ross
672,Ann Bannon
673,Ann Beattie
674,Ann Bell
675,Ann Benson
676,Ann Brashares
677,Ann Braybrooks
678,Ann C. Buchanan
679,Ann Chamberlin
680,Ann Charters
681,Ann Copeland
682,Ann Coulter
683,Ann Douglas
684,Ann Druyan
685,Ann Dunnigan
686,Ann Durell
687,Ann Evans
688,Ann Goethe
689,Ann Granger
690,Ann Hibbard
691,Ann Hodgman
692,Ann Hood
693,Ann Howard Creel
694,Ann Howard Halsey
695,Ann Howard White
696,Ann K. Fisher
697,Ann Kositsky
698,Ann Landers
699,Ann Lawrence
700,Ann Linnea
701,Ann Louise Gittleman
702,Ann M. Martin
703,Ann Major
704,Ann Marie Cunningham
705,Ann Marie Winstom
706,Ann Marston
707,Ann Martin
708,Ann Matthews Martin
709,Ann Mcgovern
710,Ann Moura
711,Ann Packer
712,Ann Patchett
713,Ann Powers
714,Ann Price
715,Ann Radcliffe
716,Ann Rae Jonas
717,Ann Rinaldi
718,Ann Ripley
719,Ann Rule
720,Ann Shakeshaft
721,Ann Sherif
722,Ann Shulman
723,Ann Thornhill
724,Ann Van Wagner Childs
725,Ann Voss Peterson
726,Ann Wrigh
727,Ann Zwinger
728,Ann-Marie Macdonald
729,Anna
730,Anna Akhmatova
731,Anna Clarke
732,Anna Davis
733,Anna Deavere Smith
734,Anna Deforest
735,Anna Gavalda
736,Anna Gekoski
737,Anna Jennet
738,Anna Johnson
739,Anna Katherine Nicholas
740,Anna Kuhlig-Wilkinson
741,Anna L. Waldo
742,Anna Lappé
743,Anna Lee Waldo
744,Anna Leonowens
745,Anna Louise Golden
746,Anna Maclean
747,Anna Malyschewa
748,Anna Maria Ortese
749,Anna Maxted
750,Anna Murdoch
751,Anna Pavord
752,Anna Peturnig
753,Anna Quindlen
754,Anna Riva
755,Anna Salter
756,Anna Seghers
757,Anna Sewell
758,Anna Wimschneider
759,Annabel Laity
760,Annabel Large
761,Anne Ancelin Schützenberger
762,Anne Barone
763,Anne Bishop
764,Anne Burton
765,Anne Calcagno
766,Anne Cameron
767,Anne Christian Buchanan
768,Anne Civardi
769,Anne Colin Du Terrail
770,Anne D. Leclaire
771,Anne Damour
772,Anne Delbee
773,Anne Dingus
774,Anne Edwards
775,Anne Eliot Crompton
776,Anne Fadiman
777,Anne Fine
778,Anne Frank
779,Anne Frank House
780,Anne Frasier
781,Anne Garrels
782,Anne George
783,Anne Griffin Perry
784,Anne Hampson
785,Anne Heche
786,Anne Higgins
787,Anne Holt
788,Anne Hruska
789,Anne Kelleher
790,Anne L. Mckinnon
791,Anne L. Squire-Buresh
792,Anne Lamott
793,Anne Leclaire
794,Anne Lindsay
795,Anne M. Raso
796,Anne Marie Duquette
797,Anne Marie Winston
798,Anne Mather
799,Anne Matsumoto Stewart
800,Anne Mccaffrey
801,Anne Mccaffrey) Wood
802,Anne Mcgee-Cooper
803,Anne Michaels
804,Anne Morrow Lindbergh
805,Anne Mortimer
806,Anne Moyer Halpin
807,Anne Newlands
808,Anne Perry
809,Anne Raeff
810,Anne Rampling
811,Anne Rice
812,Anne Rivers Siddons
813,Anne Sexton
814,Anne Spudvilas
815,Anne Stuart
816,Anne Styles
817,Anne Tolstoi Wallach
818,Anne Tyler
819,Anne Ubersfeld
820,Anne Uhde
821,Anne Ursu
822,Anne Vipond
823,Anne Weale
824,Anne West
825,Anne Wilson Schaef
826,Anne-Cécile Padoux
827,Anne-Marie Marina-Médiavilla
828,Anne. Mccaffrey
829,Annegrit Arens
830,Annelie Ortmanns
831,Annelie Ortmanns-Suzuki
832,Annelies Laschitza
833,Anneliese Botond
834,Annemarie
835,Annemarie Böll
836,Annette Broadrick
837,Annette Delore
838,Annette Funicello
839,Annette Kuhn
840,Annette Lawrence Dr
841,Annette Lévy-Willard
842,Annette Meyer-Prien
843,Annie Auerbach
844,Annie Dillard
845,Annie Elizabet
846,Annie Elizabeth Delany
847,Annie Ernaux
848,Annie François
849,Annie Gottlieb
850,Annie Griffin
851,Annie Guenther
852,Annie Hawes
853,Annie Kimberlin
854,Annie Leibovitz
855,Annie Proulx
856,Annie Smith
857,Anonymous
858,Anonymous Teenager
859,Anouchka Grose Forrester
860,Ansel Adams
861,Antero Alli
862,Anthony Arnove
863,Anthony B Herbert
864,Anthony Bonner
865,Anthony Bourdain
866,Anthony Burgess
867,Anthony Chandor
868,Anthony Everitt
869,Anthony Gottlieb
870,Anthony Heald
871,Anthony Hyde
872,Anthony J Alessandra
873,Anthony Kerrigan
874,Anthony L Abraham
875,Anthony Lane
876,Anthony Louis
877,Anthony M. Fauglid
878,Anthony O'Neill
879,Anthony Pagde
880,Anthony Price
881,Anthony Robbins
882,Anthony Tallarico
883,Anthony Trollope
884,Anthony Walker
885,Anthony Weston
886,Antoine Bello
887,Antoine Chalvin
888,Antoine De Saint- Exupéry
889,Antoine De Saint-Exupery
890,Antoine De Saint-Exupéry
891,Antoine Volodine
892,Antoinette Bosc
893,Antoinette Gittinger
894,Antoinette May
895,Anton Chaitkin
896,Anton Chekhov
897,Anton Myrer
898,Antonella Platano
899,Antonia Barber
900,Antonia Felix
901,Antonia Fraser
902,Antonia S. Byatt
903,Antonia Van Der Meer
904,Antonia White
905,Antonio Gala
906,Antonio Lobo Antunes
907,Antonio Skarmeta
908,Antonio Tabucchi
909,Antony Beevor
910,Antony Mason
911,Antony Sher
912,Antonya Nelson
913,Antwone Q. Fisher
914,Anya Von Bremzen
915,Anya Weinstein
916,Aola Vandergriff
917,Aphrodite Jones
918,Apolo  Anton Ohno
919,April Christofferson
920,April Frost
921,April Henry
922,April Sinclair
923,April Wilson
924,Apsley Cherry Garrard
925,Ar
926,Arabella Weir
927,Aram Saroyan
928,Aramis Thorn
929,Ararat Iyob
930,Archer
931,Archer Mayor
932,Ardal O'Hanlon
933,Ardella Garland
934,Arden Moore
935,Ariane Böckler
936,Arianna Huffington
937,Ariella Papa
938,Arielle Ford
939,Aristophanes
940,Aritha Van Herk
941,Arkadi Strugatzki
942,Arkadia
943,Arl Modica Matthews
944,Arlana Anderson-Hale
945,Arlene Eisenberg
946,Arlene Holiday
947,Arlene Holliday
948,Arlene J. Chai
949,Arlene James
950,Arlene Matthews
951,Arlene Monk
952,Arlene Mosel
953,Arlene S. Skolnick
954,Arlie Russell Hochschild
955,Arman Dansh
956,Armand Eisen
957,Armand Pierhal
958,Armin A. Brott
959,Armistead Maupin
960,Arnaud De Borchgrave
961,Arnauld Pontier
962,Arnette Lamb
963,Arno Gruen
964,Arnold A. Lazarus
965,Arnold D. Dunchock
966,Arnold J. Pomeran
967,Arnold Lobel
968,Arnold P. Abbott
969,Arnold Rampersad
970,Arnold Reinhold
971,Arnold Robbins
972,Arnold Stadler
973,Arnulf Zitelmann
974,Art Buchwald
975,Art Lee
976,Art Spiegelman
977,Arth
978,Arthur Ashe
979,Arthur Bloch
980,Arthur Byron Cover
981,Arthur C. Clarke
982,Arthur C. Clarke (Introduction)
983,Arthur Conan
984,Arthur Conan Doyle
985,Arthur Cook
986,Arthur D Cashin
987,Arthur Frommer
988,Arthur Golden
989,Arthur Hailey
990,Arthur Herzog
991,Arthur Hughes
992,Arthur J. Roth
993,Arthur Jacobs
994,Arthur Koestler
995,Arthur L. Burton Iii (Alb3)
996,Arthur Luther
997,Arthur Lyons
998,Arthur M Schlesinger
999,Arthur Miller
1000,Arthur N Schwartz
1001,Arthur Nersesian
1002,Arthur Phillips
1003,Arthur Plotnik
1004,Arthur Ransome
1005,Arthur Rimbaud
1006,Arthur Robins
1007,Arthur Roth
1008,Arthur Schwartz
1009,Arthur Slade
1010,Arthur V. Sellwood
1011,Arthur W. Upfield
1012,Arthur Waldhorn
1013,Arthur Watts
1014,Arthur Zeiger
1015,Arto Paasilinna
1016,Arturo Barea
1017,Arturo Cuyas
1018,Arturo Perez- Reverte
1019,Arturo Perez-Reverte
1020,Arturo Pérez-Reverte
1021,Arundhati Roy
1022,Asha Bandele
1023,Ashland Price
1024,Ashleigh Bryce Clayton
1025,Ashley Mcconnell
1026,Ashley Montagu
1027,Ashley Olsen
1028,Ashley Warlick
1029,Asian Women United Of California
1030,Asne Seierstad
1031,Assata Shakur
1032,Astrid Lindgren
1033,Athol Fugard
1034,Atima Srivastava
1035,Attallah Shabazz
1036,Atul Gawande
1037,Atwater
1038,Audrey Couloumbis
1039,Audrey Niffenegger
1040,Audrey Wood
1041,August S
1042,August Strindberg
1043,August William Derleth
1044,August Wilson
1045,Augusta Trobaugh
1046,Auguste Charpentier
1047,Augusten Burroughs
1048,Augustine
1049,Augusto Monterroso
1050,Aurelius Battaglia
1051,Aurthur Van Essen
1052,Austin Clarke
1053,Austin S. Camacho
1054,Austin Tappan Wright
1055,Author Unknown
1056,Avery Corman
1057,Avery Hart
1058,Avery Thorne
1059,Avi
1060,Avodah K. Offit
1061,Axel Madsen
1062,Axel Merz
1063,Aylmer Maud
1064,Aylmer Maude
1065,Ayn Rand
1066,Azar Nafisi
1067,B Kliban
1068,B. Alison Weir
1069,B. B. Hiller
1070,B. B. Jordan
1071,B. B. King
1072,B. Blake Levitt
1073,B. Delores Max
1074,B. Dobbins
1075,B. H. Liddell Hart
1076,B. Henry Perez
1077,B. J. Daniels
1078,B. J. Hoff
1079,B. K. S. Iyengar
1080,B. Kliban
1081,B. M. Gill
1082,B. Ransom
1083,B. Traven
1084,B. Wilson
1085,B.B. Hiller
1086,B.G. Ford
1087,B.M. Mooyaart
1088,Babette Cole
1089,Bagram Ibatoulline
1090,Bahiyyih Nakhjavani
1091,Bailey White
1092,Baine Kerr
1093,Banana Yoshimoto
1094,Bapsi Sidhwa
1095,Barb Schwarz
1096,Barbara Allen
1097,Barbara Ann Kipfer
1098,Barbara Ardinger
1099,Barbara Bell
1100,Barbara Bergman
1101,Barbara Boswell
1102,Barbara Bretton
1103,Barbara Brondolo
1104,Barbara Bush
1105,Barbara Canida Md
1106,Barbara Cartland
1107,Barbara Chepaitis
1108,Barbara Cohen
1109,Barbara Corcoran
1110,Barbara De Angelis
1111,Barbara Deighton
1112,Barbara Delinsky
1113,Barbara Dimmick
1114,Barbara Dolan
1115,Barbara Dunlop
1116,Barbara E. Cohen
1117,Barbara Ehrenreich
1118,Barbara Erskine
1119,Barbara Everett
1120,Barbara Faith
1121,Barbara Ferry Johnson
1122,Barbara Finn Hewitt
1123,Barbara Fister
1124,Barbara Fitzgerald
1125,Barbara Freese
1126,Barbara Freethy
1127,Barbara Ganim
1128,Barbara Gibson
1129,Barbara Gowdy
1130,Barbara Graham
1131,Barbara H. Solomon
1132,Barbara Hambly
1133,Barbara Haveland
1134,Barbara Heidkamp
1135,Barbara Hoberman Levine
1136,Barbara Holland
1137,Barbara Johnson
1138,Barbara Keiler
1139,Barbara Kingsolver
1140,Barbara L. Heller M.S.W.
1141,Barbara Linner
1142,Barbara Love
1143,Barbara M. Morris
1144,Barbara Mancuso Bouton
1145,Barbara Mertz
1146,Barbara Metzger
1147,Barbara Michaels
1148,Barbara Mujica
1149,Barbara Myerhoff
1150,Barbara Neely
1151,Barbara Olson
1152,Barbara Park
1153,Barbara Parker
1154,Barbara Pease
1155,Barbara Pierce
1156,Barbara Pronin
1157,Barbara Pym
1158,Barbara Quick
1159,Barbara Rainey
1160,Barbara Robinette Moss
1161,Barbara Robinson
1162,Barbara Rowley
1163,Barbara Samuel
1164,Barbara Savage
1165,Barbara Seranella
1166,Barbara Seuling
1167,Barbara Sher
1168,Barbara Siebel Thomas
1169,Barbara Sirges
1170,Barbara Smith
1171,Barbara Stanny
1172,Barbara Taylor Bradford
1173,Barbara Vine
1174,Barbara W. Tuchman
1175,Barbara Watson
1176,Barbara Wood
1177,Barbara Woodhouse
1178,Barclay
1179,Barclay Shaw
1180,Bari Wood
1181,Barnabas Kindersley
1182,Barney Leason
1183,Barnie F. Winkelman
1184,Baroness Orczy
1185,Barracl
1186,Barrett
1187,Barrett Tillman
1188,Barrie Dolnick
1189,Barrie Levy
1190,Barrie Thorpe
1191,Barron'S
1192,Barrons Educational Series
1193,Barry Buzan
1194,Barry Clifford
1195,Barry Cord
1196,Barry Denenberg
1197,Barry Fox
1198,Barry Gifford
1199,Barry Hannah
1200,Barry Krakow
1201,Barry Lopez
1202,Barry Neil Kaufman
1203,Barry Reed
1204,Barry Sears
1205,Barry Sinrod
1206,Barry Strauss
1207,Barry Unsworth
1208,Barry Yourgrau
1209,Barry Z. Posner
1210,Bart Davis
1211,Barthe Declements
1212,Bartholomew Gill
1213,Bartolome De Las Casas
1214,Bash Dibra
1215,Basil Creighton
1216,Basillo Losada
1217,Bathroom Readers' Institute
1218,Batya Gur
1219,Baxter Phillips
1220,Bay Matthews
1221,Baz Luhrmann
1222,Bea Reiter
1223,Bear
1224,Beardstown Ladies Investment Club
1225,Beate Klarsfeld
1226,Beatles
1227,Beatrice A. Ojakangas
1228,Beatrice Bruteau
1229,Beatrice Culleton Mosionier
1230,Beatrice Gormley
1231,Beatrice Sparks
1232,Beatrix Potter
1233,Beaumarchais
1234,Bebe Faas Rice
1235,Bebe Moore Campbell
1236,Beck Underwood
1237,Beck Weathers
1238,Becky A. Bailey
1239,Becky Gold
1240,Bee Willey
1241,Beecher
1242,Bel Kaufman
1243,Belinda Barnes
1244,Bell Hooks
1245,Bella Abzug
1246,Bella Bathurst
1247,Belle Yang
1248,Bellow
1249,Belmont
1250,Belva Plain
1251,Ben Bova
1252,Ben Bradlee
1253,Ben Bycel
1254,Ben Carson  M.D.
1255,Ben Cohen
1256,Ben Dimagmaliw
1257,Ben Edlund
1258,Ben Elton
1259,Ben Hamper
1260,Ben Jeapes
1261,Ben Jonson
1262,Ben M. Baglio
1263,Ben Macintyre
1264,Ben Mezrich
1265,Ben Rehder
1266,Ben Rice
1267,Ben Salama
1268,Ben Schott
1269,Ben Sherwood
1270,Ben Starnes
1271,Ben Young
1272,Benedict Cosgrove
1273,Benedict Freedman
1274,Benedict J. Groeschel
1275,Benita Eisler
1276,Benjamin Anastas
1277,Benjamin Demott
1278,Benjamin Franklin
1279,Benjamin Hoff
1280,Benjamin Spock
1281,Benjamin Spock M.D.
1282,Benjamin Von Stuckrad-
1283,Benjamin Von Stuckrad-Barre
1284,Benjamin Zander
1285,Benjamin Zephaniah
1286,Benny Hinn
1287,Benoîte Groult
1288,Benrei Huang
1289,Bentley  Little
1290,Bentley Little
1291,Beppe Severgnini
1292,Berke Breathed
1293,Berlin
1294,Berlitz Guides
1295,Bernadine Healy
1296,Bernard Cornwell
1297,Bernard E. Rollin
1298,Bernard Evslin
1299,Bernard Gagnebin
1300,Bernard Glassman
1301,Bernard King
1302,Bernard Levin
1303,Bernard Lewis
1304,Bernard Lorthol
1305,Bernard Lortholary
1306,Bernard Maclaverty
1307,Bernard Malamud
1308,Bernard P. Chamberlain
1309,Bernard Peterson
1310,Bernard Poulin
1311,Bernard Shaw
1312,Bernard Suchecky
1313,Bernard Werber
1314,Bernd Heinrich
1315,Bernhard Robben
1316,Bernhard Schlink
1317,Bernhard Straub
1318,Bernhard W. Anderson
1319,Bernice Carton
1320,Bernice Johnson Reagon
1321,Bernie S. Siegel
1322,Bernie S. Siegel M.D.
1323,Berniece Rabe
1324,Bert Archer
1325,Bert Stern
1326,Bertel Bruun
1327,Bertice Berry
1328,Bertolt Brecht
1329,Bertram Fields
1330,Bertrand R. Brinley
1331,Bertrand Russell
1332,Bertrice Small
1333,Beryl Bainbridge
1334,Beryl Markham
1335,Beryl Peters
1336,Besnier J.-M.
1337,Beth Gutcheon
1338,Beth Henderson
1339,Beth Hilgartner
1340,Beth Kephart
1341,Beth Krush
1342,Beth Nimmo
1343,Beth Peck
1344,Beth Saulnier
1345,Beth Scott
1346,Beth Teitelman
1347,Beth Wilson Saavedra
1348,Beth Yahp
1349,Bethany Buck
1350,Betina Krahn
1351,Betsy Byars
1352,Betsy Carter
1353,Betsy Haynes
1354,Betsy Howie
1355,Betsy Lewin
1356,Betsy Reed
1357,Betsy Schmitt
1358,Betsy Taylor
1359,Betsy Thornton
1360,Betsy Wing
1361,Betsy Wyckoff
1362,Bett Williams
1363,Bette Bao Lord
1364,Bette Ford
1365,Bette Greene
1366,Bette Hagman
1367,Bette Lord
1368,Better Homes
1369,Bettie B. Youngs
1370,Bettina Abarbanell
1371,Bettine Von Arnim
1372,Betty
1373,Betty Baker
1374,Betty Bethards
1375,Betty Crocker
1376,Betty Crocker Editors
1377,Betty Edwards
1378,Betty Friedan
1379,Betty Groff
1380,Betty J. Eadie
1381,Betty J. Kovacs
1382,Betty Lumsden Milne
1383,Betty Macdonald
1384,Betty Mahmoody
1385,Betty Miller
1386,Betty Mindlin
1387,Betty Neels
1388,Betty Radice
1389,Betty Ren Wright
1390,Betty Shepard
1391,Betty Smith
1392,Betty White
1393,Betty Wind
1394,Bettyclare Moffatt
1395,Bevarly
1396,Beve
1397,Beverley Birch
1398,Beverley Harper
1399,Beverley Naidoo
1400,Beverley Piper
1401,Beverly Barton
1402,Beverly Bird
1403,Beverly Brandt
1404,Beverly Byrne
1405,Beverly Cleary
1406,Beverly Engel
1407,Beverly Hastings
1408,Beverly Jenkins
1409,Beverly Lahaye
1410,Beverly Lewis
1411,Beverly Mills
1412,Beverly S. Martin
1413,Beverly Sommers
1414,Beverly West
1415,Bh
1416,Bharati Mukherjee
1417,Bi
1418,Biederman
1419,Bil Keane
1420,Bill
1421,Bill Adler  Jr.
1422,Bill Amend
1423,Bill Barnes
1424,Bill Basso
1425,Bill Bradley
1426,Bill Brittain
1427,Bill Bryson
1428,Bill Buchanan
1429,Bill Buford
1430,Bill Chalker
1431,Bill Cleaver
1432,Bill Cosby
1433,Bill Crider
1434,Bill Cullen
1435,Bill Dahl
1436,Bill Deckard
1437,Bill Dodge
1438,Bill Drummond
1439,Bill Dworkin
1440,Bill Fawcett
1441,Bill Fitzhugh
1442,Bill Gates
1443,Bill Glassco
1444,Bill Goldberg
1445,Bill Granger
1446,Bill Grossman
1447,Bill H. Gates
1448,Bill Hand
1449,Bill Henning
1450,Bill Hinds
1451,Bill Hybels
1452,Bill Langley
1453,Bill Lawren
1454,Bill Lee
1455,Bill Lessard
1456,Bill Lorencz
1457,Bill Lyon
1458,Bill Maher
1459,Bill Martin Jr.
1460,Bill Mauldin
1461,Bill Mccartney
1462,Bill Mccay
1463,Bill Mckibben
1464,Bill Milne
1465,Bill Montalbano
1466,Bill Moyers
1467,Bill Murphy
1468,Bill Myers
1469,Bill Nye
1470,Bill O'Reilly
1471,Bill Peet
1472,Bill Phillips
1473,Bill Pogue
1474,Bill Pronzini
1475,Bill Quinn
1476,Bill Ransom
1477,Bill Reynolds
1478,Bill Richardson
1479,Bill Robison
1480,Bill Roorbach
1481,Bill Sanderson
1482,Bill Scheller
1483,Bill Schmidt
1484,Bill Schultheis
1485,Bill Shoemaker
1486,Bill Slavicsek
1487,Bill Thomas
1488,Bill Wallace
1489,Bill Wassmuth
1490,Bill Watterson
1491,Bill Younghusband
1492,Bill Zehme
1493,Billie Fitzpatrick
1494,Billie Green
1495,Billie Letts
1496,Billie Livingston
1497,Billy Bob Thornton
1498,Billy Graham
1499,Billy Sprague
1500,Billy Wade Roebuck
1501,Binnie Kirshenbaum
1502,Birgit H. Hölscher
1503,Birgit Herrmann
1504,Birgit Schönberger
1505,Birgit Vanderbeke
1506,Birnbach
1507,Bishop Fulton Sheen
1508,Bittinger
1509,Bj James
1510,Bjarne Reuter
1511,Bjorn Larsson
1512,Björn  Kjellström
1513,Björn Larsson
1514,Blair
1515,Blair Lent
1516,Blake Crouch
1517,Blake Morrison
1518,Blanche Cirker
1519,Blanche D'Alpuget
1520,Blanche Fish Wright
1521,Blanche Fisher Wright
1522,Blanche Sims
1523,Blanche Wiesen Cook
1524,Blank Journal
1525,Bliss Broyard
1526,Blockson
1527,Blu Greenberg
1528,Blue Balliett
1529,Blue Mountain Arts
1530,Blume
1531,Bo Fowler
1532,Bo Hampton
1533,Bo Links
1534,Bo Niles
1535,Bo Whaley
1536,Bob
1537,Bob Barnes
1538,Bob Beckstrom
1539,Bob Burns
1540,Bob Carter
1541,Bob Davis
1542,Bob Dolman
1543,Bob Eggleton
1544,Bob Feldgus (Design)
1545,Bob Frissell
1546,Bob Golden
1547,Bob Greene
1548,Bob Herbstman
1549,Bob Keeshan
1550,Bob Krogle
1551,Bob Larson
1552,Bob Leuci
1553,Bob Levis
1554,Bob Nelson
1555,Bob Phillips
1556,Bob Puhala
1557,Bob Randall
1558,Bob Roper
1559,Bob Rosner
1560,Bob Schieffer
1561,Bob Shacochis
1562,Bob Sjogren
1563,Bob Smith
1564,Bob Thiele
1565,Bob Tore
1566,Bob Uecker
1567,Bob Woodward
1568,Bobbie Ann Mason
1569,Bobbie Hinman
1570,Bobbie Kalman
1571,Bobby Hutchinson
1572,Bober R
1573,Bodie Thoene
1574,Bonamy Dobrï¿1/2E
1575,Bonnie Altenhein
1576,Bonnie Angelo
1577,Bonnie Bluh
1578,Bonnie Bryant
1579,Bonnie Burnard
1580,Bonnie Duran
1581,Bonnie Gabriel
1582,Bonnie Hamre
1583,Bonnie K. Winn
1584,Bonnie Klomp Stevens
1585,Bonnie Macdougal
1586,Bonnie Napoli
1587,Bonnie Sharpe
1588,Bonnie Shields
1589,Bonnie Timmons
1590,Bonnie Tucker
1591,Boo King
1592,Boom Corrie Ten
1593,Booth Tarkington
1594,Borin Van Loon
1595,Boris Cyrulnik
1596,Boris Pasternak
1597,Boris Starling
1598,Boris Strugatzki
1599,Boris Vallejo
1600,Boris Vian
1601,Boston T. Party
1602,Boston Teran
1603,Botho Strauß
1604,Boyd Newman
1605,Boze Hadleigh
1606,Brad Densmore
1607,Brad Dimock
1608,Brad Ferguson
1609,Brad Gooch
1610,Brad Meltzer
1611,Brad Newsham
1612,Brad Steiger
1613,Brad Thor
1614,Bradford Telford
1615,Bradley P Warshauer
1616,Bradley P. Warshauer
1617,Bradley Smith
1618,Bradley Trevor Greive
1619,Brady
1620,Brady Udall
1621,Bram Stoker
1622,Brandon
1623,Brashear
1624,Braun Lilian Jackson
1625,Brauna E. Pouns
1626,Breena Clarke
1627,Brenda Brown
1628,Brenda Clark
1629,Brenda Clark (I
1630,Brenda D. Adderly
1631,Brenda Giuliano
1632,Brenda Jackson
1633,Brenda Joyce
1634,Brenda Maddox
1635,Brenda Mann
1636,Brenda Novak
1637,Brenda Peterson
1638,Brenda Spatt
1639,Brenda Wilkinson
1640,Brendan Dubois
1641,Brendan O'Carroll
1642,Brennan Manning
1643,Bret Easton Ellis
1644,Bret Lott
1645,Breton
1646,Brett Butler
1647,Brett Halliday
1648,Brett Helquist
1649,Brett Simon
1650,Brian
1651,Brian Aldiss
1652,Brian Bond
1653,Brian Buniak
1654,Brian Cole
1655,Brian Daley
1656,Brian Dolan
1657,Brian Doyle
1658,Brian Fawcett
1659,Brian Freemantle
1660,Brian Froud
1661,Brian Gallagher
1662,Brian Greene
1663,Brian Haig
1664,Brian Hall
1665,Brian Harper
1666,Brian Herbert
1667,Brian Heron
1668,Brian Hodge
1669,Brian Hollingsworth
1670,Brian Hooker
1671,Brian Jacques
1672,Brian Johnston
1673,Brian Kaufman
1674,Brian Keene
1675,Brian Kilcommons
1676,Brian L. Weiss
1677,Brian Lee
1678,Brian Lumley
1679,Brian M. Thomsen
1680,Brian Macarthur
1681,Brian Massumi
1682,Brian Masters
1683,Brian Moore
1684,Brian O'Leary
1685,Brian Price T
1686,Brian Priestly
1687,Brian Selznick
1688,Brian Sibley
1689,Brian Stewart
1690,Brian Tracy
1691,Brian Vallee
1692,Brian Vesey-Fitzgerald
1693,Brian W. Aldiss
1694,Brian Wildsmith
1695,Brian Wilson
1696,Brice Matthieussent
1697,Bridget Doherty
1698,Bridget Plass
1699,Bridgette Server
1700,Bright
1701,Brigitta Restorff
1702,Brigitte Aubert
1703,Brigitte Chabrol
1704,Brigitte Walitzek
1705,Brigitte Wolters
1706,Brindley Louise
1707,Brite
1708,Britta Herz
1709,Brittiany A. Koren
1710,Brock Cole
1711,Brock Thoene
1712,Bronwyn Jameson
1713,Bronwyn Williams
1714,Brooke Crutchley (Editor)
1715,Brooke Hastings
1716,Brooke Scudder
1717,Brooke Siler
1718,Brooke Stevens
1719,Brooke Zimmer
1720,Brooks Whitney
1721,Brother Andrew
1722,Brother Lawrence
1723,Brother Yun
1724,Browning
1725,Bruce Alexander
1726,Bruce B. Henderson
1727,Bruce Brooks
1728,Bruce Campbell
1729,Bruce Catton
1730,Bruce Chatwin
1731,Bruce Coville
1732,Bruce D. Arthurs
1733,Bruce Degan
1734,Bruce Ducker
1735,Bruce Fries
1736,Bruce Grant
1737,Bruce H. Edwards
1738,Bruce H. Wilkinson
1739,Bruce Jones
1740,Bruce K. Grant
1741,Bruce Kirkby
1742,Bruce Lancaster
1743,Bruce Lansky
1744,Bruce Larson
1745,Bruce Littlefield
1746,Bruce Mccall
1747,Bruce Mcmillan
1748,Bruce Narramore
1749,Bruce Nicolaysen
1750,Bruce Pandolfini
1751,Bruce Patterson
1752,Bruce Patton
1753,Bruce Porter
1754,Bruce R. Olson
1755,Bruce Reichenbach
1756,Bruce Ritter
1757,Bruce Robinson
1758,Bruce Sterling
1759,Bruce Sundquist
1760,Bruce W. Hozeski
1761,Bruce Wilkinson
1762,Bruce Woods
1763,Bruno Latour
1764,Bruno Lucchesi
1765,Bruno Maddox
1766,Bruno Martin
1767,Bryan
1768,Bryan Appleyard
1769,Bryan Cholfin
1770,Bryan Dray
1771,Bryan Forbes
1772,Bryan Fosten
1773,Bryan Sykes
1774,Bryce Courtenay
1775,Bryce Marshall
1776,Bryn C. Collins
1777,Bstan-Dzin-Rgya-Mtsho
1778,Bud Gardner
1779,Bud Macfarlane Jr.
1780,Buddy Martin
1781,Buechner
1782,Bunkie Lynn
1783,Bunty Howearth
1784,Burkhart Kroeber
1785,Burstein
1786,Burt Hirschfeld
1787,Burton B. Turkus
1788,Burton Raffel
1789,Burton White
1790,Butch Guice
1791,Buzz Aldrin
1792,Byron Preiss
1793,Béatrice Durand
1794,C
1795,C S Lewis
1796,C. A. Stephens
1797,C. Akiyama
1798,C. B. Andersen
1799,C. Berlitz
1800,C. Bernard Ruffin
1801,C. C. Medina
1802,C. Colston Burrell
1803,C. Dean Andersson
1804,C. E. Pouerman
1805,C. E. Poverman
1806,C. F. Macintyre
1807,C. F. Payne
1808,C. J. Box
1809,C. J. Carmichael
1810,C. J. Cherryh
1811,C. K. Stead
1812,C. Kalia Westerman
1813,C. M. Kornbluth
1814,C. M. Woodhouse
1815,C. Peterson
1816,C. S Lewis
1817,C. S. Forester
1818,C. S. Lewis
1819,C. W. Metcalf
1820,C. Whitefeather Daniels
1821,C.David Heymann
1822,C.E. Crimmins
1823,C.G. Jung
1824,C.J. Anders
1825,C.J. Beck
1826,C.J. Carella
1827,C.J. Mcknight
1828,C.K. Stead
1829,C.S. Friedman
1830,C.S. Lewis
1831,Caeia March
1832,Caela Farren
1833,Caesar Rymarowicz
1834,Cafi Cohen
1835,Caiseal Mor
1836,Cait London
1837,Caitlin Matthews
1838,Caitlin R. Kiernan
1839,Cal Thomas
1840,Caleb Carr
1841,Calvin Miller
1842,Calvin S. B
1843,Calvin S. Hall
1844,Calvin Tomkins
1845,Calvin Trillin
1846,Camara Laye
1847,Cameron Abbott
1848,Cameron Dokey
1849,Cameron Hawley
1850,Cameron Judd
1851,Cameron Tuttle
1852,Cameron West
1853,Camilla T. Crespi
1854,Camille Cauti
1855,Camille Geraldi
1856,Camille Laurens
1857,Camille Minichino
1858,Camille Paglia
1859,Camilo Jose Cela
1860,Campbell
1861,Campbell Soup Company
1862,Candace Bahouth
1863,Candace Bushnell
1864,Candace Camp
1865,Candace Gingrich
1866,Candace Ord Manroe
1867,Candice Bergen
1868,Candice F. Ransom
1869,Candice Proctor
1870,Candida Fraze
1871,Candy Dawson Boyd
1872,Car
1873,Cara Black
1874,Cara Saylor Polk
1875,Cara Wilson
1876,Carellin Brooks
1877,Caren Lissner
1878,Carey
1879,Carin Rafferty
1880,Carina Klein
1881,Carina Von Enzenberg
1882,Carl
1883,Carl Amery
1884,Carl Bernstein
1885,Carl Deuker
1886,Carl Djerassi
1887,Carl E Bain
1888,Carl Friedrich Von Weizsäcker
1889,Carl G. Jung
1890,Carl Hausman
1891,Carl Hiaasen
1892,Carl Jensen
1893,Carl Lombard
1894,Carl Norac
1895,Carl Payne Tobey
1896,Carl R. Rogers
1897,Carl Sagan
1898,Carl Sargent
1899,Carl Seelig
1900,Carl Stiner
1901,Carl Von Clausewitz
1902,Carl Weissner
1903,Carla Cook
1904,Carla Damron
1905,Carla Dijs
1906,Carla Jablonski
1907,Carla Neggers
1908,Carla Norton
1909,Carla Stevens
1910,Carla Wills-Brandon
1911,Carlene Thompson
1912,Carlo A. Michelini
1913,Carlo D'Este
1914,Carlo Fruttero
1915,Carlos Castaneda
1916,Carlos Casteneda
1917,Carlos Castillo
1918,Carlos Collodi
1919,Carlos De Abreu
1920,Carlos Fuentes
1921,Carlos Ruiz Zafon
1922,Carlos Valles
1923,Carlson
1924,Carlton Smith
1925,Carly Bishop
1926,Carly Phillips
1927,Carmen Carter
1928,Carmen Posadas
1929,Carmen Renee Ber
1930,Carmen Renee Berry
1931,Caro
1932,Carol
1933,Carol Adrienne
1934,Carol Akiyama
1935,Carol Ann Duffy
1936,Carol Ann Lee
1937,Carol Anne O'Marie
1938,Carol Anshaw
1939,Carol Beckwith
1940,Carol Bly
1941,Carol Bowman
1942,Carol Brown Janeway
1943,Carol Burris
1944,Carol Cartaino
1945,Carol Cirulli Lanham
1946,Carol Copple
1947,Carol Devine Carson
1948,Carol Drinkwater
1949,Carol Ellis
1950,Carol Emshwiller
1951,Carol Fenner
1952,Carol Frieberg
1953,Carol Gardner
1954,Carol Gilligan
1955,Carol Gino
1956,Carol Goodman
1957,Carol Grace
1958,Carol Greene
1959,Carol Guess
1960,Carol H. Munter
1961,Carol Hart
1962,Carol Henderson
1963,Carol Higgins Clark
1964,Carol Highsmith
1965,Carol Hill
1966,Carol Himsel Daly
1967,Carol Hymowitz
1968,Carol J. Farley
1969,Carol K. Mack
1970,Carol Keeffe
1971,Carol Kruckeberg
1972,Carol M. Allen
1973,Carol Matas
1974,Carol Matthews
1975,Carol Mcd. Wallace
1976,Carol Muske-Dukes
1977,Carol Norris
1978,Carol North
1979,Carol O'Connell
1980,Carol Off
1981,Carol Pulin
1982,Carol Ryrie Brink
1983,Carol Saline
1984,Carol Shields
1985,Carol Smith
1986,Carol Sonenklar
1987,Carol Thompson
1988,Carol Travilla
1989,Carol Umberger
1990,Carol Wallace
1991,Carola Salisbury
1992,Carole Bellacera
1993,Carole Berry
1994,Carole Bloom
1995,Carole C. Carlson
1996,Carole Halston
1997,Carole Honeychurch
1998,Carole Howey
1999,Carole Klein
2000,Carole L. Glickfeld
2001,Carole Lewis
2002,Carole Matthews
2003,Carole Mortimer
2004,Carole Nelson Douglas
2005,Carole Thomerson
2006,Carole Wilbourn
2007,Carolee Brockman
2008,Carolina Maria De Jesus
2009,Caroline B Cooney
2010,Caroline B. Cooney
2011,Caroline Burnes
2012,Caroline Cross
2013,Caroline Einhäupl
2014,Caroline G. Mercer
2015,Caroline Gordon
2016,Caroline Graham
2017,Caroline Hamilton
2018,Caroline Harvey
2019,Caroline Hebard
2020,Caroline Hwang
2021,Caroline Knapp
2022,Caroline Leavitt
2023,Caroline Liou
2024,Caroline Macdonald
2025,Caroline Myss
2026,Caroline Naifeh
2027,Caroline Rivolier
2028,Caroline Roe
2029,Caroline Schrodes
2030,Caroline Sharp
2031,Caroline Spector
2032,Caroline Sutton
2033,Carolly Erickson
2034,Carolyn Bucha
2035,Carolyn Chute
2036,Carolyn Clowes
2037,Carolyn Coman
2038,Carolyn Davidson
2039,Carolyn Ewing
2040,Carolyn G. Hart
2041,Carolyn G. Heilbrun
2042,Carolyn Greene
2043,Carolyn Hart
2044,Carolyn Hougan
2045,Carolyn J. Margolis
2046,Carolyn Keene
2047,Carolyn Mackler
2048,Carolyn Mcvickar Edwards
2049,Carolyn Meyer
2050,Carolyn Parkhurst
2051,Carolyn Porter
2052,Carolyn See
2053,Carolyn Wheat
2054,Carolyn Wyman
2055,Carolyn Zane
2056,Carolyne Aarsen
2057,Carr Clifton
2058,Carri Garrison
2059,Carrie A. Bebris
2060,Carrie Alexander
2061,Carrie Fisher
2062,Carrie Floyd
2063,Carrie Weaver
2064,Carroll
2065,Carroll Ferguson Hunt
2066,Carroll O'Connor
2067,Carson Mccullers
2068,Carter
2069,Carter Brown
2070,Cary F. Baynes
2071,Cary O. Yager
2072,Cary Wolinsky
2073,Caryl Phillips
2074,Caryle Hirshberg
2075,Casey Claybourne
2076,Casey Hampton
2077,Casey Makela
2078,Cassandra King
2079,Cassie Edwards
2080,Cate Tiernan
2081,Cathal Poirteir
2082,Catharina Day
2083,Catharine O'Neill
2084,Catharine Sutke
2085,Catherine A. Liszt
2086,Catherine Aird
2087,Catherine Anderson
2088,Catherine Archer
2089,Catherine Clark
2090,Catherine Clement
2091,Catherine Clinton
2092,Catherine Cookson
2093,Catherine Coulter
2094,Catherine Crier
2095,Catherine Crowe
2096,Catherine Daly-Weir
2097,Catherine De Hueck Doherty
2098,Catherine Gaskin
2099,Catherine George
2100,Catherine Gildiner
2101,Catherine Hart
2102,Catherine Hyde
2103,Catherine Jones
2104,Catherine Kidwell
2105,Catherine Knox
2106,Catherine Landis
2107,Catherine Lanigan
2108,Catherine Lim
2109,Catherine Mann
2110,Catherine Marshall
2111,Catherine Millet
2112,Catherine Mills
2113,Catherine Ryan Hyde
2114,Catherine Simmons Niven
2115,Catherine Spencer
2116,Catherine Walter
2117,Catherine Wells
2118,Catherine Whitney
2119,Cathi Hanauer
2120,Cathie Pelletier
2121,Cathleen Medwick
2122,Cathleen Miller
2123,Cathleen Schine
2124,Cathleen Toelke
2125,Catholic Church
2126,Cathy Ann Johnson
2127,Cathy Barash
2128,Cathy Cash Spellman
2129,Cathy Gillen Thacker
2130,Cathy Guisewite
2131,Cathy Hopkins
2132,Cathy Kelly
2133,Cathy Maxwell
2134,Cathy Song
2135,Cathy Thacker
2136,Cathy West
2137,Cathy Yardley
2138,Catullus
2139,Cay Rademacher
2140,Cay Van Ash
2141,Cecelia Ahern
2142,Cecil Adams
2143,Cecil Foster
2144,Cecile Pineda
2145,Cecilia Fitzsimons
2146,Cecilia Tan
2147,Cecily Von Ziegesar
2148,Cedric Read
2149,Cees Nooteboom
2150,Ceil Cleveland
2151,Celeste Bradley
2152,Celeste De Blasis
2153,Celeste Hamilton
2154,Celia Barker Lottridge
2155,Celia Brooks Brown
2156,Celia Fremlin
2157,Celia Rees
2158,Celia Rivenbark
2159,Celia Stendler Lavatelli
2160,Celina Spiegel
2161,Celine Bastian
2162,Chad Walsh
2163,Chaim Potok
2164,Champion/Jeanne
2165,Chandler S Robbins
2166,Chandler S. Robbins
2167,Chang Sheng-Tai
2168,Chang-Rae Lee
2169,Chari Sue
2170,Charlaine Harris
2171,Charlene Altem
2172,Charlene Sands
2173,Charlene Spretnak
2174,Charles
2175,Charles  Dickens
2176,Charles A. Eastman
2177,Charles A. Kroloff
2178,Charles A. Lindbergh
2179,Charles Archer
2180,Charles Barkley
2181,Charles Barry Townsend
2182,Charles Baudelaire
2183,Charles Baxter
2184,Charles Berlitz
2185,Charles Borkhuis
2186,Charles Bosworth Jr.
2187,Charles Bukowski
2188,Charles Busch
2189,Charles Caldwell Ryrie
2190,Charles Causely
2191,Charles D. Hayes
2192,Charles Darwin
2193,Charles De Lint
2194,Charles Dickens
2195,Charles Dickenson
2196,Charles Dickinson
2197,Charles E. Funk
2198,Charles E. Rosenberg
2199,Charles E. Silberman
2200,Charles E. Wilbour
2201,Charles Frazier
2202,Charles Frederick Main
2203,Charles G. Waugh
2204,Charles Grant
2205,Charles H. Buck
2206,Charles H. Goren
2207,Charles H. Patterson
2208,Charles Harrington Elster
2209,Charles Hemming
2210,Charles Hickey
2211,Charles Higham
2212,Charles Higson
2213,Charles Hunter
2214,Charles Ingrid
2215,Charles J.
2216,Charles J. Keating
2217,Charles J. Sykes
2218,Charles Johnson
2219,Charles Juliet
2220,Charles King
2221,Charles Kingsley
2222,Charles Knief
2223,Charles Kuralt
2224,Charles L Squire
2225,Charles L. Calia
2226,Charles L. Grant
2227,Charles L. Whitfield M.D.
2228,Charles Lamb
2229,Charles Leerhsen
2230,Charles Lewis
2231,Charles Lilly
2232,Charles M. Schulz
2233,Charles M. Sheldon
2234,Charles M. Tatum
2235,Charles Mackay
2236,Charles Merrill Smith
2237,Charles Mignon
2238,Charles Mikolaycak
2239,Charles Noland
2240,Charles Osborne
2241,Charles Osgood
2242,Charles P. Curtis Jr.
2243,Charles Palliser
2244,Charles Perkins
2245,Charles Platt
2246,Charles Portis
2247,Charles Powers
2248,Charles Purdy
2249,Charles R Swindoll
2250,Charles R. Anderson
2251,Charles R. Swindoll
2252,Charles Reichblum
2253,Charles S. Carver
2254,Charles S. Dane
2255,Charles Schwab
2256,Charles Shaw
2257,Charles Sheffield
2258,Charles Spencer
2259,Charles Sullivan
2260,Charles Swindall
2261,Charles T. Brusaw
2262,Charles Tang
2263,Charles Thornbury
2264,Charles Todd
2265,Charles Tomlinson
2266,Charles Vess
2267,Charles Vess (Illustrator)
2268,Charles W. Schwartz
2269,Charles W. Sweeney
2270,Charles Waugh
2271,Charles Webb
2272,Charles Wheelan
2273,Charles Willeford
2274,Charles Williams
2275,Charlie Smith
2276,Charlotte
2277,Charlotte A. Alexander
2278,Charlotte Agell
2279,Charlotte Bingham
2280,Charlotte Breuer
2281,Charlotte Bronte
2282,Charlotte Brontë
2283,Charlotte Brontï¿1/2
2284,Charlotte Douglas
2285,Charlotte Eckert
2286,Charlotte Elkins
2287,Charlotte Hughes
2288,Charlotte J. Beck
2289,Charlotte Kasl
2290,Charlotte Link
2291,Charlotte Maclay
2292,Charlotte Macleod
2293,Charlotte Mitchell
2294,Charlotte Perkins Gilman
2295,Charlotte Russell Johnson
2296,Charlotte Sanford
2297,Charlotte Vale Allen
2298,Charlotte Zolotow
2299,Chas Griffin
2300,Chassie West
2301,Chastity Bono
2302,Chatelaine
2303,Chaz Corzine
2304,Checkerboard Press
2305,Chelsea Quinn Yarbro
2306,Cheri Fuller
2307,Cheri Huber
2308,Cherie Bennett
2309,Cherie Carter-Scott
2310,Cherie Carter-Smith
2311,Cherouke Ronkes Age
2312,Cherrie Moraga
2313,Cherry Adair
2314,Cheryl Ann Costa
2315,Cheryl Benard
2316,Cheryl Forbes
2317,Cheryl Gochnauer
2318,Cheryl Gross
2319,Cheryl Landon
2320,Cheryl Mendelson
2321,Cheryl Peck
2322,Cheryl Richardson
2323,Cheryl Rilly
2324,Cheryl Smith
2325,Cheryl St. John
2326,Cheryle B. Torsney
2327,Chet Ensign
2328,Chet Williamson
2329,Chevys Inc Staff
2330,Chi Li
2331,Chiang Yee
2332,Chicago Editorial Staff
2333,Chico Buarque
2334,Chiflet
2335,Chikako Noma
2336,Children'S Classics
2337,Children'S Dover Thrift
2338,Chin-Ning Chu
2339,China Mieville
2340,Chinua Achebe
2341,Chip Kidd
2342,Chip Lovitt
2343,Chip Silverman
2344,Chitra Banerjee Divakaruni
2345,Chitra Divakaruni
2346,Choderlos De Laclos
2347,Chogyam Trungpa
2348,Chonda Pierce
2349,Chr
2350,Chretien (Translated By W. W.Comfort) Detroyes
2351,Chris  Van Allsburg
2352,Chris Adrian
2353,Chris Anderson
2354,Chris Anne Wolfe
2355,Chris Bohjalian
2356,Chris Bull
2357,Chris C. Fisher
2358,Chris Carter
2359,Chris Claremont
2360,Chris Collier
2361,Chris Economos
2362,Chris Fabry
2363,Chris Fisher
2364,Chris Goodrich
2365,Chris Hare
2366,Chris Hedges
2367,Chris Kalb
2368,Chris Kenry
2369,Chris Kitch
2370,Chris Kreski
2371,Chris Lynch
2372,Chris Maynard
2373,Chris Rankin
2374,Chris Rock
2375,Chris Rowthorn
2376,Chris Schnabel
2377,Chris Sorensen
2378,Chris Spink
2379,Chris Van Allsburg
2380,Chris Ware
2381,Chris Wold Dyrud
2382,Chris Wooding
2383,Christa Krüger
2384,Christa Merlin
2385,Christa Wichterich
2386,Christa Wolf
2387,Christa Worthington
2388,Christel Gersch
2389,Christel Hildebrandt
2390,Christel Rost
2391,Christel Wiemken
2392,Christian Bauman
2393,Christian Bobin
2394,Christian De La Huerta
2395,Christian Gauss
2396,Christian Jacq
2397,Christian Spiel
2398,Christiane Heggan
2399,Christiane Northrup M.D.
2400,Christianna Brand
2401,Christie
2402,Christie Golden
2403,Christie Ridgway
2404,Christin Lore Weber
2405,Christin Rickley
2406,Christina Baker Kline
2407,Christina Bartolomeo
2408,Christina Buchmann
2409,Christina Dodd
2410,Christina Fitzpatrick
2411,Christina Henry De Tes
2412,Christina Hoff-Sommers
2413,Christina Kingston
2414,Christina Lamb
2415,Christina M. Anello
2416,Christina Pribicevic-Zoric
2417,Christina Schwarz
2418,Christina Scott-Moncrieff
2419,Christina Scull
2420,Christina Skye
2421,Christina Viragh
2422,Christine Angot
2423,Christine Breen
2424,Christine Feehan
2425,Christine Filipak
2426,Christine Flynn
2427,Christine Green
2428,Christine Herman Merrill
2429,Christine Kump-Tibbits
2430,Christine Le Boeuf
2431,Christine Lynxwil
2432,Christine Mcguire
2433,Christine Niven
2434,Christine Nöstlinger
2435,Christine O' Keeffe Lafser
2436,Christine Obbo
2437,Christine Padesky
2438,Christine Pullein-Thompson
2439,Christine Rimmer
2440,Christine Stemmermann
2441,Christine Tripp
2442,Christine Westermann
2443,Christine Wiltz
2444,Christmas Humphreys
2445,Christobel Kent
2446,Christop
2447,Christoper Plummer
2448,Christoph Drösser
2449,Christoph Göhler
2450,Christoph Hahn
2451,Christoph Hein
2452,Christoph Lees
2453,Christoph Neumann
2454,Christoph Ransmayr
2455,Christoph Tr
2456,Christophe André
2457,Christopher
2458,Christopher A. Weidner
2459,Christopher Awdry
2460,Christopher B. Rowley
2461,Christopher Bates
2462,Christopher Bigsby
2463,Christopher D. Hudson
2464,Christopher Darden
2465,Christopher Davis
2466,Christopher De Vinck
2467,Christopher Dolley
2468,Christopher Down
2469,Christopher Drew
2470,Christopher Finch
2471,Christopher Fowler
2472,Christopher Frayling
2473,Christopher G. Moore
2474,Christopher Golden
2475,Christopher Greimes
2476,Christopher Hammond
2477,Christopher Hart
2478,Christopher Hyde
2479,Christopher Isherwood
2480,Christopher J. Cramer
2481,Christopher Kendris
2482,Christopher M. Byron
2483,Christopher Maurer
2484,Christopher Mcgowan
2485,Christopher Moore
2486,Christopher Morley
2487,Christopher O'Brien
2488,Christopher Omartian
2489,Christopher Paolini
2490,Christopher Paul Curtis
2491,Christopher Phillips
2492,Christopher Pike
2493,Christopher Priest
2494,Christopher Reeve
2495,Christopher Reich
2496,Christopher Rice
2497,Christopher Ricks
2498,Christopher Roden
2499,Christopher Rowley
2500,Christopher Russo
2501,Christopher S. Hyatt
2502,Christopher Stasheff
2503,Christopher Stuart-Clark
2504,Christopher Sykes
2505,Christopher Tolkien
2506,Christopher Wallace
2507,Christopher Wright
2508,Christos Kondeatis
2509,Christy Campbell
2510,Chuck
2511,Chuck Barris
2512,Chuck Hill
2513,Chuck Logan
2514,Chuck Morton
2515,Chuck Palahniuk
2516,Chuck Scarborough
2517,Chuck Shepherd
2518,Chuck Slack
2519,Chuck Smith
2520,Chuck Wil
2521,Chuck Williams
2522,Chuck Yeager
2523,Chungliang Al Huang
2524,Cicely Mary Barker
2525,Cinammon Burke
2526,Cindy
2527,Cindy Bonner
2528,Cindy Champnella
2529,Cindy Christianson
2530,Cindy Engel
2531,Cindy Gerard
2532,Cindy Harris
2533,Cindy Holbrook
2534,Cindy Holby
2535,Cindy Kitchel
2536,Cindy Ribarich
2537,Cindy Ross
2538,Cindy Stone
2539,Cindy Walker
2540,Cindy West
2541,Clai
2542,Clair Alan Brown
2543,Claire Berlinski
2544,Claire Cloninger
2545,Claire Cook
2546,Claire Daniels
2547,Claire Davis
2548,Claire Delacroix
2549,Claire Etcherelli
2550,Claire Folkard
2551,Claire Ford
2552,Claire Foshee
2553,Claire Hoy
2554,Claire Le Grand
2555,Claire Malignon
2556,Claire Maria Ford
2557,Claire Messud
2558,Claire Rudolf Murphy
2559,Claire Tomalin
2560,Clamp
2561,Clara B. Miller
2562,Clara Claiborne Park
2563,Clara Drechsler
2564,Clara Pierre
2565,Clare Bell
2566,Clare Boylan
2567,Clare Curzon
2568,Clare De Vries
2569,Clare Maxwell-Hudson
2570,Clare Naylor
2571,Clarence H.
2572,Clarissa Pinkola Estes
2573,Clarissa Pinkola Estés
2574,Clarissa Ross
2575,Clark
2576,Clark Blaise
2577,Clark Walter Van Tilburg
2578,Clarke
2579,Claro
2580,Claude Brown
2581,Claude Couffon
2582,Claude Croisetière
2583,Claude K. Dubois
2584,Claude Lanzmann
2585,Claude Mckay
2586,Claudia Arp
2587,Claudia Bishop
2588,Claudia Dain
2589,Claudia Feldmann
2590,Claudia Holzförster
2591,Claudia Jones
2592,Claudia Kalscheuer
2593,Claudia Keller
2594,Claudia L. Johnson
2595,Claudia O'Keefe
2596,Claudia Pattison
2597,Claudia Shear
2598,Claudia Von Zglinicki
2599,Claudio Paglieri
2600,Clay Perry
2601,Clay Reynolds
2602,Clayborne Carson
2603,Clayton Matthews
2604,Clea Koff
2605,Clement
2606,Clement C. Moore
2607,Clement Eaton
2608,Clement Hurd
2609,Cleo Coyle
2610,Cleveland Amory
2611,Cliff Nielsen
2612,Clifford A. Pickover
2613,Clifford D. Simak
2614,Clifford E. Trafzer
2615,Clifford Irving
2616,Clifford N. Lazarus
2617,Clifford Stoll
2618,Clint Bond
2619,Clive
2620,Clive Barda
2621,Clive Barker
2622,Clive Coote
2623,Clive Cussler
2624,Clive Egleton
2625,Clive James
2626,Clive Powell-Williams
2627,Clyde Edgerton
2628,Co.
2629,Coerte V. W. Felske
2630,Cokie Roberts
2631,Cole
2632,Cole Perriman
2633,Coleman Barks
2634,Coletta Bürling
2635,Colette
2636,Colette Dowling
2637,Colette Inez
2638,Colette Whitaker
2639,Colin Bateman
2640,Colin Dann
2641,Colin Dexter
2642,Colin Eisler
2643,Colin Fletcher
2644,Colin Forbes
2645,Colin Harrison
2646,Colin Higgins
2647,Colin King
2648,Colin Larkin
2649,Colin Mcenroe
2650,Colin Powell
2651,Colin Spencer
2652,Colin Stinton (Narrator)
2653,Colin Swash
2654,Colin Turnbull
2655,Colin White
2656,Colin Wilson
2657,Collectif
2658,Collee
2659,Colleen Bresse
2660,Colleen Dora
2661,Colleen L. Reece
2662,Colleen Mccullough
2663,Colleen O'Shaughnessy Mckenna
2664,Colm Toibin
2665,Colman
2666,Colonel David H. Hackworth
2667,Colson Whitehead
2668,Colum Mccann
2669,Conari Press
2670,Connie Bennett
2671,Connie Briscoe
2672,Connie Brockway
2673,Connie Fedderson
2674,Connie Fletcher
2675,Connie Flynn
2676,Connie Grigsby
2677,Connie Lane
2678,Connie Lightner
2679,Connie Mason
2680,Connie May Fowler
2681,Connie Neal
2682,Connie Porter
2683,Connie Willis
2684,Conor Cruise O'Brien
2685,Conrad Allen
2686,Conrad Black
2687,Conrad Richter
2688,Constance Allen
2689,Constance Garnett
2690,Constance Hale
2691,Constance Urdang
2692,Consuelo Saah Baehr
2693,Consumer Guide Editors
2694,Consumer Reports Books
2695,Cooper
2696,Cooper Haroldold Langford
2697,Copyr
2698,Cora Stephan
2699,Cordula Swoboda Herzog
2700,Corey Sandler
2701,Corina Tettinger
2702,Corinna Belz
2703,Corinne Gerson
2704,Corinne T. Netzer
2705,Corliss Lamont
2706,Cormac Mccarthy
2707,Corneille
2708,Cornel West
2709,Cornelia Funke
2710,Cornelius Van Wright
2711,Cornell Woolrich
2712,Cornwell Patricia
2713,Corrie Ten Boom
2714,Cortney Davis
2715,Cory Doctorow
2716,Cosima Wagner
2717,Coughlin
2718,Courtland L. Bovee
2719,Courtlandt Dixon Barnes Bryan
2720,Courtney Cooke
2721,Courtney Davis
2722,Covert Bailey
2723,Crabbe Evers
2724,Craig Boldman
2725,Craig Buck
2726,Craig Claiborne
2727,Craig Hillman
2728,Craig Holden
2729,Craig Joseph Danner
2730,Craig Junjulas
2731,Craig Lagory
2732,Craig Mccracken
2733,Craig Nova
2734,Craig Pearce
2735,Craig Shaw Gardner
2736,Craig Smith
2737,Craig Spector
2738,Craig Thomas
2739,Crawford Kilian
2740,Creative Publishing International
2741,Crescent Dragonwagon
2742,Crider
2743,Cristina Garcia
2744,Cristopher Stasheff
2745,Criswell Freeman
2746,Crockett Johnson
2747,Crosland Brown
2748,Crystal Green
2749,Culinary Institute Of America
2750,Curl
2751,Curt Gentry
2752,Curt Sanburn
2753,Curtis Cate
2754,Curtis Taylor
2755,Curtiss Ann Matlock
2756,Cybill Shepherd
2757,Cyd Moore
2758,Cyndy Salzmann
2759,Cyndy Szekeres
2760,Cynthia Alvarez
2761,Cynthia Blair
2762,Cynthia Borris
2763,Cynthia D. Grant
2764,Cynthia Flood
2765,Cynthia Freeman
2766,Cynthia Grant
2767,Cynthia Griffin Wolff
2768,Cynthia Harrod-Eagles
2769,Cynthia Hartwick
2770,Cynthia Heald
2771,Cynthia Heimel
2772,Cynthia Holzapfel
2773,Cynthia Kadohata
2774,Cynthia L. Copeland
2775,Cynthia Macgregor
2776,Cynthia Manson
2777,Cynthia Nofziger
2778,Cynthia Ozick
2779,Cynthia Richmond
2780,Cynthia Rowland Mcclure
2781,Cynthia Rutledge
2782,Cynthia Tobias
2783,Cynthia Voigt
2784,Cynthia Wright
2785,Cyrano De Words-U-Lac
2786,Cyril Collard
2787,Cyril Connelly
2788,Cyril Hare
2789,Cyril Wecht
2790,Cyrus Cassells
2791,Czeslaw Milosz
2792,D E Hussey
2793,D H Lawrence
2794,D M Thomas
2795,D. A. Benton
2796,D. B. C. Pierre
2797,D. C. Brod
2798,D. C. R. A.
2799,D. C. R. A. Goonetilleke
2800,D. Chiel
2801,D. Craig
2802,D. E. Harding
2803,D. E. Rogers
2804,D. G. A. Whitten
2805,D. Griffith
2806,D. H. Lawrence
2807,D. J. Arneson
2808,D. J. Brown
2809,D. J. Donaldson
2810,D. M. Thomas
2811,D. Osmond
2812,D. S. Hutchinson
2813,D. V. Glass
2814,D. W. Buffa
2815,D. W. Harding
2816,D.C. Fontana
2817,D.D.
2818,D.F. Shriver
2819,D.G.
2820,D.G. Hessayon
2821,D.H. Lawrence
2822,D.J. Machale
2823,D.R. Schanker
2824,D.W. Buffa
2825,Dafydd Ab Hugh
2826,Dagmar Ploetz
2827,Dagmar Roth
2828,Dagoberto Gilb
2829,Dahl Taylor
2830,Dahlia Lithwick
2831,Dai Sijie
2832,Daisetz T. Suzuki
2833,Dakota Hamilton
2834,Dalai Lama
2835,Dalai Lama Xiv
2836,Dale Bailey
2837,Dale Banks
2838,Dale Brown
2839,Dale Carnegie
2840,Dale Furutani
2841,Dale Hull
2842,Dale L. Anderson
2843,Dallas Schulze
2844,Dallas Willard
2845,Dalton Trumbo
2846,Dalya Bilu
2847,Dame Darcy
2848,Damien Simonis
2849,Dan 'Wingfoot' Bruce
2850,Dan Andreasen
2851,Dan B. Allender
2852,Dan Brown
2853,Dan Bruce
2854,Dan Burstein
2855,Dan Cashman
2856,Dan Cavicchio
2857,Dan Dye
2858,Dan Franck
2859,Dan G. Stone
2860,Dan Gardiner
2861,Dan Greenburg
2862,Dan H. Laurence
2863,Dan Harrison
2864,Dan Hurley
2865,Dan Kurzman
2866,Dan Levine
2867,Dan Mahoney
2868,Dan Millman
2869,Dan Papia
2870,Dan Parkinson
2871,Dan Pegoda
2872,Dan Peters
2873,Dan Peterson
2874,Dan Quayle
2875,Dan Rather
2876,Dan Savage
2877,Dan Simmons
2878,Dan Thornberg
2879,Dan Zevin
2880,Dana Facaros
2881,Dana Fuller Ross
2882,Dana Kramer-Rolls
2883,Dana Ransom
2884,Dana Reed
2885,Dana Reeve
2886,Dana Stabenow
2887,Dandi Daley Mackall
2888,Dane Saavedra
2889,Danelle Harmon
2890,Danelle Morton
2891,Danforth Prince
2892,Dani Shapiro
2893,Dani Sinclair
2894,Daniel Akst
2895,Daniel Altieri
2896,Daniel Amen
2897,Daniel Avram Richman
2898,Daniel B. Baker
2899,Daniel Baxter
2900,Daniel Butler
2901,Daniel C. Dennett
2902,Daniel Clowes
2903,Daniel Cohen
2904,Daniel D. Pearlman
2905,Daniel Defoe
2906,Daniel Drennan
2907,Daniel Dvorkin
2908,Daniel Easterman
2909,Daniel G. Amen
2910,Daniel Gerroll
2911,Daniel Glattauer
2912,Daniel Goleman
2913,Daniel Halpern
2914,Daniel Handler
2915,Daniel Harris
2916,Daniel Hart
2917,Daniel Hecht
2918,Daniel Hood
2919,Daniel J. Boorstin
2920,Daniel J. Hochstatter
2921,Daniel James
2922,Daniel Jonah Goldhagen
2923,Daniel Jones
2924,Daniel Keyes
2925,Daniel Klein
2926,Daniel L. Schacter
2927,Daniel Lenihan
2928,Daniel Leuwers
2929,Daniel Manus Pinkwater
2930,Daniel Mason
2931,Daniel Mcneill
2932,Daniel Menaker
2933,Daniel Mesguich
2934,Daniel Oran
2935,Daniel Pennac
2936,Daniel Pink
2937,Daniel Pinkwater
2938,Daniel Quinn
2939,Daniel Robinson
2940,Daniel Seltzer
2941,Daniel Shealy
2942,Daniel Silva
2943,Daniel T. Jones
2944,Daniel W. Patterson
2945,Daniel Wallace
2946,Daniel Yergin
2947,Daniela E. Schreier
2948,Daniela Huzly
2949,Daniella Carmi
2950,Daniella Chace
2951,Daniella Gioseffi
2952,Danielle Hill
2953,Danielle Steel
2954,Danielle Trent
2955,Danilo Kis
2956,Danièle Roth
2957,Danièle Valin
2958,Dann Hazel
2959,Danny Biederman
2960,Danny Brooks Dalby
2961,Danny Fields
2962,Dante Alighieri
2963,Danzy Senna
2964,Dao Strom
2965,Daoma Winston
2966,Daphne Du Maurier
2967,Daphne Gottlieb
2968,Daphne Patai
2969,Daphne Phelps
2970,Daphne Rose Kingma
2971,Daphne Woodward
2972,Dara Joy
2973,Darby Conley
2974,Darcey Steinke
2975,Darcy
2976,Darcy Frey
2977,Darian North
2978,Darien B. Cooper
2979,Darien Cooper
2980,Darin Strauss
2981,Darlene Gardner
2982,Darlene Graham
2983,Darlene Marie Wilkinson
2984,Darlene Scalera
2985,Darlene Wilkinson
2986,Darrell K. Sweet
2987,Darrell Scott
2988,Darren Aronofsky
2989,Darren Mcgavin
2990,Darren Star
2991,Darryl London
2992,Darryl Pinckney
2993,Darryl Reanney
2994,Darwin Porter
2995,Dashiell Hammett
2996,Dav Pilkey
2997,Dava Sobel
2998,Dave Allan
2999,Dave Anderson
3000,Dave Barry
3001,Dave Bowler
3002,Dave Davidson
3003,Dave Davies
3004,Dave Dravecky
3005,Dave Duncan
3006,Dave Eggers
3007,Dave Galanter
3008,Dave Hoekstra
3009,Dave Longaberger
3010,Dave Marinaccio
3011,Dave Marsh
3012,Dave Mckean
3013,Dave Pelzer
3014,Dave Ramsey
3015,Dave Smeds
3016,Dave Stern
3017,Dave Thompson
3018,Dave Wolverton
3019,David
3020,David A Dewitt
3021,David A. Adler
3022,David A. Redding
3023,David A. Van Meter
3024,David Ackroyd
3025,David Adams Richards
3026,David Allen Hulse
3027,David Almond
3028,David Ambrose
3029,David Amsden
3030,David Anson Russo
3031,David Arnason
3032,David Attenborough
3033,David August
3034,David B. Feinberg
3035,David Baldacci
3036,David Bennet
3037,David Bergantino
3038,David Bevington
3039,David Birney
3040,David Bischoff
3041,David Borgenicht
3042,David Bradley
3043,David Breashears
3044,David Brin
3045,David Brooks
3046,David Budbill
3047,David Buerge
3048,David Burn
3049,David Burner
3050,David Calder
3051,David Carkeet
3052,David Carpenter
3053,David Chase
3054,David Chilton
3055,David Chong
3056,David Clement-Davies
3057,David Co
3058,David Cohen
3059,David Colbert
3060,David Congalton
3061,David Conway
3062,David Copperfield
3063,David Cordingly
3064,David Crombie
3065,David Cunningham
3066,David Currie
3067,David D. Burns
3068,David Daiches
3069,David Dalton
3070,David Daniel
3071,David Davidar
3072,David Delman
3073,David Diamond
3074,David Drake
3075,David Dvorkin
3076,David E Fear
3077,David Eddings
3078,David Edmonds
3079,David Farland
3080,David Feldman
3081,David Fennario
3082,David Ferry
3083,David Finn
3084,David Fisher
3085,David Flanagan
3086,David Flannery
3087,David Floyd
3088,David Fontana
3089,David Foster Wallace
3090,David Freemantle
3091,David Frum
3092,David G. Hartwell
3093,David Gaadt
3094,David Galef
3095,David Galloway
3096,David Gamon
3097,David Gardner
3098,David Gates
3099,David Gemmell
3100,David Gerrold
3101,David Gilleece
3102,David Glusker
3103,David Gottlieb
3104,David Greene
3105,David Guterson
3106,David H. Maister
3107,David Hackett Fischer
3108,David Hagberg
3109,David Hajdu
3110,David Halberstam
3111,David Hampshire
3112,David Harrington
3113,David Hazard
3114,David Heflick
3115,David Helvarg
3116,David Herbert Donald
3117,David Hilbert
3118,David Hockney
3119,David Homel
3120,David Hooper
3121,David Hopkins
3122,David Huddle
3123,David Hume
3124,David Hunt
3125,David Hussey
3126,David Icke
3127,David Iglehart
3128,David Ignatius
3129,David Isaacs
3130,David J. Duncan
3131,David J. Lake
3132,David J. Pelzer
3133,David James Duncan
3134,David Jenkins
3135,David K Reynolds
3136,David Kirk
3137,David Kopp
3138,David Korr
3139,David L. Diles
3140,David L. Lindsey
3141,David Lambert
3142,David Larkin
3143,David Larochelle
3144,David Lavender
3145,David Layton
3146,David Leavitt
3147,David Lehman
3148,David Letterman
3149,David Levien
3150,David Lewis
3151,David Lindsey
3152,David Liss
3153,David Loades
3154,David Lodge
3155,David Loughery
3156,David Lowenherz
3157,David Lubar
3158,David M. Buss
3159,David M. Friedman
3160,David M. Gitlitz
3161,David M. Rorvik
3162,David Macaulay
3163,David Magarsha
3164,David Magarshack
3165,David Malouf
3166,David Marples
3167,David Martin
3168,David Mccallum
3169,David Mccullough
3170,David Mcduff
3171,David Mckain
3172,David Mecham
3173,David Milgrim
3174,David Milstead
3175,David Mitchell
3176,David Mondey
3177,David Morrell
3178,David Mostyn
3179,David Mullins
3180,David Mulroy
3181,David N. Weiss
3182,David Nevin
3183,David Norbrook
3184,David Ogilvy
3185,David Paige
3186,David Payne
3187,David Peat
3188,David Perry
3189,David Pesci
3190,David Petersen
3191,David Pickering
3192,David Poyer
3193,David Quammen
3194,David R. George Iii
3195,David R. Olson
3196,David R. Palmer
3197,David R. Wilkerson
3198,David Rakoff
3199,David Rees
3200,David Reynolds
3201,David Ritz
3202,David Robbins
3203,David Rosenfelt
3204,David S. Walls
3205,David Schickler
3206,David Schiller
3207,David Schulz
3208,David Schwartz
3209,David Scott Ka
3210,David Sedaris
3211,David Shannon
3212,David Sheff
3213,David Shibley
3214,David Shobin
3215,David Silva
3216,David Simon
3217,David Skilton
3218,David Slonim
3219,David Smith
3220,David Spencer
3221,David Starkey
3222,David Steinman
3223,David Stick
3224,David Storey
3225,David Suzuki
3226,David Tacey
3227,David Thompson
3228,David Thurlo
3229,David Ticoll
3230,David Trotter
3231,David Waddell
3232,David Wallechinsky
3233,David Wann
3234,David Watmough
3235,David Weber
3236,David Wells
3237,David West
3238,David Wharry
3239,David Whyte
3240,David Wiesner
3241,David Wilkerson
3242,David William Ross
3243,David Wiltse
3244,David Wimbish
3245,David Wingrove
3246,David Wong Louie
3247,David Wright
3248,David Zindell
3249,Davidson
3250,Dawn Atkins
3251,Dawn Chipman
3252,Dawn Miller
3253,Dawn Powell
3254,Dawn Stewardson
3255,Dawn Turner Trice
3256,Dawna Markova
3257,Dawna Walter
3258,Dawson
3259,Day
3260,Dayna Curry
3261,Dayna Dunbar
3262,Daz Rudkin
3263,Dbc Pierre
3264,Dean Devlin
3265,Dean Hughes
3266,Dean Koontz
3267,Dean Marney
3268,Dean Merrill
3269,Dean Ornish
3270,Dean R. Koontz
3271,Dean R. Spitzer Ph.D.
3272,Dean Wesley Smith
3273,Deana James
3274,Deanne Stillman
3275,Debbi Rawlins
3276,Debbie Dadey
3277,Debbie Ford
3278,Debbie Macomber
3279,Debbie Morris
3280,Debbie Patterson
3281,Debbie Raleigh
3282,Debbie Stoller
3283,Debbie Travis
3284,Debby Henwood
3285,Debby Jones
3286,Debi Gliori
3287,Deborah Adams
3288,Deborah Axe
3289,Deborah Bedford
3290,Deborah Camp
3291,Deborah Cartmell
3292,Deborah Chase
3293,Deborah Chester
3294,Deborah Chiel
3295,Deborah Christian
3296,Deborah Coates
3297,Deborah Copaken Kogan
3298,Deborah Crombie
3299,Deborah Curtis
3300,Deborah Davis
3301,Deborah Deutschman
3302,Deborah Donnelly
3303,Deborah E. Crombie
3304,Deborah E. Mcdowell
3305,Deborah Eisenberg
3306,Deborah Ford
3307,Deborah G. Felder
3308,Deborah Grandinetti
3309,Deborah Gray White
3310,Deborah Gregory
3311,Deborah Hautzig
3312,Deborah Hill
3313,Deborah Howe
3314,Deborah Kogan Ray
3315,Deborah L. Martin
3316,Deborah Laake
3317,Deborah Larsen
3318,Deborah Levy
3319,Deborah Martin
3320,Deborah Mcdowell
3321,Deborah Moggach
3322,Deborah Morgan
3323,Deborah Raney
3324,Deborah Savage
3325,Deborah Scott
3326,Deborah Simmons
3327,Deborah Smith
3328,Deborah Spungen
3329,Deborah Tannen
3330,Deborah Taylor-Hough
3331,Deborah Turner Harris
3332,Deborah Werksman
3333,Deborah Woodworth
3334,Debra Carroll
3335,Debra Dixon
3336,Debra Doyle
3337,Debra Ginsberg
3338,Debra K. Shatoff
3339,Debra Kang Dean
3340,Debra Kent
3341,Debra Lee Brown
3342,Debra Monk
3343,Debra Salonen
3344,Debra Webb
3345,Debrena Jackson Gandy
3346,Declan Kiberd
3347,Dee Boyles
3348,Dee Brestin
3349,Dee Brown
3350,Dee Stringfellow
3351,Dee Wells
3352,Dee-Ann Leblanc
3353,Deepak Chopra
3354,Deirdre Corey
3355,Deirdre Madden
3356,Deirdre O'Day
3357,Deirdre Purcell
3358,Delacroix
3359,Delano Ames
3360,Delia Ephron
3361,Delilah Ahrendt
3362,Delinsky
3363,Dell Publishing
3364,Dell Shannon
3365,Della Rowland
3366,Della Van Hise
3367,Delmas-Marty Mireill
3368,Deloras Scott
3369,Delores Fossen
3370,Delta Burke
3371,Demi Hitz
3372,Denham Sutcliffe
3373,Denis Diderot
3374,Denis Hamill
3375,Denis Johnson
3376,Denis Mack Smith
3377,Denis Pethebridge
3378,Denis Waitley
3379,Denise Austin
3380,Denise Bombardier
3381,Denise Brunkus
3382,Denise Caignon
3383,Denise Fields
3384,Denise Giardina
3385,Denise Hamilton
3386,Denise Hunter
3387,Denise Lardner Carmody
3388,Denise Linn
3389,Denise Mina
3390,Denise Swanson
3391,Denise Thomas
3392,Denise-P Cogny
3393,Dennis Boutsikaris
3394,Dennis Cooper
3395,Dennis Covington
3396,Dennis Danvers
3397,Dennis Feldman
3398,Dennis Franz
3399,Dennis Greenberger
3400,Dennis J. Bennett
3401,Dennis Kucinich
3402,Dennis L. Mckiernan
3403,Dennis Lee
3404,Dennis Lehane
3405,Dennis Miller
3406,Dennis Potter
3407,Dennis Rainey
3408,Dennis Wholey
3409,Dennis William Hauck
3410,Denny Sargent
3411,Denton
3412,Denys Cazet
3413,Derek Fell
3414,Derek Jacobi
3415,Derek Nelson
3416,Derek Wilson
3417,Deric Longden
3418,Dermot Bolger
3419,Derrick Niederman
3420,Dershowitz
3421,Des Machale
3422,Desiderius Erasmus
3423,Desmond Bagley
3424,Desmond Lee
3425,Desmond Morris
3426,Desmond Morton
3427,Desmond Tutu
3428,Detection Club
3429,Detlev Ullrich
3430,Deveraux
3431,Devra Newberger Speregen
3432,Devra Speregen
3433,Dewey Gram
3434,Dewitt Jones
3435,Dia Calhoun
3436,Diamond Studio
3437,Dian
3438,Dian Fossey
3439,Diana Abu-Jaber
3440,Diana Barron
3441,Diana Bryan
3442,Diana Culbertson
3443,Diana Diamond
3444,Diana G. Gallagher
3445,Diana Gabaldon
3446,Diana Hall
3447,Diana Hamilton
3448,Diana Hendry
3449,Diana L.
3450,Diana L. Paxson
3451,Diana Martin
3452,Diana Norman
3453,Diana Ossana
3454,Diana Palmer
3455,Diana Shaw
3456,Diana Silber
3457,Diana Souhami
3458,Diana Von Welanet
3459,Diana Wells
3460,Diana West
3461,Diana Winkfield
3462,Diana Wynne Jones
3463,Diane Ackerman
3464,Diane Bell
3465,Diane Bengson
3466,Diane Carey
3467,Diane Dillon
3468,Diane Diprima
3469,Diane Duane
3470,Diane Farr
3471,Diane Fitzgerald
3472,Diane Glancy
3473,Diane Haeger
3474,Diane Hammond
3475,Diane Hoh
3476,Diane Jessup
3477,Diane Johnson
3478,Diane M Komp
3479,Diane M Stortz
3480,Diane Martin
3481,Diane Mason
3482,Diane Mckinney-Whetstone
3483,Diane Meglin
3484,Diane Milliken
3485,Diane Mott Davidson
3486,Diane Muldrow
3487,Diane Noble
3488,Diane Pershing
3489,Diane Redfield Massie
3490,Diane Schoemperlen
3491,Diane Stevenson
3492,Diane Tidd
3493,Diane Wakoski
3494,Diane Wolkstein
3495,Diane Wood Middlebrook
3496,Diane Zak
3497,Diann Thornley
3498,Dianna Booher
3499,Dianne Castell
3500,Dianne Day
3501,Dianne Snyder
3502,Dick Bruna
3503,Dick Drew
3504,Dick Francis
3505,Dick Gringhuis
3506,Dick King-Smith
3507,Dick Lochte
3508,Dick Sutphen
3509,Dickens
3510,Didier Daeninckx
3511,Dieter Markert
3512,Dieter Wellershoff
3513,Dietrich Dörner
3514,Dietrich Schwanitz
3515,Dietrich Von Hildebrand
3516,Digby Fairweather
3517,Dik Browne
3518,Dimitrios Roussopoulos
3519,Dina Gray
3520,Dina Leonhardt Koehly
3521,Dina R. Jewell
3522,Dina Temple-Raston
3523,Dinah Birch
3524,Dinah Mack
3525,Dinah Mccall
3526,Dinka Mrkowatschki
3527,Dinty W. Moore
3528,Dion Fortune
3529,Dionys Burger
3530,Dipika Mukherjee
3531,Dirk Gringhuis
3532,Dirk Van Gunsteren
3533,Dirk Wierenga
3534,Disney
3535,Disney Book Club
3536,Disney Staff
3537,Dixie Browning
3538,Dixie Carter
3539,Dixon
3540,Djian
3541,Dk
3542,Dk Publishing
3543,Dodie Smith
3544,Dolores /Lee French
3545,Dolores French
3546,Dolores Johnson
3547,Dolores Krieger
3548,Dominic O'Brian
3549,Dominic O'Brien
3550,Dominick Dunne
3551,Dominique Autrand
3552,Dominique Bona
3553,Dominique Dunne
3554,Dominique Lapierre
3555,Don Aslett
3556,Don Bassingthwaite
3557,Don Daily
3558,Don De Lillo
3559,Don Delillo
3560,Don Ferguson
3561,Don H Polston
3562,Don H. Debrandt
3563,Don Hannah
3564,Don Hewitt
3565,Don J. Snyder
3566,Don Kurtz
3567,Don L. Wulffson
3568,Don Lasseter
3569,Don Marquis
3570,Don Miguel Ruiz
3571,Don Orehek
3572,Don Passman
3573,Don Pendelton
3574,Don Pendleton
3575,Don Peppers
3576,Don Porter
3577,Don Preston
3578,Don Roberts
3579,Don Tapscott
3580,Don W. Weber
3581,Don Wade
3582,Don Williams
3583,Don Wismer
3584,Dona Vaughn
3585,Donada Peters
3586,Donald
3587,Donald A. Davis
3588,Donald A. Mackenzie
3589,Donald Antrim
3590,Donald B. Gibson
3591,Donald Bain
3592,Donald Barthelme
3593,Donald Beman
3594,Donald Carrick
3595,Donald Crawford
3596,Donald D. Walsh
3597,Donald E. Dekieffer
3598,Donald E. Knuth
3599,Donald E. Mcquinn
3600,Donald E. Westlake
3601,Donald F. Glut
3602,Donald F. Kettl
3603,Donald Goines
3604,Donald Hall
3605,Donald Harper
3606,Donald Harstad
3607,Donald J. Sobol
3608,Donald J. Trump
3609,Donald J. Wheeler
3610,Donald Kettl
3611,Donald L. Pipkin
3612,Donald M. Allen
3613,Donald M. Epstein
3614,Donald M. Goldstein
3615,Donald M. Silver
3616,Donald Mccaig
3617,Donald Merriam Allen
3618,Donald Michael Kraig
3619,Donald R. Burgett
3620,Donald R. Gallo
3621,Donald R. Harvey
3622,Donald R. Schmitt
3623,Donald Rumbelow
3624,Donald S Olson
3625,Donald S. Lopez
3626,Donald Sassoon
3627,Donald Senior
3628,Donald Serrell Thomas
3629,Donald Slatoff
3630,Donald Spoto
3631,Donald Thompson
3632,Donald W. Hayward
3633,Donato Giancola
3634,Donea L. Shane
3635,Donna
3636,Donna Andrews
3637,Donna Boyd
3638,Donna Carlson
3639,Donna Cohen
3640,Donna Diamond
3641,Donna Erickson
3642,Donna Fletcher
3643,Donna Frazier
3644,Donna Gillespie
3645,Donna Hill
3646,Donna Huston Murray
3647,Donna Jo Napoli
3648,Donna K. Grosvenor
3649,Donna Kae Nelson
3650,Donna Kauffman
3651,Donna Kimel Vitek
3652,Donna Leon
3653,Donna M. Jackson
3654,Donna Marie Williams
3655,Donna Masini
3656,Donna May Gibbs Carpenter
3657,Donna Morrissey
3658,Donna Pacinelli
3659,Donna Schaff
3660,Donna Simpson
3661,Donna Stephens
3662,Donna Tartt
3663,Donna Unangst Unangst
3664,Donna Vanliere
3665,Donna W. Cross
3666,Donna Woolfolk Cross
3667,Donna-Marie Pye
3668,Donnie Cameron
3669,Donnie O'Quinn
3670,Donniel S.
3671,Dora Levy Mossanen
3672,Dorcas Woodbury Haller
3673,Doreen Cronin
3674,Doreen Daume
3675,Doreen Tovey
3676,Dori Jones Yang
3677,Dorian Dunas
3678,Dorie Byers
3679,Dorien Ross
3680,Doris Cross
3681,Doris Dörrie
3682,Doris Egan
3683,Doris Elaine Fell
3684,Doris Elaine Sauter
3685,Doris Gercke
3686,Doris Grumbach
3687,Doris Kearns Goodwin
3688,Doris Lessing
3689,Doris May Lessing
3690,Doris Mortman
3691,Doris Pilkington
3692,Doris Piserchia
3693,Doris Pozzi
3694,Doris R. Meredith
3695,Doris Roberts
3696,Dorit Bader Whiteman
3697,Dorit Rabinyan
3698,Dorit Zinn
3699,Doro Göbel
3700,Dorothea Benton Frank
3701,Dorothea Brande
3702,Dorothea Hall
3703,Dorothy Abbott
3704,Dorothy Allison
3705,Dorothy Ann Bernard
3706,Dorothy B. Hughes
3707,Dorothy Bayley
3708,Dorothy Bryant
3709,Dorothy Cannell
3710,Dorothy Day
3711,Dorothy Dunnett
3712,Dorothy Eden
3713,Dorothy Garlock
3714,Dorothy Gilman
3715,Dorothy Glenn
3716,Dorothy Kunhardt
3717,Dorothy L Sayers
3718,Dorothy L. Sayers
3719,Dorothy Law Nolte Ph.D.
3720,Dorothy Leigh Sayers
3721,Dorothy Moore
3722,Dorothy Parker
3723,Dorothy Quelch
3724,Dorothy R. Miller
3725,Dorothy Samuels
3726,Dorothy Sayer
3727,Dorothy Simpson
3728,Dorothy Sterling
3729,Dorothy Uhnak
3730,Dorothy West
3731,Dossie Easton
3732,Dottie Mcdowell
3733,Doug Hart
3734,Doug Henry
3735,Doug Kirby
3736,Doug Lansky
3737,Doug Lipman
3738,Doug Lowe
3739,Doug Munson
3740,Doug Peacock
3741,Doug Peebles
3742,Doug Richardson
3743,Doug Stanton
3744,Douglas A. Skoog
3745,Douglas Adams
3746,Douglas Bo
3747,Douglas Brinkley
3748,Douglas Bush
3749,Douglas Clegg
3750,Douglas Coupland
3751,Douglas E. Winter
3752,Douglas H. Ubelaker
3753,Douglas Hill
3754,Douglas Hobbie
3755,Douglas Hofstadter
3756,Douglas J. Preston
3757,Douglas J. Rumford
3758,Douglas Jarman
3759,Douglas Keister
3760,Douglas Keith Candland
3761,Douglas Kennedy
3762,Douglas Lindsay
3763,Douglas Livingston
3764,Douglas Monroe
3765,Douglas Niles
3766,Douglas Pagels
3767,Douglas Parmée
3768,Douglas Preston
3769,Douglas R. Hofstadter
3770,Douglas Robinson
3771,Douglas Rushkoff
3772,Douglas Sadownick
3773,Douglas Scott
3774,Douglas Stone
3775,Douglas Terman
3776,Douglas Wynn
3777,Dover Thrift Editions
3778,Downing
3779,Dr
3780,Dr Joyce Brothers
3781,Dr. Andreas Jäger
3782,Dr. Arnold Arem M.D.
3783,Dr. Charles F. Stanley
3784,Dr. Chris Andrews
3785,Dr. Christa Seibicke
3786,Dr. Christopher Green
3787,Dr. Cyril Wecht
3788,Dr. Dale
3789,Dr. Frances Cress Welsing
3790,Dr. Gene Brewer
3791,Dr. Hessayon
3792,Dr. James Dobson
3793,Dr. Jerri Nielsen
3794,Dr. Joe Aldrich
3795,Dr. Linda Kay Davidson
3796,Dr. Michael B. First
3797,Dr. Miriam Stoppard
3798,Dr. Paul Carus
3799,Dr. Pedro Jose Greer Jr.
3800,Dr. Peter V. Rabins Md Mph
3801,Dr. Phil Mcgraw
3802,Dr. Robert Bucknam
3803,Dr. Robert C. Atkins M.D.
3804,Dr. Samuel Adams
3805,Dr. Seuss
3806,Dr. Wayne W. Dyer
3807,Dr. William Bonadio
3808,Draja Mickaharic
3809,Drake Douglas
3810,Dreamworks
3811,Dreikurs
3812,Drew Barrymore
3813,Drew Carey
3814,Drew Mccarthy
3815,Duane Newcomb
3816,Duane P. Schultz
3817,Dudley Fitts
3818,Dudley Randall
3819,Duke
3820,Duncan Heaster
3821,Duncan J. Watts
3822,Duncan Steel
3823,Duong Thu Huong
3824,Durell Godfrey
3825,Dustin Thomason
3826,Dutch Sheets
3827,Dwight Allen
3828,Dwight Clough
3829,Dwight Yoakam
3830,Dyan Sheldon
3831,Dyanne Gibson
3832,E
3833,E .M. Delafield
3834,E M Cioran
3835,E T A Hoffmann
3836,E. A. Ellis
3837,E. A. J. Honigmann
3838,E. A. Mares
3839,E. A. Proulx
3840,E. A. Wallis Budge
3841,E. Adamson Hoebel
3842,E. Annie Proulx
3843,E. B. White
3844,E. Donnall Thomas Jr.
3845,E. E. Cummings
3846,E. F. Benson
3847,E. Fuller Torrey
3848,E. Gary Gygax
3849,E. J. W. Barber
3850,E. L. Blumenschein
3851,E. L. Doctorow
3852,E. L. Epstein
3853,E. L. Konigsburg
3854,E. L. Swann
3855,E. Lynn Harris
3856,E. M. Delafield
3857,E. M. Forster
3858,E. M. Swift
3859,E. Merritt
3860,E. Nesbit
3861,E. Nesbitt
3862,E. Patricia Birsner
3863,E. Sculley Bradley
3864,E. V. Cunningham
3865,E. V. Thompson
3866,E.A. Lowe
3867,E.B. Greenwo
3868,E.B. White
3869,E.D. Hirsch Jr.
3870,E.L. Doctorow
3871,E.L. Konigsburg
3872,E.M. Forster
3873,E.O. Parrott
3874,E.S. Mooney
3875,E.V. Brunson
3876,E.W. Heine
3877,Earl B. Mcelfresh
3878,Earl Emerson
3879,Earl Hipp
3880,Earl Mac Rauch
3881,Earl Murray
3882,Earl Proulx
3883,Earl Spencer
3884,Earl Steinbicker
3885,Earl W. Emerson
3886,Earlene Fowler
3887,Earma Brown
3888,Earthworks Group
3889,Eastman Kodak Company
3890,Eberhard Bubser
3891,Ebury Press
3892,Eca De Queiros
3893,Eca De Quieros
3894,Echo Heron
3895,Eckhart Tolle
3896,Ed
3897,Ed Colley
3898,Ed Faulkner
3899,Ed Garvey
3900,Ed Glinert
3901,Ed Gorman
3902,Ed Greenwood
3903,Ed Kramer
3904,Ed Laing
3905,Ed Little
3906,Ed Mcbain
3907,Ed Naha
3908,Ed Regis
3909,Ed Rose
3910,Ed Solomon
3911,Ed Stivender
3912,Ed Strnad
3913,Ed Zotti
3914,Ed.By Christina Kline
3915,Edain Mccoy
3916,Edda Werfel
3917,Eddie Izzard
3918,Eddie Obeng
3919,Eden Gray
3920,Edens
3921,Edgar Allan Poe
3922,Edgar Allen Poe
3923,Edgar Evans Cayce
3924,Edgar Johnson
3925,Edgar Lee Masters
3926,Edgar Parin D'Aulaire
3927,Edgar Rice Burroughs
3928,Edgar V Roberts
3929,Edidt Geever
3930,Edie Jarolim
3931,Edit Schlaffer
3932,Edita M. Kaye
3933,Edite Kroll
3934,Edited By E. F. Watling
3935,Edith Deen
3936,Edith Fisher Hunter
3937,Edith Forbes
3938,Edith Grossman
3939,Edith H. Beer
3940,Edith Hamilton
3941,Edith Konecky
3942,Edith Kunhardt
3943,Edith Layton
3944,Edith M. Pavese
3945,Edith Nesbit
3946,Edith Pargeter
3947,Edith St. George
3948,Edith T. Mirante
3949,Edith Thacher Hurd
3950,Edith Wharton
3951,Editions Berlitz S.A
3952,Editor
3953,Editor-Peace Corps
3954,Editors Of Don'T Sweat Press
3955,Editors Of Phaidon Press
3956,Editors Of Prevention Health Books
3957,Editors Of Reader'S Digest
3958,Edmond Rostand
3959,Edmund H. Volkart
3960,Edmund J. Bourne
3961,Edmund Rostand
3962,Edmund White
3963,Edmund Wilson
3964,Edna Barker
3965,Edna Buchanan
3966,Edna Ferber
3967,Edna O'Brien
3968,Eds. Leisure Arts
3969,Eduardo Duran
3970,Eduardo Galeano
3971,Eduardo Mendoza
3972,Education Association
3973,Edward A. Baldwin
3974,Edward Abbey
3975,Edward Albee
3976,Edward Ball
3977,Edward Bellamy
3978,Edward Blishen
3979,Edward Bloor
3980,Edward Bond
3981,Edward Bunker
3982,Edward Burns
3983,Edward C. Whitmont
3984,Edward Carey
3985,Edward Dayton
3986,Edward De Bono
3987,Edward Deangelo
3988,Edward E. Kramer
3989,Edward Eager
3990,Edward Fischer
3991,Edward Frascino
3992,Edward G. Seidensticker
3993,Edward Gorey
3994,Edward Gorman
3995,Edward Guiliano
3996,Edward Hoagland
3997,Edward Hubler
3998,Edward Humes
3999,Edward Hutchings
4000,Edward Kasner
4001,Edward Kimmel
4002,Edward Koren
4003,Edward Lear
4004,Edward Lee
4005,Edward M. Hallowell
4006,Edward M. Hallowell (Introduction)
4007,Edward M. Reingold
4008,Edward Mcnall Burns
4009,Edward O. Wilson
4010,Edward P. Jones
4011,Edward P. Moser
4012,Edward P. Sarafino
4013,Edward Packard
4014,Edward Rutherfurd
4015,Edward Shorter
4016,Edward Stewart
4017,Edward W. Said
4018,Edward Wakin
4019,Edward Ziegler
4020,Edwards
4021,Edwidge Danticat
4022,Edwin A. Abbott
4023,Edwin Abbott
4024,Edwin Balmer
4025,Edwin Cole
4026,Edwina Currie
4027,Edythe Draper
4028,Effie Leland Wilder
4029,Eiichiro Oda
4030,Eiji Yoshikawa
4031,Eike Schönfeld
4032,Eileen Campbell
4033,Eileen Christelow
4034,Eileen Curran
4035,Eileen Curristine
4036,Eileen Dreyer
4037,Eileen Elias Freeman
4038,Eileen Fulton
4039,Eileen Goudge
4040,Eileen Lottman
4041,Eileen Putman
4042,Eileen Wilks
4043,Eileen Yin-Fei Lo
4044,Eilis Dillon
4045,Einar Haugen
4046,Eira Reeves
4047,Ej Thornton
4048,Ekaterina Gordeeva
4049,Elaine Barbieri
4050,Elaine Bergstrom
4051,Elaine Bruner
4052,Elaine Camp
4053,Elaine Coffman
4054,Elaine Crawford
4055,Elaine Cunningham
4056,Elaine Fantle Smimberg
4057,Elaine Fox
4058,Elaine Hedges
4059,Elaine Knighton
4060,Elaine Martin
4061,Elaine Mazlish
4062,Elaine Moore
4063,Elaine Pagels
4064,Elaine R. Hedges
4065,Elaine S. Pelletier
4066,Elaine Showalte
4067,Elaine Showalter
4068,Elaine St. James
4069,Elaine Viets
4070,Elaine Weinmann
4071,Elan Golomb
4072,Elana Lore
4073,Eleanor Berman
4074,Eleanor Burns
4075,Eleanor Coerr
4076,Eleanor Cooney
4077,Eleanor Estes
4078,Eleanor H. Porter
4079,Eleanor Robinson
4080,Eleanor Roosevelt
4081,Eleanor Taylor Bland
4082,Eleanor Wachtel
4083,Element Books Ltd.
4084,Elena Poniatowska
4085,Eli
4086,Elia Kazan
4087,Elia Parsons
4088,Elie Wiesel
4089,Elina Furman
4090,Elinor Burkett
4091,Elinor Lenz
4092,Elinor Lipman
4093,Eliot Asinof
4094,Elisab
4095,Elisabeth Badinter
4096,Elisabeth Beyer
4097,Elisabeth Burgos-Debray
4098,Elisabeth Eaves
4099,Elisabeth Elliot
4100,Elisabeth Robinson
4101,Elisabeth Vonarburg
4102,Elise Chanowitz
4103,Elise Juska
4104,Elise Primavera
4105,Elise Title
4106,Elissa Wald
4107,Eliyahu Goldratt
4108,Eliyahu M. Goldratt
4109,Eliza Osborne
4110,Eliza Willard
4111,Elizabe
4112,Elizabeth
4113,Elizabeth A. Flynn
4114,Elizabeth A. Lynn
4115,Elizabeth A. Scarborough
4116,Elizabeth Adler
4117,Elizabeth Ammons
4118,Elizabeth Ann Scarborough
4119,Elizabeth Atwood Taylor
4120,Elizabeth August
4121,Elizabeth Ayres
4122,Elizabeth Bailey
4123,Elizabeth Barrett Browning
4124,Elizabeth Benedict
4125,Elizabeth Berg
4126,Elizabeth Bevarly
4127,Elizabeth Bolton
4128,Elizabeth Bonner
4129,Elizabeth Boyle
4130,Elizabeth Breuilly
4131,Elizabeth Bright
4132,Elizabeth Buchan
4133,Elizabeth Castro
4134,Elizabeth Chadwick
4135,Elizabeth Chan
4136,Elizabeth Clare Prophet
4137,Elizabeth Coatsworth
4138,Elizabeth Cohen Van Pelt
4139,Elizabeth Cook
4140,Elizabeth Cox
4141,Elizabeth Craig
4142,Elizabeth Darrell
4143,Elizabeth Dewberry Vaughn
4144,Elizabeth Doyle
4145,Elizabeth Duke
4146,Elizabeth Dybell
4147,Elizabeth Fishel
4148,Elizabeth Fitzgerald
4149,Elizabeth Forsythe Hailey
4150,Elizabeth Foxwell
4151,Elizabeth G. Hainstock
4152,Elizabeth Gage
4153,Elizabeth Gaskell
4154,Elizabeth George
4155,Elizabeth George Speare
4156,Elizabeth Gilbert
4157,Elizabeth Graver
4158,Elizabeth Guzmán
4159,Elizabeth Hallam
4160,Elizabeth Hand
4161,Elizabeth Hess
4162,Elizabeth Inness-Brown
4163,Elizabeth Jane Howard
4164,Elizabeth Jolley
4165,Elizabeth Knox
4166,Elizabeth Kronzek
4167,Elizabeth Kuster
4168,Elizabeth L. Post
4169,Elizabeth Laird
4170,Elizabeth Lawrence
4171,Elizabeth Lesser
4172,Elizabeth Levy
4173,Elizabeth Lowell
4174,Elizabeth M. Norman
4175,Elizabeth Mansfield
4176,Elizabeth Manz
4177,Elizabeth Marshall Thomas
4178,Elizabeth Massie
4179,Elizabeth Mayne
4180,Elizabeth Mccracken
4181,Elizabeth Mcgregor
4182,Elizabeth Moon
4183,Elizabeth Moran
4184,Elizabeth Morgan
4185,Elizabeth Nixon Weaver
4186,Elizabeth North
4187,Elizabeth P. Hoffman
4188,Elizabeth Peplow
4189,Elizabeth Peters
4190,Elizabeth Pomada
4191,Elizabeth Pope
4192,Elizabeth Porges Watson
4193,Elizabeth Portch
4194,Elizabeth Powers
4195,Elizabeth R
4196,Elizabeth Sachs
4197,Elizabeth Sherril
4198,Elizabeth Sherrill
4199,Elizabeth Skurnick
4200,Elizabeth Somer
4201,Elizabeth Steffen
4202,Elizabeth Strout
4203,Elizabeth Thornton
4204,Elizabeth Villars
4205,Elizabeth Von Arnim
4206,Elizabeth Wayland Barber
4207,Elizabeth Winthrop
4208,Elizabeth Wurtzel
4209,Elizabeth Young
4210,Elke Heidenreich
4211,Elke Pohl
4212,Elke Vom Scheidt
4213,Elke Wehr
4214,Ella E. Clark
4215,Elle Eggels
4216,Ellen Akins
4217,Ellen Bass
4218,Ellen Blake Dr.
4219,Ellen Byerrum
4220,Ellen Carol Dubois
4221,Ellen Conford
4222,Ellen Cooney
4223,Ellen Datlow
4224,Ellen Degeneres
4225,Ellen F. Fitzpatrick
4226,Ellen Fein
4227,Ellen Gilchrist
4228,Ellen Goodman
4229,Ellen Gunderson Traylor
4230,Ellen Guon
4231,Ellen James
4232,Ellen Kushner
4233,Ellen Levine
4234,Ellen Michaud
4235,Ellen Miles
4236,Ellen Pollock
4237,Ellen R. Sasahara
4238,Ellen Raskin
4239,Ellen Reymes
4240,Ellen Rimbauer
4241,Ellen Rogers
4242,Ellen Schecter
4243,Ellen Schlootz
4244,Ellen Slezak
4245,Ellen Sue Stern
4246,Ellen Sussman
4247,Ellen Ullman
4248,Ellen Weiss
4249,Ellery Queen
4250,Elleston Trevor
4251,Ellie Kay
4252,Elliot Banfi
4253,Elliot Gilbert
4254,Elliot Perlman
4255,Elliot S. Maggin
4256,Elliot Snow
4257,Elliott Banfield
4258,Elliott Coues
4259,Elliott Hester
4260,Elliott Roosevelt
4261,Elliotte Rusty Harold
4262,Ellis Peters
4263,Ellis Vidler
4264,Ellis Weiner
4265,Ellyn Satter
4266,Elmar Tophoven
4267,Elmer Kelton
4268,Elmore Leonard
4269,Eloisa James
4270,Eloise Flood
4271,Elroy Freem
4272,Elsa Walsh
4273,Else Holmelund Minarik
4274,Elsie Clews Parsons
4275,Elspeth Campbell Murphy
4276,Elspeth Huxley
4277,Elspeth Murphy
4278,Eluki Bes Shahar
4279,Elula Perrin
4280,Elvira Woodruff
4281,Elwood Reid
4282,Elwyn Hartley Edwards
4283,Elyse Guttenberg
4284,Emanuela Stucchi Prinetti
4285,Emeril Lagasse
4286,Emile Zola
4287,Emilie Baker Loring
4288,Emilie Barnes
4289,Emilie Dailey
4290,Emilie Richards
4291,Emilio Salgari
4292,Emily Barr
4293,Emily Brightwell
4294,Emily Bronte
4295,Emily Brontë
4296,Emily Brontï¿1/2
4297,Emily Cale
4298,Emily Carmichael
4299,Emily Dalton
4300,Emily Dickinson
4301,Emily Eden
4302,Emily Grayson
4303,Emily Hendrickson
4304,Emily Jenkins
4305,Emily Prager
4306,Emily Rodda
4307,Emine Sevgi Ozdamar
4308,Emlyn Rees
4309,Emma Blair
4310,Emma Bull
4311,Emma Callery
4312,Emma Chichester Clark
4313,Emma Craig
4314,Emma Darcy
4315,Emma Donog
4316,Emma Donoghue
4317,Emma Forrest
4318,Emma Gelders Sterne
4319,Emma Gold
4320,Emma Goldrick
4321,Emma Holly
4322,Emma Kallok
4323,Emma Lathen
4324,Emma Letley
4325,Emma Mclaughlin
4326,Emma Richmond
4327,Emma Rose
4328,Emma Speare
4329,Emma Tennant
4330,Emma Thompson
4331,Emmanuel Carrère
4332,Emmanuel Jouanne
4333,Emmanuèle Bernheim
4334,Emmet Fox
4335,Emmuska Orczy
4336,Emrys Jones
4337,Engelhard
4338,Enid Blyton
4339,Enid C. King
4340,Enos A. Mills
4341,Entrepreneur Magazine
4342,Eoin Colfer
4343,Epicurus
4344,Erdag Goknar
4345,Eremei Parnov
4346,Eric A. Kimmel
4347,Eric A. Knudsen
4348,Eric A. Meyer
4349,Eric Ambler
4350,Eric Beddows
4351,Eric Berne
4352,Eric Bowman
4353,Eric Carle
4354,Eric E. Rofes
4355,Eric F Goldman
4356,Eric Flint
4357,Eric Frank Russell
4358,Eric Garcia
4359,Eric H. Warmington
4360,Eric Hansen
4361,Eric Hill
4362,Eric Hoffer
4363,Eric Idle
4364,Eric Jerome Dickey
4365,Eric Knight
4366,Eric Kraft
4367,Eric L. Harry
4368,Eric Lloyd Wright
4369,Eric Lustbader
4370,Eric Maisel
4371,Eric Marcus
4372,Eric Meretzky
4373,Eric Newby
4374,Eric Nylund
4375,Eric P
4376,Eric Powe
4377,Eric Sanvoisin
4378,Eric Schiller
4379,Eric Schlosser
4380,Eric Shiraev
4381,Eric Solomon
4382,Eric Thompson
4383,Eric Tyson
4384,Eric V Lustbader
4385,Eric Van Lustbader
4386,Eric Velasquez
4387,Eric W. Weisstein
4388,Eric-Emmanuel Schmitt
4389,Erica Fischer
4390,Erica Jong
4391,Erica Lennard
4392,Erica Orloff
4393,Erica Spindler
4394,Erich Fromm
4395,Erich Karkoschka
4396,Erich Kästner
4397,Erich Loest
4398,Erich Maria Remarque
4399,Erich Müller
4400,Erich Scheurmann
4401,Erich Segal
4402,Erich Von Daniken
4403,Erickson
4404,Erik Blegvad
4405,Erik C. Haugaard
4406,Erik Doescher
4407,Erik Gloßmann
4408,Erik Larson
4409,Erik Orsenna
4410,Erik Quisling
4411,Erik S. Rosenaa
4412,Erik Sherman
4413,Erik Weihenmayer
4414,Erik Wilson
4415,Erika Burkart
4416,Erika Friedl
4417,Erika Lopez
4418,Erika Oller
4419,Erika Pietraß
4420,Erika Pluhar
4421,Erika Remberg
4422,Erin Gobragh
4423,Erin Hart
4424,Erin Pizzey
4425,Erle Stanley Gardner
4426,Erma Bombeck
4427,Ernest Angley
4428,Ernest Becker
4429,Ernest H Rosenbaum
4430,Ernest H. Shepard
4431,Ernest He
4432,Ernest Hemingway
4433,Ernest Hillen
4434,Ernest J. Gaines
4435,Ernest J. Simmons
4436,Ernest Jones
4437,Ernest M. Mickler
4438,Ernest Shackleton
4439,Ernestine Gilbreth Carey
4440,Ernie Colon
4441,Ernst Friedrich
4442,Ernst Walter
4443,Eros Keith
4444,Erri De Luca
4445,Erving Goffman
4446,Erving Polster
4447,Esme Raji Codell
4448,Esmé Raji Codell
4449,Estaban Maroto
4450,Estella Lee Hickman
4451,Esther Blumenfeld
4452,Esther De Waal
4453,Esther Forbes
4454,Esther Freisner
4455,Esther Friesner
4456,Etal. Lademan
4457,Etc.
4458,Etc. Bronte
4459,Eth Clifford
4460,Ethan Beck
4461,Ethan Black
4462,Ethan Canin
4463,Ethan Coen
4464,Ethan Hawke
4465,Ethan Mordden
4466,Ethel Barrett
4467,Ethel Spencer
4468,Etienne Van Heerden
4469,Eudora Welty
4470,Eugen Herrigel
4471,Eugene Boe
4472,Eugene Bradley Coco
4473,Eugene C. Kennedy
4474,Eugene Ehrlich
4475,Eugene H. Peterson
4476,Eugene Ionesco
4477,Eugene Izzi
4478,Eugene Petrov
4479,Eugene Savaiano
4480,Eugene Stiles
4481,Eugene T. Gendlin
4482,Eugenia Price
4483,Eugenie (Illustrator)
4484,Eugène Ionesco
4485,Euripides
4486,Eva Clif
4487,Eva Heller
4488,Eva Hoffman
4489,Eva Ibbotson
4490,Eva Maaser
4491,Eva Malsch
4492,Eva Moldenhauer
4493,Eva Rechel-Mertens
4494,Eva Wong
4495,Eva-Christiane Wetterer
4496,Evan Forbes
4497,Evan H. Rhodes
4498,Evan Harris
4499,Evan Hunter
4500,Evan I. Schwartz
4501,Evan Innes
4502,Evan Kingsbury
4503,Evan Marshall
4504,Evan S. Connell
4505,Evangeline Walton
4506,Eve Bunting
4507,Eve Ensler
4508,Eve Gaddy
4509,Eve Gladstone
4510,Eveline Passet
4511,Evelyn A. Crowe
4512,Evelyn Christenson
4513,Evelyn E. Smith
4514,Evelyn Goodman
4515,Evelyn Mcfarlane
4516,Evelyn Rogers
4517,Evelyn Vaughn
4518,Evgenii Petrov
4519,Evie Safarewicz
4520,Ewa Pluciennik
4521,Executive Intelligence Review
4522,Ezra Whiteman
4523,F Lagard Smith
4524,F. David Peat
4525,F. F. Bosworth
4526,F. James Davis
4527,F. James Holler
4528,F. M. Cornford
4529,F. Paul Wilson
4530,F. Scott Fitzgerald
4531,F.M. Houston
4532,Fabienne Marsh
4533,Fairness
4534,Faith Addis
4535,Faith Conlon
4536,Faith Sullivan
4537,Falcon Travis
4538,Fannie Flagg
4539,Fanny Morweiser
4540,Fari Amini
4541,Farley Mowat
4542,Father Oscar Lukefahr Cm
4543,Fatima Igramhan-Parsons
4544,Fatima Mernissi
4545,Fawn M. Brodie
4546,Fay Robinson
4547,Fay Weldon
4548,Faye D. Resnick
4549,Faye Kellerman
4550,Fayrene Preston
4551,Federica De Cesco
4552,Federica Deces
4553,Federico Andahazi
4554,Federico Garcia Lorca
4555,Feelie Lee
4556,Felice Holman
4557,Felicity Trotman
4558,Feliks Topolsk
4559,Felix Guattari
4560,Felix Salten
4561,Ferdinand G. Mahfood
4562,Ferdinando Camon
4563,Fergus Kelly
4564,Fern Michaels
4565,Fernado Fernandez
4566,Fernando
4567,Fernando De Valenzuela
4568,Ferris Greenslet
4569,Field
4570,Fiona
4571,Fiona Buckley
4572,Fiona Gilsenan (Editor) Gilsenan
4573,Fiona Horne
4574,Fiona Kelly
4575,Fiona Pragoff
4576,Fiona Walker
4577,Firoozeh Dumas
4578,First Grade Students
4579,Fitzgerald
4580,Flannery O'Connor
4581,Flavia
4582,Flavius Josephus
4583,Fletcher Knebel
4584,Flora Rheta Schreiber
4585,Florence Atwater
4586,Florence E. Davidson
4587,Florence Graham
4588,Florence Haseltine
4589,Florence King
4590,Florence Lamborn
4591,Florence Scovel-Shinn
4592,Florence Temko
4593,Florence: Turner
4594,Florian Hopf
4595,Florian Illies
4596,Florie Freshman (Illustrator)
4597,Floyd
4598,Floyd A. O'Neil
4599,Floyd C. Watkins
4600,Floyd Conner
4601,Floyd Skloot
4602,Floyd W. Matson
4603,Fodor'S
4604,Follett College Stores
4605,Forbes Magazine
4606,Ford Madox Ford
4607,Foreword By Scott Hahn
4608,Forrest Carter
4609,Forrest J. A
4610,Fowler
4611,Fox Morton
4612,Fran Dorf
4613,Fran Drescher
4614,Fran Gare
4615,Fran Lebowitz
4616,Fran Wenograd Golden
4617,France Leduc
4618,Francena H. Arnold
4619,Frances A. Miller
4620,Frances Burnett
4621,Frances Coady
4622,Frances Fyfield
4623,Frances Gies
4624,Frances Gray Patton
4625,Frances H. Burnett
4626,Frances Hill
4627,Frances Hodgson Burnett
4628,Frances Housden
4629,Frances Hunter
4630,Frances Itani
4631,Frances Kerns
4632,Frances Kuffel
4633,Frances L. Ilg
4634,Frances Lockridge
4635,Frances Mayes
4636,Frances Moore Lappe
4637,Frances Park
4638,Frances Partridge
4639,Frances Perry
4640,Frances Temple
4641,Frances Tenenbaum
4642,Francesca Lia Block
4643,Francesca Marciano
4644,Francesca Stanfill
4645,Francese Mateu
4646,Francess Lin Lantz
4647,Francine Hughes
4648,Francine P. Pascal
4649,Francine Pascal
4650,Francine Prose
4651,Francine Rivers
4652,Francis
4653,Francis Fernandez
4654,Francis Kalnay
4655,Francis Ledoux
4656,Francis Murphen
4657,Francis R
4658,Francis Ray
4659,Francis Roe
4660,Francis Ross Carpenter
4661,Francis Scott Fitzgerald
4662,Francis Steegmuller
4663,Francis Wheen
4664,Franck
4665,Franck Dan
4666,Franco Ferrucci
4667,Franco Lucentini
4668,Francois Mauriac
4669,Francoise Sagan
4670,Frank
4671,Frank  Muir
4672,Frank B. Gilbreth
4673,Frank Browning
4674,Frank C. Craighead Jr.
4675,Frank Caplan
4676,Frank Conroy
4677,Frank D'Arcy
4678,Frank Decaro
4679,Frank Drake
4680,Frank E. Peretti
4681,Frank Ferrell
4682,Frank Frazetta
4683,Frank G. Slaughter
4684,Frank Godwin
4685,Frank Herbert
4686,Frank Kermode
4687,Frank Lauria
4688,Frank M. Robinson
4689,Frank Maccourt
4690,Frank Mccourt
4691,Frank Mcdonald
4692,Frank Mcsherry
4693,Frank Monaco
4694,Frank Moorhouse
4695,Frank Muir
4696,Frank Norris
4697,Frank O. Braynard
4698,Frank Peretti
4699,Frank R. Stermitz
4700,Frank R. Westie
4701,Frank Viviano
4702,Frank W. Abagnale
4703,Frank Waters
4704,Frank Wynne
4705,Frank Yerby
4706,Frankie
4707,Frankie Schelly
4708,Franklin D. Roosevelt
4709,Franklin W. Dixon
4710,Frans Haacken
4711,Franz Geritz
4712,Franz Josef Strauß
4713,Franz Kafka
4714,Franz Lidz
4715,Franz Rottensteiner
4716,Franziska Stalmann
4717,François Cheng
4718,François Dagognet
4719,François Kérel
4720,François Lelord
4721,François Maspéro
4722,François Ricard
4723,François Rouiller
4724,François-René De Chateaubriand
4725,Françoise Brun
4726,Françoise Rey
4727,Françoise Sagan
4728,Frauke Biehl
4729,Fred A.
4730,Fred B. Millett
4731,Fred Chappell
4732,Fred E. Hahn
4733,Fred Graver
4734,Fred Grove
4735,Fred Hiatt
4736,Fred Hunter
4737,Fred J.
4738,Fred Kaplan
4739,Fred Mustard Stewart
4740,Fred Reinfeld
4741,Fred Rogers
4742,Fred Saberhagen
4743,Fred Shoemaker
4744,Fred Stenson
4745,Fred Uhlman
4746,Fred Vargas
4747,Fred Willard
4748,Fred Wostbrock
4749,Freda Warrington
4750,Freddie North
4751,Frederic Prokosch
4752,Frederick Bodmer
4753,Frederick Busch
4754,Frederick Crews
4755,Frederick D. Huebner
4756,Frederick Douglass
4757,Frederick Feikema Manfred
4758,Frederick Forsyth
4759,Frederick G. Dillen
4760,Frederick J. Moody
4761,Frederick Lenz
4762,Frederick Manchester
4763,Frederick Page
4764,Frederick Perls
4765,Frederick R. Karl
4766,Frederick Taylor
4767,Frederik Berger
4768,Frederik Pohl
4769,Fredrik Pohl
4770,Freeman Patterson
4771,Fretta Reitzes
4772,Freya L
4773,Freya Littledale
4774,Freya Von Moltke
4775,Frieda Harris
4776,Friederike Mayröcker
4777,Friedrich Ani
4778,Friedrich Dürrenmatt
4779,Friedrich Engels
4780,Friedrich Griese
4781,Friedrich Griese (Übers.)
4782,Friedrich Kur
4783,Friedrich Nietzsche
4784,Friedrich Schiller
4785,Friedrich Von Oppeln-Bronikows
4786,Friends
4787,Friso Henstra
4788,Fritjof Capra
4789,Fritz Eichenberg
4790,Fritz Krenn
4791,Fritz Leiber
4792,Fritz Lieber
4793,Fritz Ridenour
4794,Fritz Se
4795,Fritz Siebel
4796,From The Editors Of Southwater
4797,Frommer
4798,Frédéric Beigbeder
4799,Fujihiko Kaneda
4800,Full Cast
4801,Fumiya Sato
4802,Fx
4803,Fynn
4804,Fyodor Dostoevsky
4805,Fyodor Dostoyevsky
4806,Fédor Dostoïevski
4807,G
4808,G Editors
4809,G Godwin
4810,G. A. Mckevett
4811,G. B. (1948- ) Trudeau
4812,G. B. Love
4813,G. B. Trudeau
4814,G. Brian Karas
4815,G. Cabrera Infante
4816,G. D. Percy
4817,G. Eason
4818,G. Forester
4819,G. Garfield Crimmins
4820,G. H. Mcwilliam
4821,G. H. Stine
4822,G. K Kasparov
4823,G. K. Chesterton
4824,G. Lee Bowie
4825,G. M. A. Grube
4826,G. P. Taylor
4827,G. S Graber
4828,G. S. Fraser
4829,G. Se Briem
4830,G. Strachan
4831,G. Valens
4832,G. Weston Dewalt
4833,G. William Domhoff
4834,G.G. Marquez
4835,Ga
4836,Gabor Mate
4837,Gabriel Garcia Marquez
4838,Gabriel García Márquez
4839,Gabriel Horn
4840,Gabriel King
4841,Gabriel Zaid
4842,Gabriela Dellosso
4843,Gabriele
4844,Gabriele Conrad
4845,Gabriele Haefs
4846,Gabriele Weber-Jaric
4847,Gabrielle
4848,Gabrielle Chamarat
4849,Gabrielle De Cuir
4850,Gabrielle Donnelly
4851,Gabrielle Roth
4852,Gabrielle Williams
4853,Gaby Hauptmann
4854,Gaby Wurster
4855,Gael Baudino
4856,Gaelen Foley
4857,Gaetan Soucy
4858,Gail Anderson-Dargatz
4859,Gail Bowen
4860,Gail Carson Levine
4861,Gail Diven
4862,Gail Douglas
4863,Gail Evans
4864,Gail Gaymer Martin
4865,Gail Godwin
4866,Gail Grove
4867,Gail Harvey
4868,Gail Herman
4869,Gail Link
4870,Gail Mathabane
4871,Gail Mcmeekin
4872,Gail Owens
4873,Gail Scott
4874,Gail Sheehy
4875,Gail Sher
4876,Gail Tsukiyama
4877,Gail Twersky Reimer
4878,Gainax
4879,Gale E. Christianson
4880,Gale Pryor
4881,Galway Kinnell
4882,Gao Xingjian
4883,Gar Reeves-Stevens
4884,Garcia Marquez
4885,Garden
4886,Gardens
4887,Gardens Books
4888,Gardner Dozois
4889,Gardner R. Dozois
4890,Gareth Davies-Morris
4891,Garfield Ree
4892,Garfield Reev
4893,Garfield Reeves-Stevens
4894,Garrett
4895,Garrett Sutton
4896,Garrison Keillor
4897,Garry B. Trudeau
4898,Garry D. Kilworth
4899,Garson Kanin
4900,Garth Nix
4901,Garth Williams
4902,Garthia Anderson
4903,Garton
4904,Gary A Davis
4905,Gary A. Birken
4906,Gary A. Braunbeck
4907,Gary A. Dias
4908,Gary A. Lippincott
4909,Gary Bines
4910,Gary Blackwood
4911,Gary Brandner
4912,Gary Braver
4913,Gary Chalk
4914,Gary D. Chapman
4915,Gary David Bouton
4916,Gary Devon
4917,Gary Evans
4918,Gary Ezzo
4919,Gary Hamel
4920,Gary Hogg
4921,Gary J. Nutt
4922,Gary Jacobsen
4923,Gary Jennings
4924,Gary Kinder
4925,Gary Krist
4926,Gary Land
4927,Gary Larson
4928,Gary Lundberg
4929,Gary Mechler
4930,Gary Meier
4931,Gary Null
4932,Gary Ogden Harper
4933,Gary Paulsen
4934,Gary Provost
4935,Gary Quinn
4936,Gary Ross
4937,Gary Rubin
4938,Gary Ruddell
4939,Gary S. Kadet
4940,Gary Schmidgall
4941,Gary Smalley
4942,Gary Soto
4943,Gary Trudeau
4944,Gary W. Kuhne
4945,Gary Zukav
4946,Gaston Leroux
4947,Gavin De Becker
4948,Gavin Edwards
4949,Gavin Menzies
4950,Gavin Rowe
4951,Gay Courter
4952,Gay Hendricks
4953,Gay Talese
4954,Gay Wilson Allen
4955,Gayle Greeno
4956,Gayle Lynds
4957,Gayle Wilson
4958,Gelsey Kirkland
4959,Gemma Alexander
4960,Gemma Grott
4961,Gemma O'Connor
4962,Gene A. Getz
4963,Gene Biggs
4964,Gene Edwards
4965,Gene Hackman
4966,Gene Light
4967,Gene Prater
4968,Gene R. Thursby
4969,Gene Roddenberry
4970,Gene Stratton Porter
4971,Gene Weingarten
4972,Gene Wolfe
4973,Geneen Roth
4974,Genell Dellin
4975,Genevi Stamper
4976,Genevieve L. Paulson
4977,Genia Wennerstrom
4978,Gennady Spirin
4979,Genny Lim
4980,Gentry Lee
4981,Geoff
4982,Geoff Benge
4983,Geoff Dyer
4984,Geoff Garvey
4985,Geoff Lung
4986,Geoff Ryman
4987,Geoffrey Barraclough
4988,Geoffrey Butcher
4989,Geoffrey Caine
4990,Geoffrey Chaucer
4991,Geoffrey Chaucer - Edited By A. C. Cawley
4992,Geoffrey Cornelius
4993,Geoffrey Giuliano
4994,Geoffrey Moore
4995,Geoffrey Moss
4996,Geoffrey Mott-Smith
4997,Geoffrey Nunberg
4998,Geoffrey Of Monmouth
4999,Geoffrey Skelton
5000,Geoffrey Wall
5001,Geoffrey Wolff
5002,Georg Adler
5003,Georg Brun
5004,George
5005,George  B. Addison
5006,George Alec Effinger
5007,George Anastasia
5008,George Ancona
5009,George Barker
5010,George Baxt
5011,George Beard
5012,George Bernard Shaw
5013,George Bernau
5014,George Booth
5015,George Bowering
5016,George Bull
5017,George Burns
5018,George C. Andrews
5019,George C. Williams
5020,George C. Wilson
5021,George Cable
5022,George Carlin
5023,George Chapman
5024,George Dangerfield
5025,George Dawes Green
5026,George Dawson
5027,George Demko
5028,George Downing
5029,George E. Stanley
5030,George Edward Stanley
5031,George Eliot
5032,George Elliott
5033,George Fields
5034,George Foreman
5035,George Galdorisi
5036,George Galdorisi Captain
5037,George Gately
5038,George Gibian
5039,George Gordon
5040,George Guidall
5041,George Guthridge
5042,George Harrar
5043,George Hughes
5044,George Konrad
5045,George L. Grice
5046,George Lanning
5047,George Lucas
5048,George Macdonald
5049,George Mackay Brown
5050,George Mair
5051,George Martin
5052,George Mckenna
5053,George Negus
5054,George O. Barr
5055,George Orwell
5056,George P. Pelecanos
5057,George Page
5058,George Papashvily
5059,George Pelecanos
5060,George Perry
5061,George Plimpton
5062,George R. Stewart
5063,George R.R. Martin
5064,George Reese
5065,George S. Clason
5066,George Sand
5067,George Saunders
5068,George Selden
5069,George Sherburn
5070,George Spelvin
5071,George Stephanopoulos
5072,George Sullivan
5073,George Townshend
5074,George Tyler Miller
5075,George Ulrich
5076,George V. Higgins
5077,George Vecsey
5078,George W Knight
5079,George Weinberg
5080,George Wilson
5081,George Woodcock
5082,Georges Bernanos
5083,Georges Montforez
5084,Georges Moroz
5085,Georges Passelecq
5086,Georges Perec
5087,Georges Perros
5088,Georges Pérec
5089,Georges Simenon
5090,Georgeson V
5091,Georgette Heyer
5092,Georgia Bockoven
5093,Georgia Byng
5094,Georgina Gentry
5095,Gerald A. Browne
5096,Gerald Astor
5097,Gerald Brom
5098,Gerald Durrell
5099,Gerald Gross
5100,Gerald Jampolsky
5101,Gerald L. Boyd
5102,Gerald L. Holmes
5103,Gerald Lawson Sittser
5104,Gerald Lee Boyd
5105,Gerald Leinwand
5106,Gerald M. Knox
5107,Gerald Malcolm Durrell
5108,Gerald N. Lund
5109,Gerald P. Mulderig
5110,Gerald Petievich
5111,Gerald Posner
5112,Gerald Scarfe
5113,Gerald Seymour
5114,Gerald Stern
5115,Geraldine A. Larkin
5116,Geraldine Brooks
5117,Geraldine Kudaka
5118,Geraldine Thorsten
5119,Geralyn Dawson
5120,Gerard Del Re
5121,Gerard Egan
5122,Gerard Wegemer
5123,Gerda Bean
5124,Gerhard Prause
5125,Gerhard Roth
5126,Geri Guillaume
5127,Geri Larkin
5128,Germaine Greer
5129,Gero Von Randow
5130,Gerrald M. Knox
5131,Gerri Hill
5132,Gerry Conlon
5133,Gerry Goldberg
5134,Gerry Hadden
5135,Gerry Thompson
5136,Gershon Winkler
5137,Gert Postel
5138,Gertrud Muel Nelson
5139,Gertrud Wittich
5140,Gertrude C. Warner
5141,Gertrude Cha Warner
5142,Gertrude Chandler Warner
5143,Gertrude Crampton
5144,Gertrude Harris
5145,Gertrude Stein
5146,Gertrude Warner
5147,Gervase Phinn
5148,Geshe Michael Roach
5149,Ghillie Basan
5150,Gian Paolo Ceserani
5151,Gianni Versace
5152,Gien Karssen
5153,Gil Brewer
5154,Gil Reavill
5155,Gilbert H. Muller
5156,Gilbert Morris
5157,Gilbert Pestureau
5158,Gilda Radner
5159,Giles
5160,Giles Blunt
5161,Giles Gordon
5162,Giles Smith
5163,Giles Watson
5164,Gill Farrer-Halls
5165,Gilles Deleuze
5166,Gilles Perrault
5167,Gillian Butler
5168,Gillian Chapman
5169,Gillian E. Hanscombe
5170,Gillian Emerson-Robe
5171,Gillian Kemp
5172,Gillian Mccain
5173,Gillian Roberts
5174,Gillian Rubinstein
5175,Gimone Hall
5176,Gina B. Nahai
5177,Gina Berriault
5178,Gina Bria
5179,Gina Davidson
5180,Gina Fontana
5181,Gina Ingoglia
5182,Gina Kolata
5183,Gina Mayer
5184,Gina Wisker
5185,Gini Hartzmark
5186,Ginna Gray
5187,Ginny Elkin
5188,Ginu Kamani
5189,Gioconda Belli
5190,Giorgio Amitrano
5191,Giorgio Colli
5192,Giovanni Bandini
5193,Giovanni Boccaccio
5194,Giovanni Di Boccaccio
5195,Giovanni Pontiero
5196,Girling
5197,Gisela Sherman
5198,Gisela Stege
5199,Gita Mehta
5200,Giuliana Pelucchi
5201,Giuliana Peluchi
5202,Giò Waeckerlin Induni
5203,Glade Curtis
5204,Gladys Knight
5205,Gladys Mitchell
5206,Gladys Taylor
5207,Glasgow Media Group
5208,Glasgow University
5209,Glen A. Larson
5210,Glen Cook
5211,Glen David Gold
5212,Glen Duncan
5213,Glen Grant
5214,Glen Hale Bump
5215,Glen Hirshberg
5216,Glencoe/ Mcgraw-Hill - Jamestown Education
5217,Glendon Swarthout
5218,Glenn Dabbs
5219,Glenn Dakin
5220,Glenn Fleishman
5221,Glenn Frankel
5222,Glenn Glasow
5223,Glenn Meade
5224,Glenn Stout
5225,Glenn Yeffeth
5226,Glenna Mcreynolds
5227,Globe
5228,Gloria Anzaldua
5229,Gloria Copeland
5230,Gloria D. Miklowitz
5231,Gloria Ernst
5232,Gloria Gaither
5233,Gloria Hochman
5234,Gloria M. Bulec
5235,Gloria Mallette
5236,Gloria Meier
5237,Gloria Murphy
5238,Gloria Naylor
5239,Gloria Orenstein
5240,Gloria Singer
5241,Gloria Steinem
5242,Gloria Whelan
5243,Glynne Wickham
5244,Goddard
5245,Goldberry Long
5246,Golden Books
5247,Goldrick
5248,Gonzalo Lira
5249,Good Housekeeping Institute
5250,Gordan Korman
5251,Gordon
5252,Gordon A. Craig
5253,Gordon Aeschliman
5254,Gordon Carruth
5255,Gordon Dickson
5256,Gordon Groene
5257,Gordon Honeycombe
5258,Gordon Hutner
5259,Gordon Jarvie
5260,Gordon Korman
5261,Gordon Macdonald
5262,Gordon Mackenzie
5263,Gordon R. Dickson
5264,Gordon S. Haight
5265,Gordon Thomas
5266,Gordon W Green
5267,Gordon W. Prange
5268,Gore Vidal
5269,Gorman
5270,Gosho Aoyama
5271,Gourmet Magazine Editors
5272,Gousha
5273,Gower
5274,Grace Catalano
5275,Grace Collins
5276,Grace F. Edwards
5277,Grace Frick
5278,Grace Gershuny
5279,Grace Green
5280,Grace Livingston Hill
5281,Grace Livingston Hill Library
5282,Grace Mabie
5283,Grace Maccarone
5284,Grace Paley
5285,Grace Shugart
5286,Grace Slick
5287,Graciela Ascarrunz De Gilman
5288,Graciela Ascarrunz Gilman
5289,Graeme Garden
5290,Graham C. Barrett
5291,Graham Caveney
5292,Graham Chester
5293,Graham Greene
5294,Graham Harrison
5295,Graham Hough
5296,Graham Joyce
5297,Graham Lord
5298,Graham Masterton
5299,Graham Oakley
5300,Graham Salisbury
5301,Graham Swift
5302,Graham Thomas
5303,Grahame Lloyd
5304,Grainne Mccartan
5305,Grange Books Ed
5306,Grant
5307,Grant Buday
5308,Grant Naylor
5309,Grant Taylor
5310,Greenwald
5311,Greg
5312,Greg Bear
5313,Greg Brodeur
5314,Greg Cox
5315,Greg Critser
5316,Greg Dinallo
5317,Greg Egan
5318,Greg Farshtey
5319,Greg Giangrande
5320,Greg Hargreaves
5321,Greg Hildebrandt
5322,Greg Hyland
5323,Greg Iles
5324,Greg Johnson
5325,Greg Keyes
5326,Greg Manning
5327,Greg Matthews
5328,Greg Nagan
5329,Greg Palast
5330,Greg Philo
5331,Greg Proops
5332,Greg Rucka
5333,Greg Smalley
5334,Gregg Easterbrook
5335,Gregg Hurwitz
5336,Gregg Lewis
5337,Gregg Olsen
5338,Gregor Gysi
5339,Gregor Sander
5340,Gregor Seferens
5341,Gregory Bean
5342,Gregory Benford
5343,Gregory Frost
5344,Gregory Gibson
5345,Gregory Howard Williams
5346,Gregory Maguire
5347,Gregory Mcdonald
5348,Gregory Rabassa
5349,Gregory Stock
5350,Gregory Stock Ph.D.
5351,Gregory White Smith
5352,Greta Guzek
5353,Greta K. Nagel
5354,Gretchen M. Spreitze
5355,Gretchen Mchugh
5356,Grete Ost
5357,Griff Rhys Jones
5358,Griffin Publishing
5359,Groff Conklin
5360,Gudrun Hovde Gvale
5361,Guideposts Magazine
5362,Guido Eckert
5363,Guido Waldman
5364,Guillaume Apollinaire
5365,Guillermo Cabrena Infante
5366,Guillermo Piedrahita
5367,Gunter Böhmer
5368,Gunther Stuhlmann
5369,Gustaf Lannestock
5370,Gustav Meyrink
5371,Gustave Flaubert
5372,Gustavo Perez-Firmat
5373,Guy Cardwell
5374,Guy Damian-Knight
5375,Guy De Maupassant
5376,Guy Gavriel Kay
5377,Guy Vanderhaeghe
5378,Gwen Cleary
5379,Gwen Ellis
5380,Gwen Gotsch
5381,Gwen Hunter
5382,Gwen Lee
5383,Gwen Macsai
5384,Gwen Shamblin
5385,Gwenda Kaczor
5386,Gwendolyn Mitchell Diaz
5387,Gwyn Hyman Rubio
5388,Gwynedd M. Hudson
5389,Gwyneth Jones
5390,Gwynne Forster
5391,Gynecologist
5392,Gyo Fujikawa
5393,Götz Trenkler
5394,Günter De Bruyn
5395,Günter W. Kienitz
5396,Günter. Jäckel
5397,H
5398,H Krahn
5399,H Leighton Steward
5400,H Roberts Design
5401,H. A. Rey
5402,H. B. Gilmour
5403,H. Beam Piper
5404,H. Castor
5405,H. E. Bates
5406,H. F. Saint
5407,H. G. (Herbert George) Wells
5408,H. G. Wells
5409,H. Gluck
5410,H. J. C. Grierson
5411,H. J. Oliver
5412,H. J. Rose
5413,H. Jackson Brown
5414,H. Jackson Brown Jr.
5415,H. Jay Riker
5416,H. Jerome Freiberg
5417,H. King
5418,H. M. Parshley
5419,H. Miller
5420,H. Mitchell Caldwell
5421,H. Norman Wright
5422,H. P. (Howard Philips) Lovecraft
5423,H. P. Lovecraft
5424,H. R. Millar
5425,H. R. Woudhuysen
5426,H. Rider Haggard
5427,H. S. Bennett
5428,H. T. Willetts
5429,H. W. Fowler
5430,H. Williams
5431,H.B. Gilmour
5432,H.G. Wells
5433,H.P. Lovecraft
5434,H.T. Lowe-Porter
5435,Ha Jin
5436,Hablot K. Browne
5437,Hailey North
5438,Hajime Yadate
5439,Hakan Nesser
5440,Hal B. Pickle
5441,Hal Borland
5442,Hal Clement
5443,Hal Leonard Corp.
5444,Hal Lindsey
5445,Hal Niedzviecki
5446,Hal Rosenbluth
5447,Hal Zina Bennett
5448,Halil Cibran
5449,Hall
5450,Halldor Laxness
5451,Halston
5452,Hamilton Crane
5453,Hammond
5454,Hampton Howard
5455,Hampton Sides
5456,Han
5457,Han Nolan
5458,Han Suyin
5459,Hana Wirth-Nesher
5460,Hanif Kureishi
5461,Hanif. Kureishi
5462,Hanjo Lehmann
5463,Hank Searls
5464,Hank Whittemore
5465,Hanna De Heus
5466,Hanna Rottensteiner
5467,Hannah Alexander
5468,Hannah Arendt
5469,Hannah Crafts
5470,Hannah Howell
5471,Hannah Hurnard
5472,Hannah March
5473,Hannah Mccouch
5474,Hannah Webster Foster
5475,Hannah Whitall Smith
5476,Hanns Peter Karr
5477,Hanoch Mccarty
5478,Hans Christian Andersen
5479,Hans Christian. Anderson
5480,Hans Hermann
5481,Hans J. Alpers
5482,Hans Johannes Hoefer
5483,Hans Kmoch
5484,Hans Loffel
5485,Hans Mayer
5486,Hans Peter Richter
5487,Hans Pfitzinger
5488,Hans Urs Von Balthasar
5489,Hans Weiss
5490,Hans Wilhelm
5491,Hans Wollschläger
5492,Hans-Georg Noack
5493,Hans-Joachim Maass
5494,Hans-Ludwig Böhme
5495,Hans-Ulrich Lindken
5496,Hansen
5497,Hansjörg Martin
5498,Hansjörg Schneider
5499,Hanswilhelm Haefs
5500,Harald Gerlach
5501,Harald Hellmann
5502,Harald Schmidt
5503,Harbison
5504,Hardie  Gramatky
5505,Hari Kunzru
5506,Harlan Coben
5507,Harlan Ellison
5508,Harley Hahn
5509,Harlynne Geisler
5510,Harold Augenbraum
5511,Harold Bloomfield M.D.
5512,Harold Coyle
5513,Harold G. Moore
5514,Harold H. Bloomfield
5515,Harold Hill
5516,Harold Hutchins
5517,Harold Kushner
5518,Harold L Bussell
5519,Harold L. Klawans
5520,Harold M. Silverman
5521,Harold N.
5522,Harold Pinter
5523,Harold R. Lacy
5524,Harold R. Mcalindon
5525,Harold Robbins
5526,Harold S Kushner
5527,Harold S. Kushner
5528,Harold Schechter
5529,Harold Tarrant
5530,Harold W. Blodgett
5531,Harper Allen
5532,Harper Collins Publishers
5533,Harper Lee
5534,Harperreference
5535,Harpersanfrancisco
5536,Harpo Marx
5537,Harrar
5538,Harriet Beecher Sto
5539,Harriet Beecher Stowe
5540,Harriet Castor
5541,Harriet Doerr
5542,Harriet Grey
5543,Harriet Lerner
5544,Harriet Roth
5545,Harriet Segal
5546,Harriett Springe
5547,Harriette Arnow
5548,Harris
5549,Harrison
5550,Harrison Cady
5551,Harrison E. Salisbury
5552,Harrison Evans Salisbury
5553,Harro Christensen
5554,Harry Bates
5555,Harry Browne
5556,Harry Crews
5557,Harry Gersteneker
5558,Harry H. Harrison Jr.
5559,Harry H. Hiller
5560,Harry Harrison
5561,Harry Homewood
5562,Harry Kemelman
5563,Harry Kondoleon
5564,Harry Kressing
5565,Harry Lawrence
5566,Harry M. Walker
5567,Harry Mazer
5568,Harry Mcnaught
5569,Harry Mulisch
5570,Harry Paul
5571,Harry Rowohlt
5572,Harry Shaw
5573,Harry Stein
5574,Harry Thompson
5575,Harry Turtledove
5576,Harry Wu
5577,Hart
5578,Hartmut Bieg
5579,Hartmut Zahn
5580,Haruki Murakami
5581,Harve Bennett
5582,Harvey Bernhard
5583,Harvey Diamond
5584,Harvey Fierstein
5585,Harvey Karp
5586,Harvey Kidder
5587,Harvey R. Greenberg
5588,Harville Hendrix
5589,Haskel Frankel
5590,Haven Kimmel
5591,Hayden Herrera
5592,Hayden Mead
5593,Hayden Peake
5594,Haywood Smith
5595,Hazel Harrison
5596,Hazel Holt
5597,Hazel M. Denning
5598,Hazelden Publishing
5599,Hearst Corp Hous
5600,Heather
5601,Heather Amery
5602,Heather Arnel Paulsen
5603,Heather Dune Macadam
5604,Heather Graham
5605,Heather Graham Pozzessere
5606,Heather Jarman
5607,Heather Macallister
5608,Heather Macdonald
5609,Heather Mcnamara
5610,Heather Mercer
5611,Hebert
5612,Hector Malot
5613,Hedrick Smith
5614,Heidi E. Y. Stemple
5615,Heidi Julavits
5616,Heidi Kaye
5617,Heidi Murkoff
5618,Heidi Palmer
5619,Heidi-Marie Blackwel
5620,Heike Geißler
5621,Heike Hohlbein
5622,Heike Schlatterer
5623,Heike Schwarzbauer
5624,Heike Wicklein
5625,Heiner Bastian
5626,Heiner Friedlich
5627,Heini Gruffudd
5628,Heinrich Boll
5629,Heinrich Böll
5630,Heinrich Heine
5631,Heinrich Mann
5632,Heinrich Von Kleist
5633,Heinrich Wallfisch
5634,Heinz G. Konsalik
5635,Heinz Tophinke
5636,Heinz Zahrnt
5637,Heinz Zwack
5638,Helen  Fielding
5639,Helen Ashfield
5640,Helen Banes
5641,Helen Bannerman
5642,Helen Bee
5643,Helen Bianchin
5644,Helen Brooks
5645,Helen Cann
5646,Helen Chappell
5647,Helen Colijn
5648,Helen Dunmore
5649,Helen Ellis
5650,Helen Epstein
5651,Helen Eustis
5652,Helen Exley
5653,Helen Fielding
5654,Helen Fremont
5655,Helen Harrison
5656,Helen Hodgman
5657,Helen Hooven Santmyer
5658,Helen Hull
5659,Helen Humphreys
5660,Helen Hunt Jackson
5661,Helen John
5662,Helen Keller
5663,Helen Lane
5664,Helen Lester
5665,Helen Lovekin
5666,Helen Macinnes
5667,Helen Oxenbury
5668,Helen Prejean
5669,Helen R Myers
5670,Helen R. Myers
5671,Helen Spears
5672,Helen Stauffer Winter
5673,Helen Steiner Rice
5674,Helen Stratton
5675,Helen Van Slyke
5676,Helene Cixous
5677,Helene Desputeaux
5678,Helene Hanff
5679,Helene Karmasin
5680,Helene Siegel
5681,Helene Wiggin
5682,Helga Hegewisch
5683,Helga Heller-Neumann
5684,Helga Krüger
5685,Helga Olkowski
5686,Helga Schneider
5687,Helga Tiscenko
5688,Helga Van Beuningen
5689,Helge Schneider
5690,Helias
5691,Hella S. Haasse
5692,Hella S. Haasse Haasse
5693,Heller
5694,Helmut Dierlamm
5695,Helmut Kossodo
5696,Helmut Sembdner
5697,Henning Mankell
5698,Henning Stegelmann
5699,Henri J. M. Nouwen
5700,Henri Mitterand
5701,Henri Robillot
5702,Henri Troyat
5703,Henri Vincenot
5704,Henrietta Stickland
5705,Henrik Drescher
5706,Henrik Ibsen
5707,Henry Beard
5708,Henry Blackaby
5709,Henry Collins
5710,Henry David Thoreau
5711,Henry Fielding
5712,Henry Graham
5713,Henry James
5714,Henry Lincoln
5715,Henry Louis Gates Jr.
5716,Henry Miller
5717,Henry Petroski
5718,Henry Porter
5719,Henry Reed
5720,Henry Rollins
5721,Henry Root
5722,Henry Roth
5723,Henry Scammell
5724,Henry Serrano Villard
5725,Henry W. Simon
5726,Henry W. Stine
5727,Hentoff
5728,Hera Lind
5729,Herb Goldberg
5730,Herbert B. Puryear
5731,Herbert Bailey Livesey
5732,Herbert Fensterheim Ph.D.
5733,Herbert G. Wells
5734,Herbert Geisen
5735,Herbert George Wells
5736,Herbert Gold
5737,Herbert Günther
5738,Herbert H. Lieberman
5739,Herbert Hendin
5740,Herbert M. Morais
5741,Herbert R. Kohl
5742,Herbert S Zim
5743,Herbert S. Zim
5744,Herberth E. Herlitschka
5745,Hergé
5746,Herma Briffault
5747,Herman Belz
5748,Herman J. Viola
5749,Herman Melville
5750,Herman Miller
5751,Herman Wouk
5752,Hermann Buchner
5753,Hermann Hesse
5754,Hermann Palsson
5755,Hermann Stiehl
5756,Hermann Vetter
5757,Hermann Vinke
5758,Hernando De Soto
5759,Heron
5760,Hertha Pauli
5761,Herve Bazin
5762,Hervey Allen
5763,Hervé Bazin
5764,Hesper Anderson
5765,Hiaasen
5766,Hickm
5767,Hickman
5768,Higgins
5769,Higgins Clark
5770,Hilaire Belloc
5771,Hilary Ba
5772,Hilary Bailey
5773,Hilary Hemingway
5774,Hilary Jenkins
5775,Hilary Knight
5776,Hilary Mantel
5777,Hilary Masters
5778,Hilary Walden
5779,Hilda Rosner
5780,Hilda Stahl
5781,Hildegard Of Bingen
5782,Hillary Frank
5783,Hillary Rodham Clinton
5784,Hinako Ashihara
5785,Hiro Mashima
5786,Hiroko Storm
5787,Hiromi Goto
5788,Hirschfield
5789,His Holiness The Dalai Lama
5790,Hisaye Yamamoto
5791,Hitoshi Okuda
5792,Hoang Lam
5793,Holden Scott
5794,Holger Fock
5795,Holger Freese
5796,Hollace Davids
5797,Holley Rubinsky
5798,Hollis Gillespie
5799,Holly Black
5800,Holly Halverson
5801,Holly Hobbie
5802,Holly Hughes
5803,Holly Lisle
5804,Holly Payne
5805,Holly Thompson
5806,Holly Virden
5807,Holly-Jane Rahlens
5808,Holt Mcdougal
5809,Hom
5810,Homer
5811,Homer Hickam
5812,Hongzhi Li
5813,Honolulu Theatre For Youth
5814,Honoré De Balzac
5815,Hope S. Warshaw
5816,Horace
5817,Horace Walpole
5818,Horik Svensson
5819,Horst Herzig
5820,Horst Rechelbacher
5821,Hortense Calisher
5822,Howard Anderson
5823,Howard Blum
5824,Howard C. Cutler
5825,Howard Cosell
5826,Howard Dean
5827,Howard Fast
5828,Howard Frank Mosher
5829,Howard Hendricks
5830,Howard Kaminsky
5831,Howard M. Fast
5832,Howard Mohr
5833,Howard Norman
5834,Howard P. Lovecraft
5835,Howard Peiper
5836,Howard Pyle
5837,Howard Richler
5838,Howard Roughan
5839,Howard Schultz
5840,Howard Shaw
5841,Howard Stern
5842,Howard Weinstein
5843,Howard Zinn
5844,Howard-Yana Shapiro Ph.D.
5845,Howe Stidger
5846,Howell Raines
5847,Hozy Rossi
5848,Hsi-Sheng Ch'I
5849,Hsi-Sheng Chi
5850,Hsu Hui-Chih
5851,Hubert Deymann
5852,Hubert Haensel
5853,Hubert Jr Selby
5854,Hubert Mingarelli
5855,Hubert Nyssen
5856,Hubert Schumann
5857,Hubert Selby
5858,Hubert Selby  Jr.
5859,Hubert Selby Jr.
5860,Hugh Campbell
5861,Hugh Collins
5862,Hugh Cook
5863,Hugh Fleetwood
5864,Hugh Lofting
5865,Hugh Miall
5866,Hugh Miller
5867,Hugh Prather
5868,Hugh Rawson
5869,Hugh Ross Williamson
5870,Hugh Sebag-Montefiore
5871,Hugh Thomson
5872,Hugh Tredennic
5873,Hugo
5874,Hugo Marsan
5875,Hulton Getty
5876,Hunter Madsen
5877,Hunter S. Thompson
5878,Hunter Scott
5879,Husain Haddawy
5880,Huston Curtiss
5881,Huston Sm
5882,Huston Smith
5883,Hy C
5884,Hyemeyohsts Storm
5885,Hysteria Magazine
5886,Hélène Narbonne
5887,I. M. Peeved
5888,I.J. Parker
5889,I.Q. Hunter
5890,Iain Banks
5891,Iain Finlay
5892,Iain Gately
5893,Iain Johnstone
5894,Iain Lawrence
5895,Iain M. Banks
5896,Iain Pears
5897,Iain Zaczek
5898,Ian Buruma
5899,Ian C. Ellis
5900,Ian Caldwell
5901,Ian Carr
5902,Ian Ferguson
5903,Ian Fleming
5904,Ian Frazier
5905,Ian G. Saunders
5906,Ian Gibson
5907,Ian Hamilton
5908,Ian Irvine
5909,Ian J. Burton
5910,Ian Jack
5911,Ian Jackson
5912,Ian Kellam
5913,Ian Kershaw
5914,Ian Livingstone
5915,Ian Macewan
5916,Ian Mcewan
5917,Ian Page
5918,Ian Rankin
5919,Ian S. Graham
5920,Ian Schoenherr
5921,Ian Sheldon
5922,Ian Small
5923,Ian St.James
5924,Ian Stewart
5925,Ian Wiseman
5926,Ib Melchior
5927,Ida Fink
5928,Ideals Publications Inc
5929,Ido Dubrawsky
5930,Idries Shah
5931,Ignatius
5932,Iii Adams
5933,Ika Hügel-Marshall
5934,Ilan Stavans
5935,Ildikó Von Kürthy
5936,Illiad
5937,"Illiad"" Frazer J.D."
5938,Illona Linthwaite
5939,Illustrated By Andy Stiles Rector
5940,Illustrated By Trevor Aldous
5941,Ilon Wikland
5942,Ilona Koidahl
5943,Ilona Maria Hilliges
5944,Ilya Ilf
5945,Imelda Whe
5946,Imraan Coovadia
5947,In-Soo Ra
5948,Ina Garten
5949,Ina May Gaskin
5950,Ina Rilke
5951,Inc. Let'S Go
5952,Incorporated Al-Anon Family Group Headquarters
5953,India Edghill
5954,India Knight
5955,Indu Sundaresan
5956,Ineke Van Sijl
5957,Inez Mcalister Faber
5958,Inga Moore
5959,Inga Muscio
5960,Inge Leipold
5961,Inge Sargent
5962,Ingmar
5963,Ingo Walter
5964,Ingri D'Aulaire
5965,Ingrid Emerick
5966,Ingrid Newkirk
5967,Ingrid Noll
5968,Ingrid Sturgis
5969,Ingrid Tomey
5970,Ingrid Weaver
5971,Inigo Surguy
5972,Inoue Takehito
5973,Introduction Burton Raffel
5974,Iola Haverstick
5975,Iona Opie
5976,Ionicus - Joshua Armitage
5977,Iorwerth Eiddon Stephen Edwards
5978,Ippy Patterson
5979,Ira Levin
5980,Ira S. Behr
5981,Ira Skutch
5982,Ira Wolfman
5983,Iren
5984,Irene Allen
5985,Irene B. Brand
5986,Irene Diamond
5987,Irene Dische
5988,Irene Gunther
5989,Irene Gut Opdyke
5990,Irene Hunt
5991,Irene M. Pascoe
5992,Irene N. Watts
5993,Irene Nießen
5994,Irene Northan
5995,Irene Radford
5996,Irene Rumler
5997,Irene Testot-Ferry
5998,Irene Trivas
5999,Iris Gadd
6000,Iris Johansen
6001,Iris Murdoch
6002,Iris Nowell
6003,Iris R. Dart
6004,Iris Rainer Dart
6005,Iris Ranier Dart
6006,Irma Kurtz
6007,Irma S. Rombauer
6008,Irmela Arnsberger
6009,Irmtraud Zimmermann-Göllheim
6010,Irv Docktor
6011,Irvin D. Yalom
6012,Irvine Welsh
6013,Irving
6014,Irving Adler
6015,Irving Stone
6016,Irving Wallace
6017,Irwin Shaw
6018,Irène Frain
6019,Isaac Adamson
6020,Isaac Asimov
6021,Isaac Bashevis Singer
6022,Isaak Babel
6023,Isabel Alcántara
6024,Isabel Allende
6025,Isabel Anders
6026,Isabel Fonseca
6027,Isabel Miller
6028,Isabel Quigly
6029,Isabel Stanley
6030,Isabel Wolff
6031,Isabella Macdonald A
6032,Isabelle Chin Chang
6033,Isabelle Eberhardt
6034,Isabelle Holland
6035,Isabelle R
6036,Isadora Tattlin
6037,Isak Dinesen
6038,Isamu Saito
6039,Iselin C. Hermann
6040,Ismail Kadare
6041,Isobel Bird
6042,Isobel Murray
6043,Isobelle Carmody
6044,Israel Regardie
6045,Italo Calvino
6046,Ivan Aralica
6047,Ivan Doig
6048,Ivan Morris
6049,Ivana Trump
6050,Ivy Landon
6051,Iyanla Vanzant
6052,J Corrie
6053,J Kirby
6054,J Lisle
6055,J R R Tolkien
6056,J Smith
6057,J. Applegate
6058,J. B. Calchman
6059,J. Baxter Newgate
6060,J. C. Polkinghorne
6061,J. C. Suares
6062,J. Collis
6063,J. D. Bisignani
6064,J. D. Christilian
6065,J. D. Robb
6066,J. D. Salinger
6067,J. Dennis Deitz
6068,J. Donald Crowley
6069,J. E. Lohr
6070,J. F. Freedman
6071,J. G Jeffreys
6072,J. G. Ballard
6073,J. G. Farrell
6074,J. G. Jeffreys
6075,J. G. Williams
6076,J. Gregory Keyes
6077,J. H. Barton
6078,J. I. M. Stewart
6079,J. J. Graham
6080,J. J. Scarisbrick
6081,J. K. Potter
6082,J. K. Rowling
6083,J. Kapistram Bott
6084,J. Lawler
6085,J. M. Barrie
6086,J. M. Coetzee
6087,J. M. Morgan
6088,J. M. Synge
6089,J. Mcnally
6090,J. Michael Straczynski
6091,J. N. M. Wijngaards
6092,J. Orde
6093,J. Oswald Sanders
6094,J. P Kenyon
6095,J. P. Donleavy
6096,J. P. Gosse
6097,J. P. Mccarthy
6098,J. Patrick
6099,J. R. Kaiser
6100,J. R. Parrish
6101,J. R. R. Tolkien
6102,J. Robert King
6103,J. Robert Lennon
6104,J. S. Borthwick
6105,J. Scaparro
6106,J. Steven Perry
6107,J. T. L James
6108,J. T. Leroy
6109,J. V. Beckett
6110,J. Verleye
6111,J.-D. Nasio
6112,J.-P. Mayer
6113,J.A. Jance
6114,J.C. Pollock
6115,J.D. Landis
6116,J.D. Mcclatchy
6117,J.D. Robb
6118,J.D. Salinger
6119,J.F.
6120,J.F. Federspiel
6121,J.J. Dewey
6122,J.K. Rowling
6123,J.M. Barrie
6124,J.M. Dillard
6125,J.M. Morris
6126,J.M. O'Neill
6127,J.N. Williamson
6128,J.P. Carasso
6129,J.R. Black
6130,J.R.R. Tolkien
6131,J.S. Goodall
6132,Ja
6133,Jacey Ford
6134,Jack
6135,Jack Brou
6136,Jack C. Harris
6137,Jack Canfield
6138,Jack Chapman
6139,Jack Clifford Smith
6140,Jack Cohen
6141,Jack Countryman
6142,Jack Dann
6143,Jack David
6144,Jack Du Brul
6145,Jack E. Davis
6146,Jack Finney
6147,Jack Fuller
6148,Jack Gantos
6149,Jack Gaver
6150,Jack Geasland
6151,Jack Gregory
6152,Jack Hamm
6153,Jack Handey
6154,Jack Heffron
6155,Jack Henry Abbott
6156,Jack Higgins
6157,Jack Hitt
6158,Jack Hodgins
6159,Jack Holland
6160,Jack Hopkins
6161,Jack Jones
6162,Jack Kerouac
6163,Jack Kersh
6164,Jack Ketchum
6165,Jack Kornfield
6166,Jack L. Chalker
6167,Jack Lindstrom
6168,Jack London
6169,Jack M. Bickham
6170,Jack Maguire
6171,Jack Mcdevitt
6172,Jack Mcdowell
6173,Jack Moore
6174,Jack Olsen
6175,Jack Prelutsky
6176,Jack Schaefer
6177,Jack Sheehan
6178,Jack Shepherd
6179,Jack Sternlieb
6180,Jack Vance
6181,Jack Weatherford
6182,Jack Welch
6183,Jack Whyte
6184,Jack Williamson
6185,Jack Womack
6186,Jack Zipes
6187,Jacki Lyden
6188,Jackie Aher
6189,Jackie Collins
6190,Jackie Eileen Behrend
6191,Jackie Forster
6192,Jackie Freiberg
6193,Jackie French Koller
6194,Jackie Geyer
6195,Jackie Kendall
6196,Jackie Merritt
6197,Jackson Morisawa
6198,Jacky Robinson
6199,Jacky Ross
6200,Jaclyn Grace
6201,Jacob
6202,Jacob Boas
6203,Jacob Grimm
6204,Jacob Ludwig Carl Grimm
6205,Jacob W. Grimm
6206,Jacob Weisberg
6207,Jacqueline Briskin
6208,Jacqueline Carey
6209,Jacqueline Chwast
6210,Jacqueline Demontravel
6211,Jacqueline Diamond
6212,Jacqueline Girdner
6213,Jacqueline Harpman
6214,Jacqueline Kasun
6215,Jacqueline L. Tobin
6216,Jacqueline Navin
6217,Jacqueline Park
6218,Jacqueline Roge
6219,Jacqueline Rose
6220,Jacqueline Susann
6221,Jacqueline Winspear
6222,Jacqueline Woodson
6223,Jacquelyn Mitchard
6224,Jacques Aubert
6225,Jacques Barbéri
6226,Jacques Bouveresse
6227,Jacques Chambon
6228,Jacques Charon
6229,Jacques Higelin
6230,Jacques Lacarrière
6231,Jacques Martinache
6232,Jacques Meunier
6233,Jacques Papy
6234,Jacques Prévert
6235,Jacques Réda
6236,Jacques Serguine
6237,Jacques Tournier
6238,Jacques Vallee
6239,Jacques Wirz
6240,Jacquie D'Alessandro
6241,Jade Snow Wong
6242,Jael
6243,Jahnna N Malcolm
6244,Jaime Bayly
6245,Jaime Manrique
6246,Jaime O'Neill
6247,Jaimy Gordon
6248,Jake Barnett
6249,Jake Vest
6250,Jalal Al-Din Rumi
6251,Jalaloddin Rumi
6252,Jamaica Kincaid
6253,James
6254,James A. Antonucci
6255,James A. Freeman
6256,James A. Michener
6257,James A. Moore
6258,James Agee
6259,James Alan Gardner
6260,James Alexander Thom
6261,James Andrew Miller
6262,James Axler
6263,James B. Johnson
6264,James B. South
6265,James Baen
6266,James Baker Hall
6267,James Bannon
6268,James Barclay
6269,James Barkley
6270,James Beard
6271,James Blish
6272,James Bovard
6273,James Bradley
6274,James Bryan Smith
6275,James Burke
6276,James C. Collins
6277,James C. Dobson
6278,James C. Hefley
6279,James C. Robertson
6280,James Cameron
6281,James Carroll
6282,James Carville
6283,James Chellis
6284,James Clavell
6285,James Cowan
6286,James Creighton Ph.D.
6287,James Cross Giblin
6288,James Cummins
6289,James Curtis
6290,James D. Berkley
6291,James D. Denny
6292,James D. Houston
6293,James D. Nichols
6294,James D. Watson
6295,James Dickey
6296,James Dobson
6297,James Duncan
6298,James E. Kloetzel
6299,James E. Means
6300,James Eade
6301,James Ellison
6302,James Ellroy
6303,James F. Dunnigan
6304,James F. Mccloy
6305,James Fenimore Cooper
6306,James Finn Garner
6307,James Fleming
6308,James Fox
6309,James G. Nourse
6310,James Gleick
6311,James Goldman
6312,James Goodwill
6313,James Gould Cozzens
6314,James Greene
6315,James Grippando
6316,James Guimo
6317,James Gunn
6318,James Gurney
6319,James H. English
6320,James H. Schmitz
6321,James Hadley Chase
6322,James Hatch
6323,James Hawes
6324,James Herbert
6325,James Herriot
6326,James Hillman
6327,James Hilton
6328,James Hinkle
6329,James Houston
6330,James Howe
6331,James Humphreys
6332,James Hynes
6333,James J. Curtin
6334,James J. Fahey
6335,James Jennings
6336,James Jones
6337,James Joyce
6338,James K. Robinson
6339,James K. Whitesell
6340,James Kahn
6341,James Kelman
6342,James Kidman
6343,James Kinsley
6344,James Kirkup
6345,James L. Halperin
6346,James L. Stanfield
6347,James Lapine
6348,James Lee Burke
6349,James Lees-Milne
6350,James Long
6351,James Lovegrove
6352,James Lowder
6353,James Lucas
6354,James Luceno
6355,James M. Cain
6356,James M. Citrin
6357,James M. Henslin
6358,James M. Kouzes
6359,James M. Mcpherson
6360,James M. Powell
6361,James M. Sorelle
6362,James M. Wall
6363,James Madison
6364,James Marshall
6365,James Marsters
6366,James Martin
6367,James Maybrick
6368,James Mcbride
6369,James Mccourt
6370,James Mcfarlane
6371,James Mcilrath
6372,James Mckean
6373,James Moloney
6374,James Montgomery Boice
6375,James Morgan
6376,James Morrow
6377,James N. Frey
6378,James Neff
6379,James O'Reilly
6380,James P. Caher
6381,James P. Hogan
6382,James P. Mcgettigan
6383,James P. Womack
6384,James Patrick Donleavy
6385,James Patterson
6386,James Pope
6387,James Powell
6388,James Preller
6389,James Preston Girard
6390,James Pruitt
6391,James R. Kincaid
6392,James Redfield
6393,James Reese
6394,James Riordan
6395,James Robert Milam
6396,James Rollins
6397,James Roy Newman
6398,James Ruddick
6399,James Runcie
6400,James Ryan
6401,James S Thayer
6402,James S. Olson
6403,James Saywell
6404,James Schuyler
6405,James Scott Bell
6406,James Stenstrum
6407,James Stevenson
6408,James Strachey
6409,James Strong Ll.D. S.T.D.
6410,James Swain
6411,James T. Farrell
6412,James Tate
6413,James Taylor
6414,James Tertius De Kay
6415,James Tertius Dekay
6416,James Thomas
6417,James Thurber
6418,James Tiptree Jr.
6419,James Trefil
6420,James V. Hart
6421,James Van Praagh
6422,James W. Brown
6423,James W. Clarke
6424,James W. Demers
6425,James W. Green
6426,James W. Hall
6427,James W. Huston
6428,James W. Loewen
6429,James Ward Lee
6430,James Wasserman
6431,James Welch
6432,James Whitehead
6433,James Wilcox
6434,James Willwerth
6435,James Wolcott
6436,James Wright
6437,Jamie Bastedo
6438,Jamie Buckingham
6439,Jamie Denton
6440,Jamie O'Neill
6441,Jamie S. Rich
6442,Jamie Sams
6443,Jamie Simons
6444,Jamie Smith
6445,Jamie Stamper
6446,Jamie Suzanne
6447,Jamie Talan
6448,Jamil I. Toubbeh
6449,Jamila Gavin
6450,Jan Berenson
6451,Jan Berenstain
6452,Jan Bondeson
6453,Jan Brett
6454,Jan Brogan
6455,Jan Burke
6456,Jan Böthern
6457,Jan Coffey
6458,Jan Dodd
6459,Jan Dravecky
6460,Jan Freed
6461,Jan Fries
6462,Jan Gabriel
6463,Jan Guillou
6464,Jan Harold Brunvand
6465,Jan Karon
6466,Jan Lynette Dargatz
6467,Jan Mark
6468,Jan Mcdaniel
6469,Jan Mckee
6470,Jan Mehlum
6471,Jan Molby
6472,Jan Naimo Jones
6473,Jan Rogozinski
6474,Jan S. Danis
6475,Jan Siegel
6476,Jan Werner
6477,Jan Woudhuysen
6478,Jana Marcus
6479,Jana Stone
6480,Jane Addams
6481,Jane Aiken Hodge
6482,Jane Austen
6483,Jane B Burka
6484,Jane B. Mason
6485,Jane Barry
6486,Jane Bicks
6487,Jane Browne
6488,Jane Bryant Quinn
6489,Jane Cairo
6490,Jane Chapman
6491,Jane E. Aaron
6492,Jane E. Nelson
6493,Jane Feather
6494,Jane Fonda
6495,Jane Gardam
6496,Jane Goldman
6497,Jane Goodall
6498,Jane Graves
6499,Jane Green
6500,Jane Haddam
6501,Jane Hamilton
6502,Jane Harrington
6503,Jane Heller
6504,Jane Hissey
6505,Jane Hitchcock
6506,Jane Hoffman
6507,Jane Holtz Kay
6508,Jane Hope
6509,Jane Isenberg
6510,Jane Juska
6511,Jane Kenyon
6512,Jane Kirkpatrick
6513,Jane Langton
6514,Jane Latourette
6515,Jane Lindskold
6516,Jane Lyle
6517,Jane M. Lindskold
6518,Jane Mccafferty
6519,Jane Mendelsohn
6520,Jane Moore
6521,Jane Newdick
6522,Jane Noraika
6523,Jane Orcutt
6524,Jane Peart
6525,Jane Pettigrew
6526,Jane Pitz
6527,Jane R. Hirschmann
6528,Jane Resh Thomas
6529,Jane Roberts
6530,Jane Roberts Wood
6531,Jane Rogers
6532,Jane Rule
6533,Jane Shapiro
6534,Jane Sigaloff
6535,Jane Simmons
6536,Jane Smiley
6537,Jane Stern
6538,Jane Sughrue Giberga
6539,Jane Urquhart
6540,Jane Yolen
6541,Janell Cannon
6542,Janelle Denison
6543,Janelle Dennison
6544,Janelle Taylor
6545,Janet
6546,Janet Adele Bloss
6547,Janet Ahlberg
6548,Janet Alfieri
6549,Janet Benge
6550,Janet Berliner
6551,Janet Bukovinsky Teacher
6552,Janet Dailey
6553,Janet E. Lapp
6554,Janet Evanovich
6555,Janet Farrington Graham
6556,Janet Ferrell
6557,Janet Fitch
6558,Janet Frame
6559,Janet Frank
6560,Janet Gleeson
6561,Janet Groene
6562,Janet Hale
6563,Janet Kagan
6564,Janet Kessel Fletcher
6565,Janet Kovalcik
6566,Janet Laurel
6567,Janet Lee Carey
6568,Janet Leigh
6569,Janet Luhrs
6570,Janet Lunn
6571,Janet Lynnford
6572,Janet Mills
6573,Janet Morris
6574,Janet Parker Beck
6575,Janet Peery
6576,Janet Quin-Harkin
6577,Janet S. Klosko
6578,Janet Schulman
6579,Janet Scott Batchler
6580,Janet Sobesky
6581,Janet Sternberg
6582,Janet Sternburg
6583,Janet Tashjian
6584,Janet Taylor Lisle
6585,Janet Wallach
6586,Janet Zand
6587,Janette Hall
6588,Janette Oke
6589,Janette Turner Hospital
6590,Janice Bennett
6591,Janice Carlisle
6592,Janice Dickinson
6593,Janice Graham
6594,Janice Gray Kolb
6595,Janice Harrell
6596,Janice Hudson
6597,Janice Johnson
6598,Janice Kaiser
6599,Janice Kay Johnson
6600,Janice Kinnealy
6601,Janice Law
6602,Janice Macdonald
6603,Janice Novak
6604,Janice Pennington
6605,Janie Jasin
6606,Janine Boissard
6607,Janine M. Benyus
6608,Janis Abrahms Spring
6609,Janis Arnold
6610,Janis Flores
6611,Jann Mitchell
6612,Janni Lee Simner
6613,Janny Wurts
6614,Janosch
6615,Janwillem Van De Wetering
6616,Jaouen
6617,Jaqueline King
6618,Jared Lee
6619,Jared M. Diamond
6620,Jari Tervo
6621,Jarrold Publishing
6622,Jasmine Cresswell
6623,Jason Fruchter
6624,Jason Little
6625,Jason Moss
6626,Jason Starr
6627,Jason Theodosakis
6628,Jason Wilson
6629,Jason Wood
6630,Jasper Fforde
6631,Javier Cercas
6632,Javier Marías
6633,Jay Anson
6634,Jay Bakker
6635,Jay Bennett
6636,Jay Brandon
6637,Jay Heinrichs
6638,Jay Jennings
6639,Jay Leno
6640,Jay Mcinerney
6641,Jay Mohr
6642,Jay Parini
6643,Jay R. Montavon
6644,Jay Rubin
6645,Jay Schulberg
6646,Jay Sylvan Cohen
6647,Jay Winik
6648,Jay Wise
6649,Jayne An
6650,Jayne Ann Krentz
6651,Jayne Anne Phillips
6652,Jayne Castle
6653,Jayne Wexler
6654,Je
6655,Jea Yu
6656,Jean Aitchison
6657,Jean Amery
6658,Jean Anouilh
6659,Jean Auel
6660,Jean Baer
6661,Jean Barrett
6662,Jean Baudrillard
6663,Jean Bonnefoy
6664,Jean Booker
6665,Jean Brashear
6666,Jean Chandler
6667,Jean Cocteau
6668,Jean Craighead George
6669,Jean Davis Callaghan
6670,Jean De Brunhoff
6671,Jean De La Fontaine
6672,Jean Debrunhoff
6673,Jean Dominiqu Bauby
6674,Jean Estoril
6675,Jean Feiwel
6676,Jean Ferris
6677,Jean Genet
6678,Jean Giono
6679,Jean Giraudoux
6680,Jean Hager
6681,Jean Hanff Korelitz
6682,Jean Heller
6683,Jean Hortense Seligmann
6684,Jean Kilbourne
6685,Jean Krueger
6686,Jean Liedloff
6687,Jean Little
6688,Jean Lorrah
6689,Jean M Auel
6690,Jean M. Auel
6691,Jean M. Fredette
6692,Jean Markale
6693,Jean Marzollo
6694,Jean Ollivier
6695,Jean P. Sasson
6696,Jean Pare
6697,Jean Paul Tibbles
6698,Jean Paul Trembl
6699,Jean Plaidy
6700,Jean Racine
6701,Jean Rhys
6702,Jean Ritchie
6703,Jean Rouaud
6704,Jean Sasson
6705,Jean Shepherd
6706,Jean Stead
6707,Jean Stewart
6708,Jean Thesman
6709,Jean Thompson
6710,Jean Ure
6711,Jean Van Hamme
6712,Jean Van Leeuwen
6713,Jean Wells
6714,Jean Wickstrom Liles
6715,Jean-
6716,Jean-Bernard Pouy
6717,Jean-Christophe Grangé
6718,Jean-Christophe Rufin
6719,Jean-Claude Gotting
6720,Jean-Claude Suares
6721,Jean-Dominique Bauby
6722,Jean-Françoi
6723,Jean-François Revel
6724,Jean-Jacques Rousseau
6725,Jean-Jacques Sempe
6726,Jean-Jacques Sempé
6727,Jean-Joseph Julaud
6728,Jean-Marie Gustave Le Clézio
6729,Jean-Michel Besnier
6730,Jean-Noël Schifano
6731,Jean-Paul Dubois
6732,Jean-Paul Sartre
6733,Jean-Paul Tibbles
6734,Jean-Philippe Toussaint
6735,Jean-Pierre Gérault
6736,Jean-Pierre Harrison
6737,Jean-Pierre Lefebvre
6738,Jean-Pierre Olié
6739,Jean-Pierre Renard
6740,Jeane Macintosh
6741,Jeane Renick
6742,Jeanette Baker
6743,Jeanette Gilge
6744,Jeanette Winterson
6745,Jeanie Legend
6746,Jeanine Larmoth
6747,Jeanne Argent
6748,Jeanne Avery
6749,Jeanne Betancourt
6750,Jeanne Braselton
6751,Jeanne D'Haem
6752,Jeanne Duprau
6753,Jeanne Hendricks
6754,Jeanne K. Hanson
6755,Jeanne Kalogridis
6756,Jeanne Larsen
6757,Jeanne M. Dams
6758,Jeanne Ray
6759,Jeanne Thieme
6760,Jeanne Wakatsuki
6761,Jeanne Willis
6762,Jeannette Batz
6763,Jeannette Eyerly
6764,Jeannie Ebner
6765,Jeannie Sakol
6766,Jeannie. Harmon
6767,Jeannine Guichrdet
6768,Jeannine Kadow
6769,Jed Gillen
6770,Jeff
6771,Jeff Abbott
6772,Jeff Aubery
6773,Jeff Barson
6774,Jeff Burgess
6775,Jeff Carlson
6776,Jeff Coghill
6777,Jeff Coplon
6778,Jeff Cox
6779,Jeff Davidson Jeffrey P.
6780,Jeff Easley
6781,Jeff Foxworthy
6782,Jeff Friedman
6783,Jeff Gelb
6784,Jeff Gomez
6785,Jeff Kelly
6786,Jeff Leeland
6787,Jeff Mariotte
6788,Jeff Moss
6789,Jeff O'Leary
6790,Jeff Perk
6791,Jeff Reid
6792,Jeff Rovin
6793,Jeff Selis
6794,Jeff Shaara
6795,Jeff Smith
6796,Jeff Stone
6797,Jeff Woodman
6798,Jeffery  Deaver
6799,Jeffery Archer
6800,Jeffery Deaver
6801,Jeffery Hudson
6802,Jeffrey Archer
6803,Jeffrey Asher Nesbit
6804,Jeffrey D. Greene
6805,Jeffrey Deaver
6806,Jeffrey E. Young
6807,Jeffrey Eugenides
6808,Jeffrey Haas
6809,Jeffrey Hopkins
6810,Jeffrey Hudson
6811,Jeffrey Konvitz
6812,Jeffrey Kottler
6813,Jeffrey Lent
6814,Jeffrey Lord
6815,Jeffrey Marks
6816,Jeffrey Meyers
6817,Jeffrey Moussaieff Masson
6818,Jeffrey P. Lindsay
6819,Jeffrey Robinson
6820,Jelloun
6821,Jemiah Jefferson
6822,Jen Banbury
6823,Jen Green
6824,Jenelle Feyh
6825,Jeni Bassett
6826,Jenia Graman
6827,Jenine Pontillo
6828,Jenna Mcknight
6829,Jenna Mills
6830,Jenna Ryan
6831,Jennet Conant
6832,Jennie Hanks
6833,Jennifer Armstrong
6834,Jennifer Ash
6835,Jennifer Bassett
6836,Jennifer Belle
6837,Jennifer Blake
6838,Jennifer Chiaverini
6839,Jennifer Crusie
6840,Jennifer Dewey
6841,Jennifer Donnelly
6842,Jennifer Drew
6843,Jennifer Egan
6844,Jennifer F. Wyatt
6845,Jennifer Finney Boylan
6846,Jennifer Greene
6847,Jennifer Haigh
6848,Jennifer Heddler
6849,Jennifer Horsman
6850,Jennifer James
6851,Jennifer Justice
6852,Jennifer L. Holm
6853,Jennifer L. Leo
6854,Jennifer Lash
6855,Jennifer Lauck
6856,Jennifer Lee
6857,Jennifer Louden
6858,Jennifer Mikels
6859,Jennifer Moses
6860,Jennifer Niederst
6861,Jennifer Niven
6862,Jennifer Plecas
6863,Jennifer Read Haw
6864,Jennifer Roberson
6865,Jennifer Taylor
6866,Jennifer Weiner
6867,Jennifer Worick
6868,Jennifer Youngs
6869,Jenny Colgan
6870,Jenny Davidson
6871,Jenny Joseph
6872,Jenny Lee
6873,Jenny Newman
6874,Jenny Nimmo
6875,Jenny Randles
6876,Jens
6877,Jens Jensen
6878,Jens Kulenkampff
6879,Jens Peters
6880,Jerdine Nolen
6881,Jere Longman
6882,Jeremiah Healy
6883,Jeremy Black
6884,Jeremy Dronfield
6885,Jeremy Harwood
6886,Jeremy Hawthorn
6887,Jeremy Leggatt
6888,Jeremy Leven
6889,Jeremy Narby
6890,Jeremy Poolman
6891,Jeremy Tambling
6892,Jeri Taylor
6893,Jerome A Barron
6894,Jerome Agel
6895,Jerome Charyn
6896,Jerome D. Salinger
6897,Jerome F. Smith
6898,Jerome H. Skolnick
6899,Jerome K. Jerome
6900,Jerome Klapka Jerome
6901,Jerome Lawrence
6902,Jerome Preisler
6903,Jerri Corgiat
6904,Jerri Taylor
6905,Jerry B Jenkins Tim Lahaye
6906,Jerry B. Jenkins
6907,Jerry Biederman
6908,Jerry Bledsoe
6909,Jerry Bobrow
6910,Jerry Greenfield
6911,Jerry Hopkins
6912,Jerry I. Porras
6913,Jerry J. Pollock
6914,Jerry Johnston
6915,Jerry L. Patterson
6916,Jerry Lynch
6917,Jerry Murray
6918,Jerry O'Brien
6919,Jerry Oltion
6920,Jerry Pournelle
6921,Jerry Schmidt
6922,Jerry Scott
6923,Jerry Seinfeld
6924,Jerry Smath
6925,Jerry Spinelli
6926,Jerry Springer
6927,Jerry W. Ward
6928,Jerry Wasserman
6929,Jerzy Kosinski
6930,Jerzy N. Kosinski
6931,Jess Stearn
6932,Jesse Coulson
6933,Jesse Duplantis
6934,Jesse Hunter
6935,Jesse Lee Kercheval
6936,Jesse Liberty
6937,Jesse S. Ostrow
6938,Jesse Sheidlower
6939,Jesse Ventura
6940,Jesse Younger
6941,Jessica Amanda Salmonson
6942,Jessica Andersen
6943,Jessica Anderson
6944,Jessica Barksdale Inclan
6945,Jessica Douglass
6946,Jessica Fletcher
6947,Jessica Hagedorn
6948,Jessica Hall
6949,Jessica Macbeth
6950,Jessica Marchant
6951,Jessica Maxwell
6952,Jessica Mitford
6953,Jessica R. Feldman
6954,Jessica Salmonson
6955,Jessica Shaver
6956,Jessica Steele
6957,Jessica Wulf
6958,Jessie Lee Brown Foveaux
6959,Jewel
6960,Jewel Kilcher
6961,Jewell Parker Rhodes
6962,Jez Butterworth
6963,Jhumpa Lahiri
6964,Ji-Li Jiang
6965,Jiddu Krishnamurti
6966,Jidéhem
6967,Jil Karoly
6968,Jill A. Davis
6969,Jill Ba
6970,Jill Barnett
6971,Jill Bennett
6972,Jill Bloom
6973,Jill Churchill
6974,Jill Conner Browne
6975,Jill Dupleix
6976,Jill Gregory
6977,Jill Henry
6978,Jill Jones
6979,Jill Ker Conway
6980,Jill Krementz
6981,Jill Mansell
6982,Jill Marie Landis
6983,Jill Mccorkle
6984,Jill Mcgown
6985,Jill Paton Walsh
6986,Jill Remains
6987,Jill Robinson
6988,Jill Rubalcaba
6989,Jill Shalvis
6990,Jill Stengl
6991,Jill Tanner
6992,Jill Thompson
6993,Jillian Hart
6994,Jillian Lund
6995,Jillian Medoff
6996,Jilliane Hoffman
6997,Jim Borgman
6998,Jim Bouton
6999,Jim Butcher
7000,Jim Clark
7001,Jim Collins
7002,Jim Conway
7003,Jim Crace
7004,Jim Currie
7005,Jim Curtin
7006,Jim Cymbala
7007,Jim Davis
7008,Jim Deal
7009,Jim Defelice
7010,Jim Downing
7011,Jim Dreaver
7012,Jim Fergus
7013,Jim Grimsley
7014,Jim Harrison
7015,Jim Heynen
7016,Jim Hightower
7017,Jim Hohnberger
7018,Jim Hougan
7019,Jim Jordan
7020,Jim Karas
7021,Jim Kjelgaard
7022,Jim Knipfel
7023,Jim Kokoris
7024,Jim Lehrer
7025,Jim Loftus
7026,Jim Lovell
7027,Jim Lusby
7028,Jim Marrs
7029,Jim Mclean
7030,Jim Morrison
7031,Jim Razzi
7032,Jim Schutze
7033,Jim Shepard
7034,Jim Silke
7035,Jim Sniechowski
7036,Jim Steck
7037,Jim Talbot
7038,Jim Toomey
7039,Jim Trelease
7040,Jim Underwood
7041,Jim Wong-Chu
7042,Jim. Screenplay Based On The B
7043,Jimmie Hill
7044,Jimmy Breslin
7045,Jimmy Buffett
7046,Jimmy Burns
7047,Jimmy Carter
7048,Jimmy Guterman
7049,Jimmy Mulville
7050,Jimmy Stewart
7051,Jimmy Thapa
7052,Jo Ann Beard
7053,Jo Ann Vest
7054,Jo Beverley
7055,Jo Clayton
7056,Jo Dereske
7057,Jo Goodman
7058,Jo Leigh
7059,Jo-Ann Mapson
7060,Joachim Appel
7061,Joachim Ringelnatz
7062,Joan
7063,Joan (Editor) Pullman
7064,Joan Abelove
7065,Joan Aiken
7066,Joan Anderson
7067,Joan Barfoot
7068,Joan Barzilay Freund
7069,Joan Beck
7070,Joan Borysenko
7071,Joan Brady
7072,Joan Clarke
7073,Joan Cleveland
7074,Joan D. Vinge
7075,Joan Declaire
7076,Joan Didion
7077,Joan Druett
7078,Joan Elizabeth Lloyd
7079,Joan Elliot Pickart
7080,Joan Elliott Pickart
7081,Joan Embery
7082,Joan Hess
7083,Joan Hickson
7084,Joan Hohl
7085,Joan Jacobs Brumberg
7086,Joan Johnston
7087,Joan Kilby
7088,Joan Lewis
7089,Joan Lowery Nixon
7090,Joan M. Anderson
7091,Joan M. Drury
7092,Joan M. Hummel
7093,Joan Mackie
7094,Joan Mathews Larson
7095,Joan Mcevers
7096,Joan Overfield
7097,Joan Rawlins Biggar
7098,Joan Rutt
7099,Joan Samson
7100,Joan Smith
7101,Joan Steiner
7102,Joan Stoliar
7103,Joan Vinge
7104,Joan Walsh Anglund
7105,Joan Wilder
7106,Joan Wolf
7107,Joan Younger Meek
7108,Joann Morse
7109,Joann Ross
7110,Joann Scheck
7111,Joanna Campbell
7112,Joanna Carl
7113,Joanna Cole
7114,Joanna Elm
7115,Joanna Hershon
7116,Joanna Hines
7117,Joanna Richardson
7118,Joanna Russ
7119,Joanna Stratton
7120,Joanna Trollope
7121,Joanna Wayne
7122,Joanna Weaver
7123,Joanna White
7124,Joanne Barkan
7125,Joanne Bremer
7126,Joanne Dugan
7127,Joanne Fluke
7128,Joanne Greenberg
7129,Joanne Harris
7130,Joanne Horniman
7131,Joanne K. Rowling
7132,Joanne M. Dochterman Phd  Rn  Faan
7133,Joanne Mcclellan Egnor
7134,Joanne Pence
7135,Joanne Redd
7136,Joanne Rock
7137,Joanne Ryder
7138,Joanne Shetler
7139,Joao Aguiar
7140,Jochen Schwarzer
7141,Jodi Compton
7142,Jodi Endicott
7143,Jodi Evert
7144,Jodi Picoult
7145,Jodi Thomas
7146,Jody A. Lee
7147,Jody Lee
7148,Jody Lynn Nye
7149,Jody Seay
7150,Jody Shields
7151,Joe
7152,Joe Benitez
7153,Joe Buff
7154,Joe Conason
7155,Joe Coomer
7156,Joe Dever
7157,Joe Dominguez
7158,Joe Ewers
7159,Joe Fellegy
7160,Joe Giordano
7161,Joe Grand
7162,Joe Haldeman
7163,Joe Harnell
7164,Joe Hutsko
7165,Joe Jackson
7166,Joe Kane
7167,Joe Keenan
7168,Joe Klein
7169,Joe Kraynak
7170,Joe Krush
7171,Joe L. Wheeler
7172,Joe Layden
7173,Joe Marcus
7174,Joe Mathieu
7175,Joe Mcginniss
7176,Joe Musser
7177,Joe Orton
7178,Joe Queenan
7179,Joe R Lansdale
7180,Joe R. Lansdale
7181,Joe Simpson
7182,Joe Stahlkuppe
7183,Joe Weber
7184,Joe Weisberg
7185,Joel Brouwer
7186,Joel C. Rosenberg
7187,Joel Martin
7188,Joel Myerson
7189,Joel Porte
7190,Joel Rosenberg
7191,Joel Spring
7192,Joelle Fraser
7193,Joellen Bogart
7194,Joey Green
7195,Joey Light
7196,Johan Wolfgang Goethe
7197,Johann David Wyss
7198,Johann Wolfgang Von Goethe
7199,Johann Wyss
7200,Johanna Ellsworth
7201,Johanna Hurwitz
7202,Johanna Kingsley
7203,Johanna Lindsey
7204,Johanna M. Smith
7205,Johanna Reiss
7206,Johanna Roebas
7207,Johanna Sinisalo
7208,Johanna Spyri
7209,Johanna Westerman
7210,Johannes Mario Simmel
7211,Johannes Piron
7212,John
7213,John  Sandford
7214,John (Fire) Lame Deer
7215,John A.
7216,John A. Buehrens
7217,John A. Byrne
7218,John A. Curry
7219,John A. Keel
7220,John A. Tracy Cpa
7221,John Acorn
7222,John Andrew Storey
7223,John Archambault
7224,John Ashbery
7225,John Ashburne
7226,John Avanzini
7227,John Ayto
7228,John B Jr Cobb
7229,John B. Keane
7230,John Banville
7231,John Barnes
7232,John Barth
7233,John Bayley
7234,John Beasant
7235,John Beer
7236,John Beevers
7237,John Bellairs
7238,John Bemelmans Marciano
7239,John Berendt
7240,John Berger
7241,John Berryman
7242,John Blofeld
7243,John Bolton
7244,John Borneman
7245,John Boswell
7246,John Bowen
7247,John Boyne
7248,John Bradshaw
7249,John Brady
7250,John Brookes
7251,John Bruer
7252,John Buchan
7253,John Bunyan
7254,John Burgoyne
7255,John Burningham
7256,John Buxton Hilton
7257,John C Brereton
7258,John Calvin Batchelor
7259,John Camp
7260,John Campbell
7261,John Caples
7262,John Carmody
7263,John Case
7264,John Chaffee
7265,John Cheever
7266,John Christensen
7267,John Christopher
7268,John Ciardi
7269,John Clarke
7270,John Cleese
7271,John Clifford
7272,John Colapinto
7273,John Colby
7274,John Connelly
7275,John Connolly
7276,John Coyne
7277,John Crowley
7278,John Cunliffe
7279,John D. Barow
7280,John D. Fitzgerald
7281,John D. Macdonald
7282,John D. Seymour
7283,John D. Woodbridge
7284,John Dalmas
7285,John Dalton
7286,John Darnton
7287,John Davies
7288,John De Chancie
7289,John De Graaf
7290,John Dean
7291,John Dechancie
7292,John Derbyshire
7293,John Devore
7294,John Dickson Carr
7295,John Dolan
7296,John Donoghue
7297,John Dorfman
7298,John Dowdee
7299,John Duckworth
7300,John Dufresne
7301,John Dunning
7302,John E. Douglas
7303,John E. Hankins
7304,John E. Sarno
7305,John E. Walvoord
7306,John E. Woods
7307,John Edgar Wideman
7308,John Edward
7309,John Eidinow
7310,John Elburg
7311,John Eldredge
7312,John Ennis
7313,John F. Bayer
7314,John F. Carr
7315,John F. Kennedy
7316,John F. Love
7317,John F. Mcgrady
7318,John F. Skinner
7319,John F. Walvoord
7320,John Feinstein
7321,John Feltwell
7322,John Fitzgerald
7323,John Follain
7324,John Fontana
7325,John Forbes
7326,John Fowles
7327,John Fuhrman
7328,John G Jones
7329,John G Kemeny
7330,John G. Fuller
7331,John G. Gunderson
7332,John G. Neihardt
7333,John Galsworthy
7334,John Gardner
7335,John Geiger
7336,John Gielgud
7337,John Gilstrap
7338,John Glatt
7339,John Glenn
7340,John Godwin
7341,John Goldstein
7342,John Gollings
7343,John Gordon
7344,John Gove
7345,John Grafton
7346,John Gray
7347,John Gregory Betancourt
7348,John Greyson
7349,John Gribbin
7350,John Griesemer
7351,John Grisewood
7352,John Grisham
7353,John Gunther
7354,John H. Davis
7355,John Harding
7356,John Harrisson
7357,John Harvey
7358,John Harvey Jones
7359,John Hawkes
7360,John Helfers
7361,John Hersey
7362,John Hockenberry
7363,John Hollander
7364,John Howard Gri
7365,John Howard Griffin
7366,John Howe
7367,John Howlett
7368,John Huey
7369,John Hughes
7370,John Irving
7371,John J. Nance
7372,John J. Ratey
7373,John Jakes
7374,John Jay Osborn Jr
7375,John Jude Palencar
7376,John K. Ryan
7377,John Kaplan
7378,John Katzenbach
7379,John Keegan
7380,John Kennedy Toole
7381,John Kenneth
7382,John Kern
7383,John Killick
7384,John King
7385,John Knowles
7386,John Krist
7387,John Kulka
7388,John Kurtz
7389,John L Sherrill
7390,John L' Heureux
7391,John L'Heureux
7392,John Lanchester
7393,John Lantigua
7394,John Lawrence
7395,John Lawton
7396,John Le Breton
7397,John Le Carre
7398,John Le Carré
7399,John Lecarre
7400,John Leguizamo
7401,John Lennon
7402,John Lescroart
7403,John Lithgow
7404,John Lloyd
7405,John Logue
7406,John Long
7407,John Loudon
7408,John Louis Anderson
7409,John Lukacs
7410,John Luther Novak
7411,John Lutz
7412,John M. Caher
7413,John M. Cohen
7414,John M. Coop
7415,John M. Cooper
7416,John M. Daniel
7417,John M. Del Vecchio
7418,John M. Ford
7419,John M. Gottman
7420,John M. Lannon
7421,John M. Perkins
7422,John M. Waters
7423,John Maccabee
7424,John Madden
7425,John Maddox
7426,John Maddox Roberts
7427,John Marino
7428,John Markoff
7429,John Marsden
7430,John Matthews
7431,John Maxtone-Graham
7432,John Mcafee
7433,John Mccollister
7434,John Mccormick
7435,John Mccrae
7436,John Mcenroe
7437,John Mcgahern
7438,John Mclaren
7439,John Mclean
7440,John Mcmurry
7441,John Mcphee
7442,John Mcpherson
7443,John Miller
7444,John Milne
7445,John Milton
7446,John Milton Fogg
7447,John Mordock
7448,John Mortimer
7449,John Moyne
7450,John Muir
7451,John Myers Myers
7452,John N. Davie
7453,John Nathan
7454,John Nichols
7455,John Norman
7456,John Nunneley
7457,John O'Brien
7458,John O'Donohue
7459,John O'Hara
7460,John Okada
7461,John Ortberg
7462,John Pascal
7463,John Paul Allen
7464,John Peel
7465,John Perkins
7466,John Peterman
7467,John Peterson
7468,John Pierard
7469,John Powell
7470,John R. Dann
7471,John R. Dunleavy
7472,John R. Erickson
7473,John R. Holt
7474,John R. Lee
7475,John R. Levine
7476,John R. Maxim
7477,John R. Neill
7478,John R. Riggs
7479,John R. Sussman
7480,John R. W. Stott
7481,John Ramsey Miller
7482,John Reed
7483,John Reynolds Gardiner
7484,John Robbins
7485,John Robert Colombo
7486,John Robert Glorney Bol
7487,John Roger
7488,John Russell Brown
7489,John S Mill
7490,John S. Burnett
7491,John S. Littell
7492,John S. Schuchman
7493,John Sabini
7494,John Sandford
7495,John Saul
7496,John Schilb
7497,John Schoenherr
7498,John Seabrook
7499,John Searles
7500,John Seelye
7501,John Shelby Spong
7502,John Sherrill
7503,John Simpson
7504,John Skipp
7505,John Skoyles
7506,John Sparks
7507,John Speirs
7508,John Steakley
7509,John Steinbeck
7510,John Steptoe
7511,John Steven
7512,John Steven Gur
7513,John Steven Gurney
7514,John Stevens
7515,John Stewart
7516,John Stossel
7517,John Straley
7518,John Suiter
7519,John T. Burgoyne
7520,John T. Hie
7521,John T. Lawrence
7522,John T. Walbaum
7523,John Taylor Gatto
7524,John Telford
7525,John Tenniel
7526,John Tobler
7527,John Toland
7528,John Tollett
7529,John Toohey
7530,John Train
7531,John Travolta
7532,John Trent
7533,John Tyerman Williams
7534,John Updike
7535,John V. Thill
7536,John Van Burek
7537,John Varley
7538,John Von Neumann
7539,John Vornholt
7540,John Waller
7541,John Wallner
7542,John Walsh
7543,John Ward
7544,John Webster
7545,John Weisman
7546,John Welchman
7547,John Welter
7548,John White
7549,John Whitman
7550,John Wideman
7551,John William Ward
7552,John Woodforde
7553,John Wyndham
7554,John-Manuel Andriote
7555,Johnny Cash
7556,Johnny Molloy
7557,Johnny Rogan
7558,Jolan Chang
7559,Joleen Daniels
7560,Jon Bellini
7561,Jon Chandler
7562,Jon Franklin
7563,Jon Goodell
7564,Jon Hassler
7565,Jon Jackson
7566,Jon Kabat-Zinn
7567,Jon Katz
7568,Jon Krakauer
7569,Jon Merz
7570,Jon Ronson
7571,Jon Scieszka
7572,Jon Spoelstra
7573,Jon Stewart
7574,Jon Stone
7575,Jon Winokur
7576,Jonas Ridderstrale
7577,Jonathan A. Michaels
7578,Jonathan Ames
7579,Jonathan Baird
7580,Jonathan Barry
7581,Jonathan Berent
7582,Jonathan Carroll
7583,Jonathan Coe
7584,Jonathan D. Spence
7585,Jonathan Dee
7586,Jonathan Frakes
7587,Jonathan Franzen
7588,Jonathan Gash
7589,Jonathan Glover
7590,Jonathan Halverstadt
7591,Jonathan Harr
7592,Jonathan Havard
7593,Jonathan Hensleigh
7594,Jonathan Hull
7595,Jonathan Hunt
7596,Jonathan Kellerman
7597,Jonathan Kozol
7598,Jonathan Lethem
7599,Jonathan Linton
7600,Jonathan Miller
7601,Jonathan Morris
7602,Jonathan Pearce
7603,Jonathan Raban
7604,Jonathan Rabb
7605,Jonathan Rice
7606,Jonathan Safran Foer
7607,Jonathan Snow
7608,Jonathan Stroud
7609,Jonathan Swift
7610,Jonathan Tropper
7611,Jonathon Lazear
7612,Joni Eareckson Estes
7613,Joni Seager
7614,Jonn Mumford
7615,Jonny Cash
7616,Jonquet
7617,Jordan K. Weisman
7618,Jordan Paul
7619,Jordan S.
7620,Jorge Amado
7621,Jorge Luis Borges
7622,Jorge Semprun
7623,Jorge Volpi
7624,Joris-Karl Huysmans
7625,Jose Cardona
7626,Jose Eugenio Soares
7627,Jose Luis Sampedro
7628,Jose Maria Parramon
7629,Jose Raul Bernardo
7630,Jose Saramago
7631,Jose Vasconcelos
7632,Josef Haslinger
7633,Josef Skvorecky
7634,Josefa Heifetz
7635,Joseph A. Citro
7636,Joseph Barbera
7637,Joseph Bedier
7638,Joseph Bruchac
7639,Joseph Bryant
7640,Joseph Campbell
7641,Joseph Conrad
7642,Joseph D. Pistone
7643,Joseph Dimona
7644,Joseph Epstein
7645,Joseph F. Girzone
7646,Joseph Finder
7647,Joseph Flynn
7648,Joseph Francis Fletcher
7649,Joseph Frank
7650,Joseph Garber
7651,Joseph Garcia
7652,Joseph Gies
7653,Joseph Girzone
7654,Joseph Glass
7655,Joseph Heller
7656,Joseph Hone
7657,Joseph Howard
7658,Joseph Kanon
7659,Joseph Kessel
7660,Joseph Kiermeier-Debre
7661,Joseph Krumgold
7662,Joseph Layden
7663,Joseph M. Stowell
7664,Joseph M. Williams
7665,Joseph Macanthony
7666,Joseph Martos
7667,Joseph Maynard Eastman
7668,Joseph Mileck
7669,Joseph Mitchell
7670,Joseph Mugnaini
7671,Joseph Murph
7672,Joseph Neidhart
7673,Joseph O'Connor
7674,Joseph O`Connor
7675,Joseph Olshan
7676,Joseph P. Gill
7677,Joseph P. Lash
7678,Joseph Rosenbloom
7679,Joseph Rutt
7680,Joseph Sheridan Le Fanu
7681,Joseph Stanislaw
7682,Joseph Vargo
7683,Joseph Wambaugh
7684,Joseph Warren Yoder
7685,Josepha Sherman
7686,Josephine Addison
7687,Josephine Carlton
7688,Josephine Carr
7689,Josephine Cox
7690,Josephine Evetts-Secker
7691,Josephine Fairley
7692,Josephine Gattuso Hendin
7693,Josephine Hart
7694,Josephine Humphreys
7695,Josephine Saxton
7696,Josephine Tey
7697,Josephinetey
7698,Josh Kirby
7699,Josh Koppel
7700,Josh Mcdowell
7701,Joshua Gay
7702,Joshua Gilder
7703,Joshua Halberstam
7704,Joshua Harris
7705,Joshua Levine
7706,Joshua Logan
7707,Joshua Piven
7708,Joshua Quittner
7709,Joshua Reynolds
7710,Josi Guadalupe Pos
7711,Josie Litton
7712,Josie Lloyd
7713,Josip Novakovich
7714,Joss Whedon
7715,Jostein Gaarder
7716,José L. Sampedro
7717,Jovial Bob Stine
7718,Jovian Weigel
7719,Joy Adamson
7720,Joy Behar
7721,Joy Darien
7722,Joy Fielding
7723,Joy Grdnic
7724,Joy Kogawa
7725,Joy Lundberg
7726,Joy Reed
7727,Joy Sikorski
7728,Joy Williams
7729,Joy Wilt Berry
7730,Joyce Aiken
7731,Joyce Armor
7732,Joyce C. Oates
7733,Joyce Carol Oates
7734,Joyce E. Strom-Paikin Rn
7735,Joyce Egginton
7736,Joyce Goldstein
7737,Joyce Hansen
7738,Joyce Hunt
7739,Joyce Johnson
7740,Joyce Landorf Heatherley
7741,Joyce M. Roche
7742,Joyce Meyer
7743,Joyce Milton
7744,Joyce Reardon
7745,Joyce Rupp
7746,Joyce Trollope
7747,Joyce Wilson
7748,Jp Mccarthy
7749,Jr  Bill Martin
7750,Jr Samuel A. Schreiner
7751,Jr.
7752,Jr. Buckley
7753,Jr. H. Jackson Brown
7754,Jr. Manske
7755,Jr. Miller
7756,Jr. Putnam
7757,Jr. Smith
7758,Jr. Walter M. Miller
7759,Jr. William Strunk
7760,Juan Antonio Chavira
7761,Juan Felipe Herrera
7762,Juan Kattan-Ibarra
7763,Juan Marse
7764,Juan Ramon Jimenez
7765,Juan Villoro
7766,Judal
7767,Judd Winick
7768,Jude Deveraux
7769,Jude Fisher
7770,Jude Watson
7771,Judge Judy Sheindlin
7772,Judi Lawson Wallace
7773,Judi Mccoy
7774,Judith A. Kates
7775,Judith A. Lansdowne
7776,Judith Arnold
7777,Judith Bauer Stamper
7778,Judith Benn Hurley
7779,Judith Bowen
7780,Judith Choate
7781,Judith Clancy
7782,Judith Duncan
7783,Judith E. French
7784,Judith Fein
7785,Judith Gould
7786,Judith Guest
7787,Judith H. Mcquown
7788,Judith Hawkes
7789,Judith Henry
7790,Judith Hermann
7791,Judith Herrin
7792,Judith Ivey
7793,Judith Ivory
7794,Judith Katzir
7795,Judith Kelman
7796,Judith Kolberg
7797,Judith Krantz
7798,Judith L. Raiskin
7799,Judith Lennox
7800,Judith Leventhal
7801,Judith Mccoy Miller
7802,Judith Mcnaught
7803,Judith Merril
7804,Judith Michael
7805,Judith Miller
7806,Judith Minthorn Stacy
7807,Judith Mitchell
7808,Judith Orloff
7809,Judith Pella
7810,Judith R. Hendricks
7811,Judith Reeves-Steven
7812,Judith Reeves-Stevens
7813,Judith Reichman
7814,Judith Rossner
7815,Judith S. Wallerstein
7816,Judith Sachs
7817,Judith Schickendanz
7818,Judith Skelton Grant
7819,Judith Stacy
7820,Judith Stamper
7821,Judith Stanton
7822,Judith Swaddling
7823,Judith Tarr
7824,Judith Thurman
7825,Judith Viorst
7826,Judith W. Steinbergh
7827,Judith Zimmer
7828,Judson Rosebush
7829,Judy Alsager
7830,Judy Alter
7831,Judy Astley
7832,Judy Blume
7833,Judy Blunt
7834,Judy Carter
7835,Judy Christenberry
7836,Judy Chu
7837,Judy Collins
7838,Judy Cornwell
7839,Judy Delton
7840,Judy Duarte
7841,Judy Gill
7842,Judy Hindley
7843,Judy Jackson
7844,Judy Jones
7845,Judy Knipe
7846,Judy Mazel
7847,Judy Mercer
7848,Judy Press
7849,Judy Richter
7850,Judy Rosenberg
7851,Judy Shasek
7852,Judy Sheindlin
7853,Judy Tatchell
7854,Judy Tenuta
7855,Judy Torgus
7856,Judy Wicks
7857,Juilene Osborne-Mcknight
7858,Jula Libonn
7859,Jule Mcbride
7860,Julee Rosso
7861,Jules Feiffer
7862,Jules Hardy
7863,Jules Verne
7864,Jules Watson
7865,Julia
7866,Julia Alvarez
7867,Julia Bell
7868,Julia Cameron
7869,Julia Conaway Bondanella
7870,Julia Fenton
7871,Julia Glass
7872,Julia Hammond
7873,Julia London
7874,Julia M. Pitkin
7875,Julia Oliver
7876,Julia Phillips
7877,Julia Quinn
7878,Julia Reed
7879,Julia Ross
7880,Julia Spencer-Fleming
7881,Julia Vantine
7882,Julia Whitty
7883,Julia Wilkinson
7884,Julia Witwer
7885,Julian
7886,Julian Barnes
7887,Julian Cassell
7888,Julian De Miskey
7889,Julian F. Thompson
7890,Julian Gough
7891,Julian Green
7892,Julian May
7893,Julian Murphet
7894,Julian Rathbone
7895,Julian Symons
7896,Julianna Baggott
7897,Julie Andrews Edwards
7898,Julie Anne Peters
7899,Julie Beard
7900,Julie Brady
7901,Julie Brincklo
7902,Julie Brinckloe
7903,Julie Campbell
7904,Julie Cannon
7905,Julie Checkoway
7906,Julie Durrell
7907,Julie E. Czerneda
7908,Julie Eisenhower
7909,Julie Ellis
7910,Julie Garwood
7911,Julie Hagstrom+Joan Morri
7912,Julie Harris
7913,Julie Hecht
7914,Julie Kistler
7915,Julie Leto
7916,Julie Miller
7917,Julie Morgenstern
7918,Julie Myerson
7919,Julie Nixon Eisenhower
7920,Julie Ortolon
7921,Julie Otsuka
7922,Julie Parsons
7923,Julie Reece Deaver
7924,Julie Sherman
7925,Julie Smith
7926,Julie Stein
7927,Julie Taylor
7928,Julien Gracq
7929,Juliet Bawden
7930,Juliet Schor
7931,Juliet Winters Carpenter
7932,Julio Cortazar
7933,Julio Cortázar
7934,Julius Lester
7935,Jun Hashimoto
7936,June Callwood
7937,June Rose
7938,June Shiver
7939,June Sochen
7940,June Stepansky
7941,June Strong
7942,June Thomson
7943,June Triglia
7944,June Vendall Clark
7945,Jung Chang
7946,Junior League Of Denver
7947,Junius Podrug
7948,Junko Mizuno
7949,Jurek Becker
7950,Jurt W. Donsbach
7951,Justin Kaplan
7952,Justine Dare
7953,Justine Davis
7954,Justine Ettler
7955,Justine Fontes
7956,Justine Korman
7957,Justine Picardie
7958,Jutta Janke
7959,Jyl Lynn Felman
7960,Jörg Scherzer
7961,Jürgen Abel
7962,Jürgen Bauer
7963,Jürgen Ebertowski
7964,Jürgen Manshardt
7965,Jürgen Saupe
7966,Jürgen Speh
7967,Jürgen Sta
7968,K. A. Applegate
7969,K. B. Bogen
7970,K. C. (Editor) - Intro By Clive Bar
7971,K. C. Cole
7972,K. Jerben
7973,K. N. Casper
7974,K. Ryan
7975,K. T. Smith
7976,K.A. Applegate
7977,K.C. Mckinnon
7978,K.D. Wentworth
7979,K.K. Beck
7980,K.W. Jeter
7981,Kage Baker
7982,Kagemaru Himeno
7983,Kahlil Gibran
7984,Kai Meyer
7985,Kakuzo Okakura
7986,Kala Pajeon
7987,Kam Majd
7988,Kamala Markandaya
7989,Kamil Vojnar
7990,Kan-Won Kim
7991,Kanan
7992,Kandy Radzinski
7993,Kaori Yuki
7994,Kaoru Iwamoto
7995,Kaplan
7996,Kara Dalkey
7997,Kara Lennox
7998,Kara Lim
7999,Karanjit Siyan
8000,Kare
8001,Karen A. Bale
8002,Karen A. Signell
8003,Karen Anders
8004,Karen Andreola
8005,Karen Armstrong
8006,Karen Ball
8007,Karen Bender
8008,Karen Brichoux
8009,Karen Casey
8010,Karen Cushman
8011,Karen Dawe
8012,Karen Dudley
8013,Karen Duffy
8014,Karen Elizabeth Gordon
8015,Karen Essex
8016,Karen Fox
8017,Karen Gedig Burnett
8018,Karen Gillingham
8019,Karen Ha
8020,Karen Haber
8021,Karen Hancock
8022,Karen Harper
8023,Karen Hawkins
8024,Karen Hesse
8025,Karen Hughes
8026,Karen Hull
8027,Karen Hunter
8028,Karen Jerome
8029,Karen Joy Fowler
8030,Karen Karbiener
8031,Karen Kendall
8032,Karen Kijewski
8033,Karen Kingsbury
8034,Karen Kingston
8035,Karen Lindsey
8036,Karen Marie Moning
8037,Karen Mccarthy Brown
8038,Karen Meyer
8039,Karen Michalson
8040,Karen Moline
8041,Karen Novak
8042,Karen Ranney
8043,Karen Rauch Carter
8044,Karen Ripley
8045,Karen Rispin
8046,Karen Ritchie
8047,Karen Robards
8048,Karen Rose
8049,Karen Rose Smith
8050,Karen Scalf Linamen
8051,Karen Stolz
8052,Karen Templeton
8053,Karen Toller Whittenburg
8054,Karen V. Kukil
8055,Karen Van Der Zee
8056,Karen Whiddon
8057,Karen X. Tulchinsky
8058,Karen Young
8059,Kari A. Ronning
8060,Karin Cook
8061,Karin Fossum
8062,Karin Goodwin
8063,Karin Lowachee
8064,Karin Mcquillan
8065,Karin Polz
8066,Karin Sha
8067,Karin Slaughter
8068,Karin Wuertz-Schaefer
8069,Karin Yapalater
8070,Karina Moore
8071,Karina Reynolds
8072,Karl Albrecht
8073,Karl Arnold
8074,Karl Baedeker
8075,Karl Edward Wagner
8076,Karl Fulves
8077,Karl Jaspers
8078,Karl Leopold Von Lichtenfels
8079,Karl Marx
8080,Karl-Heinz Witzko
8081,Karla /Lansdowne/Save Hocker
8082,Karla Jay
8083,Karle Dickerson
8084,Karleen Bradford
8085,Karleen Koen
8086,Karlfried G. Durckheim
8087,Karma Lekshe Tsomo
8088,Karoline Kehr
8089,Karyn Monk
8090,Kas Schwan
8091,Kasey Michaels
8092,Kat Martin
8093,Kate Adie
8094,Kate Atkinson
8095,Kate Bernheimer
8096,Kate Bornstein
8097,Kate Braverman
8098,Kate Burton
8099,Kate Cann
8100,Kate Chopin
8101,Kate Christensen
8102,Kate Clinton
8103,Kate Daly
8104,Kate Dicamillo
8105,Kate Douglas
8106,Kate Douglas Wiggin
8107,Kate Elliott
8108,Kate Farrell
8109,Kate Flint
8110,Kate Freiman
8111,Kate Grenville
8112,Kate Horsley
8113,Kate Kelly
8114,Kate Klise
8115,Kate Mccafferty
8116,Kate Mcmullan
8117,Kate Mcmullen
8118,Kate Millett
8119,Kate Morgenroth
8120,Kate Phillips
8121,Kate Saunders
8122,Kate Solisti-Mattelon
8123,Kate Thompson
8124,Kate Walbert
8125,Kate Walker
8126,Kate Welsh
8127,Kate White
8128,Kate Wilhelm
8129,Katha Pollitt
8130,Katharina Schmidt
8131,Katharine Burdekin
8132,Katharine Graham
8133,Katharine Hepburn
8134,Katharine Kerr
8135,Katharine Murray
8136,Katharine Weber
8137,Kathe Koja
8138,Kathe Kollwitz
8139,Katherine A Applegate
8140,Katherine A. Applegate
8141,Katherine Anne Porter
8142,Katherine Applegate
8143,Katherine Ashenburg
8144,Katherine Ayres
8145,Katherine B. Chauncey
8146,Katherine Compton
8147,Katherine Coville
8148,Katherine Deauxville
8149,Katherine Dunn
8150,Katherine Garbera
8151,Katherine Hall Page
8152,Katherine Ketcham
8153,Katherine Khodorowsky
8154,Katherine Kurtz
8155,Katherine Mosby
8156,Katherine Neville
8157,Katherine O'Neal
8158,Katherine Paterson
8159,Katherine Ramsland
8160,Katherine Russell Rich
8161,Katherine Silver
8162,Katherine Spencer
8163,Katherine Stone
8164,Katherine Sturtevant
8165,Katherine Sutcliffe
8166,Katherine Tarbox
8167,Katherine Towler
8168,Katherine V.
8169,Katherine Wei
8170,Katheryn Brett
8171,Katheryn Pfisterer Darr
8172,Kathleen A. Brehony
8173,Kathleen Alcal
8174,Kathleen Alcala
8175,Kathleen Ann Goonan
8176,Kathleen Barret
8177,Kathleen Barry
8178,Kathleen De Marco
8179,Kathleen Duey
8180,Kathleen E. Woodiwiss
8181,Kathleen Eagle
8182,Kathleen G. Nadeu
8183,Kathleen Givens
8184,Kathleen Halligan
8185,Kathleen Harrington
8186,Kathleen Hersom
8187,Kathleen Kane
8188,Kathleen Keating
8189,Kathleen Korbel
8190,Kathleen Meyer
8191,Kathleen Morgan
8192,Kathleen Nadeau
8193,Kathleen Nance
8194,Kathleen Norris
8195,Kathleen O'Brien
8196,Kathleen O'Neal Gear
8197,Kathleen O'Reilly
8198,Kathleen Ragan
8199,Kathleen Scarth
8200,Kathleen Sky
8201,Kathleen Taylor
8202,Kathleen Tessaro
8203,Kathleen Tynan
8204,Kathleen Webb
8205,Kathleen Yapp
8206,Kathlyn Gay
8207,Kathr
8208,Kathryn Atwood
8209,Kathryn Cramer
8210,Kathryn Fox
8211,Kathryn H. Kidd
8212,Kathryn Harrison
8213,Kathryn Harvey
8214,Kathryn Jacobi
8215,Kathryn Kenny
8216,Kathryn L. Robyn
8217,Kathryn Larson
8218,Kathryn Lasky
8219,Kathryn Lynn Davis
8220,Kathryn M. Drennan
8221,Kathryn Marie Cocquyt
8222,Kathryn Perkins
8223,Kathryn Petras
8224,Kathryn Shay
8225,Kathryn Smith
8226,Kathryn Sullivan
8227,Kathryn Uhl
8228,Kathryn Wesley
8229,Kathryn Winter
8230,Kathryn Worth
8231,Kathy Acker
8232,Kathy Braidhill
8233,Kathy Cronkite
8234,Kathy Disanto
8235,Kathy Dobie
8236,Kathy Goldring
8237,Kathy Hepinstall
8238,Kathy Herman
8239,Kathy Hoshijo
8240,Kathy Lamancusa
8241,Kathy Lette
8242,Kathy Love
8243,Kathy M. Douglas
8244,Kathy Mackel
8245,Kathy Peel
8246,Kathy Reichs
8247,Kathy Troccoli
8248,Kathy Tyers
8249,Kathy Warriner
8250,Katie Fforde
8251,Katie Hafner
8252,Katie Hickman
8253,Katie Macalister
8254,Katie Maxwell
8255,Katie Roiphe
8256,Katie Schneider
8257,Katie Tamony
8258,Katie Waitman
8259,Katja M. Werker
8260,Katja Rohde
8261,Katrina Kenison
8262,Katy Hall
8263,Katy Munger
8264,Kavita Daswani
8265,Kay
8266,Kay Allenbaugh
8267,Kay Arthur
8268,Kay Baxter
8269,Kay Coles James
8270,Kay David
8271,Kay Hooper
8272,Kay Kenyon
8273,Kay Mills
8274,Kay Redfield Jamison
8275,Kay S. Lawerence
8276,Kay Salem
8277,Kay Thorpe
8278,Kay-Marie James
8279,Kaye Gibbons
8280,Kazuo Ishiguro
8281,Kazushi Hagiwara
8282,Kees Van Kooten
8283,Keith Ablow
8284,Keith Batcheller
8285,Keith Faulkner
8286,Keith Haviland
8287,Keith J. Leenhouts
8288,Keith Jarrett
8289,Keith Kay
8290,Keith Laumer
8291,Keith Lumsden
8292,Keith Parkinson
8293,Keith R. A. Decandido
8294,Keith R.A. Decandido
8295,Keith Ridgway
8296,Keith Robar
8297,Keith Sharee
8298,Keith Taylor
8299,Kelley Armstrong
8300,Kelley Jones
8301,Kelly Cherry
8302,Kelly Freas
8303,Kelly Freas - Cover
8304,Kelly Link
8305,Kelly Mccann
8306,Kelsey Grammer
8307,Kelvin Christopher James
8308,Kem Nunn
8309,Ken
8310,Ken  Follett
8311,Ken Abraham
8312,Ken Akamatsu
8313,Ken Beck
8314,Ken Carey
8315,Ken Catran
8316,Ken Duncan
8317,Ken Englade
8318,Ken Eulo
8319,Ken Follet
8320,Ken Follett
8321,Ken Foster
8322,Ken Greenhall
8323,Ken Grimwood
8324,Ken Hutcherson
8325,Ken J. Roberts
8326,Ken Kaiser
8327,Ken Kelly
8328,Ken Kesey
8329,Ken Keyes Jr.
8330,Ken Kimmelman
8331,Ken Leebow
8332,Ken Livingstone
8333,Ken Mcclure
8334,Ken Merrell
8335,Ken Milburn
8336,Ken Munro
8337,Ken Rose
8338,Ken Smith
8339,Ken Sprague
8340,Ken Stanton
8341,Ken W. Kelly
8342,Ken Warren
8343,Ken Weber
8344,Ken Wilber
8345,Kencho Suematsu
8346,Kenison
8347,Kenn Harper
8348,Kenneth Blanchard
8349,Kenneth C. Davis
8350,Kenneth C. Flint
8351,Kenneth Copeland
8352,Kenneth Cushner
8353,Kenneth Gatland
8354,Kenneth Giles
8355,Kenneth Grahame
8356,Kenneth J. Harvey
8357,Kenneth J. Zahorski
8358,Kenneth Klein
8359,Kenneth Koch
8360,Kenneth Krauss
8361,Kenneth Kushner
8362,Kenneth M. Pollack
8363,Kenneth Oppel
8364,Kenneth S. Janke Sr.
8365,Kenneth T. Brown
8366,Kenneth Uptegrove
8367,Kenneth W. Royce
8368,Kenneth Whyld
8369,Kenneth Wilkinson
8370,Kenneth Winston Caine
8371,Kenny Dalglish
8372,Kenny Rose Butts
8373,Kensington
8374,Kensington Ladies' Erotica
8375,Kent Anderson
8376,Kent Haruf
8377,Kenzaburo Oe
8378,Kenzaburo Oé
8379,Keri Hulme
8380,Kerry Colburn
8381,Kerstin Ekman
8382,Kessel
8383,Ketz Pajeon
8384,Keven Brown
8385,Kevin Anderson
8386,Kevin Baker
8387,Kevin Brooks
8388,Kevin Chong
8389,Kevin Crossley-Holland
8390,Kevin D. Randle
8391,Kevin Freiberg
8392,Kevin Hart
8393,Kevin Henkes
8394,Kevin J Anderson
8395,Kevin J. Anderson
8396,Kevin Jackson
8397,Kevin Keasey
8398,Kevin Leman
8399,Kevin Littler
8400,Kevin Mccarthy
8401,Kevin Murphy
8402,Kevin Neary
8403,Kevin O'Neill
8404,Kevin Ryan
8405,Kevin Sullivan
8406,Kevin T. Smith
8407,Kevin Von Klause
8408,Kevin Yarbrough
8409,Kevin Zraly
8410,Keyton Weissinger
8411,Khaled Hosseini
8412,Khalil Gibran
8413,Khristine Page
8414,Khyentse Rinpoche
8415,Kia Meaux
8416,Kiana Davenport
8417,Kieran Crowley
8418,Kieran Prendiville
8419,Kieran Scott
8420,Kieran Walsh
8421,Kieron Dwyer
8422,Kiew Kit Wong
8423,Kij Johnson
8424,Kim Antieau
8425,Kim Barnes
8426,Kim Bartlett
8427,Kim Bellefontaine
8428,Kim Carlson
8429,Kim Cates
8430,Kim Demarco
8431,Kim Johnson Gross
8432,Kim Kang Wan
8433,Kim Kang Won
8434,Kim La Fave
8435,Kim Lewis
8436,Kim Mckade
8437,Kim Mclarin
8438,Kim Mcmillen
8439,Kim Newman
8440,Kim Ostrow
8441,Kim Stanley Robinson
8442,Kim Thompson
8443,Kim Wilkins
8444,Kim Wong Keltner
8445,Kim Woodburn
8446,Kim Wright Wiley
8447,Kimberlee K. Kovach
8448,Kimberley Comeaux
8449,Kimberly Ann Coe
8450,Kimberly Cates
8451,Kimberly Hahn
8452,Kimberly Kirberge
8453,Kimberly Kirberger
8454,Kimberly Raye
8455,Kimberly Wagner
8456,Kimberly Willis Holt
8457,Kimeron N. Hardin
8458,Kin Platt
8459,King-Kok Cheung
8460,Kingsley Amis
8461,Kinky Friedman
8462,Kinley Macgregor
8463,Kirby Record
8464,Kirill Bulychev
8465,Kirk Douglas
8466,Kirk Kazanjian
8467,Kirk Martin
8468,Kirk Mitchell
8469,Kirpal Singh
8470,Kirsten Bakis
8471,Kirsten Boie
8472,Kirsten Larsen
8473,Kirsty Gunn
8474,Kit Castle
8475,Kit Pearson
8476,Kitty Kelley
8477,Kitty Maynard
8478,Kitty Ray
8479,Kjartan Flgstad
8480,Kjartan Flogstad
8481,Kjartan Poskitt
8482,Kjell Johansson
8483,Kjell Nordstrom
8484,Kjell Nordström
8485,Kjersti H. Baez
8486,Kjersti Hoff Baez
8487,Klaas Huizing
8488,Klaus Berr
8489,Klaus Kochmann
8490,Klaus Lambrecht
8491,Klaus Modick
8492,Klaus Müller
8493,Klaus Reichert
8494,Klaus S
8495,Klaus Staemmler
8496,Klaus Werner
8497,Klutz Press
8498,Knut Krüger
8499,Knute Larson
8500,Kon Grivainis
8501,Konfuzius
8502,Konstantin Rösch
8503,Koren Trygg
8504,Kosuke Fujishima
8505,Koushun Takami
8506,Kowalski
8507,Kr
8508,Krandall Kraus
8509,Krentz
8510,Kris D. Stubna
8511,Kris Kumar
8512,Kris Lowe
8513,Kris Murrin
8514,Kris Shepard
8515,Krista Janssen
8516,Kristen Britain
8517,Kristen Heitzmann
8518,Kristen Stagg
8519,Kristian Lutze
8520,Kristiana Gregory
8521,Kristin Aileen Motlagh
8522,Kristin Hannah
8523,Kristin Hardy
8524,Kristin Hunter Lattany
8525,Kristin Mccloy
8526,Kristin Sheldon
8527,Kristina Cordero
8528,Kristine Carlson
8529,Kristine Kathryn
8530,Kristine Kathryn Rusch
8531,Kristoffer J. Buquet
8532,Kuki Gallmann
8533,Kunstmuseum Basel
8534,Kurban Said
8535,Kurt Chandler
8536,Kurt Cobain
8537,Kurt Diemberger
8538,Kurt Simon
8539,Kurt Vonnegut
8540,Kurt Wagenseil
8541,Kyle Mills
8542,Kyle Spencer
8543,Kylie Adams
8544,Kylie Brant
8545,Kyoko Mori
8546,L B Greenwood
8547,L. A. Banks
8548,L. A. Graf
8549,L. B. Cowman
8550,L. Butcher
8551,L. Curtis
8552,L. E. Modesitt
8553,L. E. Modesitt Jr.
8554,L. F. Hoffman
8555,L. Frank Baum
8556,L. Heath
8557,L. J. Smith
8558,L. J. Washburn
8559,L. Kate Deal
8560,L. L. Greene
8561,L. Lee Wilson
8562,L. M. Montgomery
8563,L. Moeri
8564,L. Neil Smith
8565,L. P. Hartley
8566,L. Perry Wilbur
8567,L. R. Wright
8568,L. Robert Kohls
8569,L. Ron Hubbard
8570,L. Sprague De Camp
8571,L. T. C. Rolt
8572,L. Warren Douglas
8573,L.A. Graf
8574,L.E Modesitt Jr.
8575,L.E. Blair
8576,L.J. Smith
8577,L.M. Boyd
8578,L.M. Montgomery
8579,L.P. Hartley
8580,Lackey
8581,Lacretelle
8582,Lady Gregory
8583,Ladybird Books
8584,Lael Littke
8585,Lagoon Books
8586,Lakme Batya Elior
8587,Lalita Tademy
8588,Lam Kam Chuen
8589,Lama Anagarika Govinda
8590,Lama Surya Das
8591,Lana Citron
8592,Lance Armstrong
8593,Lance Gould
8594,Lance Morrow
8595,Lance Walheim
8596,Landoll
8597,Landoll Inc.
8598,Landrum B. Shettles
8599,Lane Adams
8600,Lane Smith
8601,Laney Katz Becker
8602,Langdon Elsbree
8603,Lange Lewis
8604,Langenscheidt Publishers
8605,Langston Hughes
8606,Lani Nedbalek
8607,Lao Tzu
8608,Lara Bergen
8609,Lara Parker
8610,Laraine T. Zappert
8611,Larissa Lai
8612,Larissa Volokhon
8613,Larry Berger
8614,Larry Bond
8615,Larry Burkett
8616,Larry Collins
8617,Larry Crabb
8618,Larry Dixon
8619,Larry Dossey
8620,Larry Elmore
8621,Larry Glatz
8622,Larry Gonick
8623,Larry J. Hughes
8624,Larry K. Brendtro
8625,Larry Karaszewski
8626,Larry Katzenstein
8627,Larry Keenan
8628,Larry King
8629,Larry Kirk
8630,Larry L. King
8631,Larry Madaras
8632,Larry Mckeever
8633,Larry Mcmurtry
8634,Larry Millett
8635,Larry Niven
8636,Larry Ross
8637,Larry Schwinger
8638,Larry Segriff
8639,Larry Sessions
8640,Larry Waschka
8641,Larry Watson
8642,Larry Weisman
8643,Larry With Kingsbury
8644,Larry Wolff
8645,Lars Eighner
8646,Lars Klander
8647,Lars-Gunnar Andersson
8648,Lass Small
8649,Latifa
8650,Lau
8651,Laura Anne Gilman
8652,Laura Berquist
8653,Laura C. Schlessinger
8654,Laura Caldwell
8655,Laura Childs
8656,Laura Cunningham
8657,Laura Day
8658,Laura Dower
8659,Laura Duis
8660,Laura Esquivel
8661,Laura Fisher  Kaiser
8662,Laura Fraser
8663,Laura Gordon
8664,Laura Hillenbrand
8665,Laura Ingall Wilder
8666,Laura Ingalls Wilder
8667,Laura J. Burns
8668,Laura J. Mixon
8669,Laura Joh Rowland
8670,Laura Kasischke
8671,Laura Kinsale
8672,Laura Kraemer
8673,Laura Lederer
8674,Laura Lee Hope
8675,Laura Levine
8676,Laura Lippman
8677,Laura M. James
8678,Laura Malone Elliott
8679,Laura Marie Altom
8680,Laura Matthe
8681,Laura Mcneal
8682,Laura Miller
8683,Laura Moore
8684,Laura Moriarty
8685,Laura Morton
8686,Laura Pedersen
8687,Laura Rader
8688,Laura Reese
8689,Laura Schlessinger
8690,Laura Scribner Kastner
8691,Laura Shaine Cunningham
8692,Laura Siegel Gilberg
8693,Laura Tuan
8694,Laura Vaccaro Seeger
8695,Laura Van Wormer
8696,Laura Wickenden
8697,Laura Wilson
8698,Laura Wolf
8699,Laura Zigman
8700,Lauraine Leblanc
8701,Lauraine Snelling
8702,Lauralee Summer
8703,Laure Guille-Bataillon
8704,Laure Redmond
8705,Laurel Ames
8706,Laurel Aziz
8707,Laurel Collins
8708,Laurel Doud
8709,Laurel Robertson
8710,Laurel Thatcher Ulrich
8711,Laurel Trivelpiece
8712,Laurell K. Hamilton
8713,Lauren Baratz-Logsted
8714,Lauren Brooke
8715,Lauren F. Winner
8716,Lauren Faust
8717,Lauren Haney
8718,Lauren Jarrett
8719,Lauren Kelly
8720,Lauren M. Henderson
8721,Lauren Maddison
8722,Lauren Ruth Wiener
8723,Lauren Sanders
8724,Lauren Slater
8725,Lauren Steinhauer
8726,Lauren Weisberger
8727,Lauren Wilde
8728,Laurence G. Boldt
8729,Laurence Goldstein
8730,Laurence J. Lafleur
8731,Laurence Marks
8732,Laurence Roy Stains
8733,Laurence Shames
8734,Laurence Sterne
8735,Laurence Yep
8736,Laurens Van Der Post
8737,Laurent De Brunhoff
8738,Laurent Jouvet
8739,Laurent Vicomte
8740,Laurey Bright
8741,Laurice Elehwany
8742,Laurie A. Kanyer
8743,Laurie Abkemeier
8744,Laurie Allen Klein
8745,Laurie Barrows
8746,Laurie Bauer
8747,Laurie Beth Jones
8748,Laurie Boucke
8749,Laurie Colwin
8750,Laurie Foos
8751,Laurie Fox
8752,Laurie G. Kirszner
8753,Laurie Graff
8754,Laurie Graham
8755,Laurie Gwen Shapiro
8756,Laurie Halse Anderson
8757,Laurie Lawlor
8758,Laurie Lee
8759,Laurie Lisle
8760,Laurie Mcbain
8761,Laurie Notaro
8762,Laurie R. King
8763,Laurien Berenson
8764,Lauryn Silverhardt
8765,Laverne Harrell Clark
8766,Lavyrle Spencer
8767,Lawrence
8768,Lawrence Block
8769,Lawrence D. Stokes
8770,Lawrence Dunning
8771,Lawrence Durrell
8772,Lawrence E. Cahoone
8773,Lawrence Goldstone
8774,Lawrence J. Magid
8775,Lawrence Lessig
8776,Lawrence M. Krauss
8777,Lawrence Naumoff
8778,Lawrence Norfolk
8779,Lawrence Otis Graham
8780,Lawrence Sanders
8781,Lawrence Schiller
8782,Lawrence Weschler
8783,Lazaris
8784,Le Carre
8785,Le Ly Hayslip
8786,Leah Furman
8787,Leah Hager Cohen
8788,Leah R. Robinson
8789,Leah Rabin
8790,Leah Ruth Robinson
8791,Leah Vale
8792,Leandra Logan
8793,Leanne Ely
8794,Leanne Franson
8795,Lebbeus Woods
8796,Lech Walesa
8797,Lee
8798,Lee Batchler
8799,Lee Charles Kelley
8800,Lee Chi Hyong
8801,Lee Child
8802,Lee Coit
8803,Lee Correy
8804,Lee Davis
8805,Lee Davis Willoughby
8806,Lee Fahnestock
8807,Lee Gruenfeld
8808,Lee Harris
8809,Lee Havis
8810,Lee Hoffman
8811,Lee Hogan
8812,Lee Horne
8813,Lee Iacocca
8814,Lee J. Painter
8815,Lee Madigan
8816,Lee Magner
8817,Lee Martin
8818,Lee Salk
8819,Lee Silber
8820,Lee Smith
8821,Lee Striker
8822,Lee Stringer
8823,Lee Strobel
8824,Lee Wade
8825,Legs Mcneil
8826,Leif Davidsen
8827,Leif Enger
8828,Leigh
8829,Leigh Eddings
8830,Leigh Greenwood
8831,Leigh Keno
8832,Leigh Michaels
8833,Leigh Montville
8834,Leigh Nichols
8835,Leigh Riker
8836,Leil Lowndes
8837,Leila Vennewitz
8838,Leilia Kelly
8839,Leisha Kelly
8840,Leisure Arts
8841,Leland Gregory
8842,Lemony Snicket
8843,Len Deighton
8844,Len Richmond
8845,Len Wein
8846,Lendon Smith M.D.
8847,Lenn Redman
8848,Lennart Nilsson
8849,Lenny Flank
8850,Lensey Namioka
8851,Leo
8852,Leo Buscaglia
8853,Leo Buscaglia Buscaglia
8854,Leo Calvin Rosten
8855,Leo F. Buscaglia
8856,Leo Giroux Jr.
8857,Leo Hamalian
8858,Leo Lionni
8859,Leo Marks
8860,Leo Marx
8861,Leo N. Tolstoi
8862,Leo Pennanen
8863,Leo Tolstoy
8864,Leon Garfield
8865,Leon Hale
8866,Leon J. Wood
8867,Leon Stilman
8868,Leon Uris
8869,Leon Whiteson
8870,Leonard B. Scott
8871,Leonard Barden
8872,Leonard C. Lewin
8873,Leonard Cohen
8874,Leonard Foley
8875,Leonard Goldberg
8876,Leonard Jenkin
8877,Leonard Maltin
8878,Leonard Nimoy
8879,Leonard Peikoff
8880,Leonard Sanders
8881,Leonard Shapiro
8882,Leonard Shortall
8883,Leonard Stern
8884,Leonard Tourney
8885,Leonard Wolf
8886,Leone Castell Anderson
8887,Leonid Gore
8888,Leonore Fleischer
8889,Leopold Infeld
8890,Leora Krygier
8891,Leoung O'Young
8892,Leroy Eims
8893,Les Martin
8894,Les Parrott
8895,Les Rhodes
8896,Les Roberts
8897,Lesilie Meier
8898,Leslea Newman
8899,Lesley Adkins
8900,Lesley Anne Ivory
8901,Lesley Downer
8902,Lesley Hazleton
8903,Lesley Holme
8904,Lesley Holmes
8905,Leslie A. Fiedler
8906,Leslie Alan Horvitz
8907,Leslie Allen
8908,Leslie Colvin
8909,Leslie Davis
8910,Leslie Dunkling
8911,Leslie Feinberg
8912,Leslie Fiedler
8913,Leslie Glass
8914,Leslie Gould
8915,Leslie Keno
8916,Leslie Land
8917,Leslie Lehr Spirson
8918,Leslie Marmon Silko
8919,Leslie Meier
8920,Leslie Nielson
8921,Leslie O'Kane
8922,Leslie Parrott
8923,Leslie Rule
8924,Leslie T. Sharpe
8925,Lesléa Newman
8926,Lester Bangs
8927,Lester C. Thurow
8928,Lester Sumrall
8929,Let'S Go Inc.
8930,Letty Cottin Pogrebin
8931,Levine Young
8932,Lewin
8933,Lewis
8934,Lewis Burke Frumkes
8935,Lewis Carroll
8936,Lewis Gannett
8937,Lewis Grizzard
8938,Lewis Libby
8939,Lewis Nordan
8940,Lewis Orde
8941,Lewis Perdue
8942,Lewis Richmond
8943,Lewis Thomas
8944,Leïla Sebbar
8945,Li
8946,Lia Matera
8947,Lian Frost
8948,Lian Hearn
8949,Liane Moriarty
8950,Liaty Pisani
8951,Libby Butterworth
8952,Libby Gelman-Waxner
8953,Libby Hall
8954,Libby Hathorn
8955,Libby Purves
8956,Libby Schmais
8957,Library Of America
8958,Lidia Jorge
8959,Lien Chao
8960,Liesel Linn
8961,Lieselotte Kolanoske
8962,Liezel Norval-Kruger
8963,Lila Abu-Lughod
8964,Lilian Jackson Braun
8965,Lilian Lee
8966,Lilian Nattel
8967,Lillian B. Rubin
8968,Lillian Hellman
8969,Lillian Herlands Hornstein
8970,Lillian Kayte
8971,Lillian M. Hines
8972,Lillian O'Donnell
8973,Lillian Ross
8974,Lillian Too
8975,Lily Burana
8976,Lily Seafield
8977,Lily Trokenberg Hechtman
8978,Lily Tuck
8979,Lin Carter
8980,Lin Wellford
8981,Lina Visconti
8982,Lincoln Child
8983,Lincoln Colcord
8984,Lind
8985,Linda /Bennett Shaw
8986,Linda Aber
8987,Linda Acredolo
8988,Linda Adams
8989,Linda Ashman
8990,Linda Barker
8991,Linda Barnes
8992,Linda Bolton
8993,Linda Brower Meeks
8994,Linda Buckle
8995,Linda Cajio
8996,Linda Cobb
8997,Linda Coffee
8998,Linda Conway
8999,Linda Crew
9000,Linda Davies
9001,Linda Dillow
9002,Linda Dobson
9003,Linda Elder
9004,Linda Eyre
9005,Linda Fairstein
9006,Linda Francis
9007,Linda Francis Lee
9008,Linda Frankel
9009,Linda Fraser
9010,Linda French
9011,Linda Goodman
9012,Linda Goodnight
9013,Linda Gordon
9014,Linda Graves
9015,Linda Greenlaw
9016,Linda Hallam
9017,Linda Hamalian
9018,Linda Herring
9019,Linda Howard
9020,Linda Jaivin
9021,Linda Jennings
9022,Linda Ladd
9023,Linda Lael Miller
9024,Linda Lay Shuler
9025,Linda Lear
9026,Linda Lee
9027,Linda Lenhoff
9028,Linda Lyle
9029,Linda Markowiak
9030,Linda Moore
9031,Linda Nevins
9032,Linda Nichols
9033,Linda Piazza
9034,Linda Randall Wisdom
9035,Linda Rosenkrantz
9036,Linda Sandifer
9037,Linda Singer
9038,Linda Spalding
9039,Linda Todd
9040,Linda Tschirhart Sanford
9041,Linda Turner
9042,Linda Wolfe
9043,Linda Yang
9044,Linde Birk
9045,Lindsay Armstrong
9046,Lindsay Clarke
9047,Lindsay Doran
9048,Lindsay Faith Rech
9049,Lindsay Harrison
9050,Lindsay Longford
9051,Lindsay Mckenna
9052,Lindsey Davis
9053,Lindsy Van Gelder
9054,Lindy Arriaga Diaz
9055,Linn Ullmann
9056,Linnea Due
9057,Linnea Lundgren
9058,Linus Torvalds
9059,Linz
9060,Lion Feuchtwanger
9061,Lionel Fenn
9062,Lionel Tiger
9063,Lipman
9064,Lisa A. Hooper
9065,Lisa Adams
9066,Lisa Altalida
9067,Lisa Alther
9068,Lisa Beamer
9069,Lisa Bingham
9070,Lisa Birnbach
9071,Lisa Brez
9072,Lisa Cach
9073,Lisa Carey
9074,Lisa Childs
9075,Lisa Donald
9076,Lisa Eisenberg
9077,Lisa Falkenstern
9078,Lisa Gardner
9079,Lisa Goldstein
9080,Lisa Gornick
9081,Lisa Grunwald
9082,Lisa Hammel
9083,Lisa Heron
9084,Lisa Huang Fleischman
9085,Lisa Jackson
9086,Lisa Jardine
9087,Lisa Jewell
9088,Lisa Johnson
9089,Lisa Kleypas
9090,Lisa Legarde
9091,Lisa Lenard
9092,Lisa Lipkin
9093,Lisa Mccourt
9094,Lisa Norby
9095,Lisa Plumley
9096,Lisa Potts
9097,Lisa Rogak
9098,Lisa Sandlin
9099,Lisa Scott
9100,Lisa Scottoline
9101,Lisa Smedman
9102,Lisa St. Aubin De Teran
9103,Lisa Tawn Bergren
9104,Lisa Tuttle
9105,Lisa Vice
9106,Lise Chapuis
9107,Liselotte Julius
9108,Lisle
9109,Lissa Rovetch
9110,Liu Hong
9111,Liz Balmaceda
9112,Liz Carlyle
9113,Liz Carpenter
9114,Liz Curtis Higgs
9115,Liz Doyle
9116,Liz Evans
9117,Liz Fielding
9118,Liz Heron
9119,Liz Ireland
9120,Liz Jarrett
9121,Liz Neporent
9122,Liz Rosenberg
9123,Liz Smith Parkhurst
9124,Liz Trigg
9125,Liza Dalby
9126,Lizabeth P. Gebert
9127,Lizzie Simon
9128,Llewellyn
9129,Lloyd Alexander
9130,Lloyd John Ogilvie
9131,Llywelyn
9132,Lo Scarabeo
9133,Loana Petrucciani
9134,Lodge
9135,Logan
9136,Lois
9137,Lois Alter Mark
9138,Lois Battle
9139,Lois Dick
9140,Lois Duncan
9141,Lois Ehlert
9142,Lois Ellen Frank
9143,Lois Erickson
9144,Lois Faye Dyer
9145,Lois Greiman
9146,Lois Henderson
9147,Lois Hole
9148,Lois J. Estner
9149,Lois Keith
9150,Lois Lenski
9151,Lois Lowenstein
9152,Lois Lowry
9153,Lois Mccue
9154,Lois Mcmaster Bujold
9155,Lois Paxton
9156,Lois Ruby
9157,Lois Ruskai Melina
9158,Lois T. Henderson
9159,Lois-Ann Yamanaka
9160,Lola Lemire Tostevin
9161,Lolah Burford
9162,Lolly Winston
9163,Lonely Planet
9164,Long
9165,Lonn Friend
9166,Lora Brody
9167,Loraine Despres
9168,Loralyn Radcliffe
9169,Lord Dunsany
9170,Lord George Gordon Byron
9171,Lord Sudley
9172,Lore S
9173,Lore Straßl
9174,Loree Lough
9175,Lorelei King
9176,Loren D. Estleman
9177,Loren Eiseley
9178,Loren Estleman
9179,Loren Lester
9180,Lorena Mccourtney
9181,Lorenzo Carcaterra
9182,Loretta Chase
9183,Loretta Laroche
9184,Loretta Lynda Chase
9185,Loretta Lynn
9186,Loretta Mowat
9187,Lori Alvord
9188,Lori Aurelia Williams
9189,Lori Bryant-Woolridge
9190,Lori Copeland
9191,Lori Foster
9192,Lori Handeland
9193,Lori Marie Carlson
9194,Lori Reid
9195,Lori Schiller
9196,Lori Seeger
9197,Lori Wick
9198,Lori Wilde
9199,Lorin Michelle Biederman
9200,Lorna Landvik
9201,Lorraine Anderson
9202,Lorraine Bodger
9203,Lorraine Dopson
9204,Lorraine Hansberry
9205,Lorraine Johnson-Coleman
9206,Lorraine Peterson
9207,Lorraine Pintus
9208,Lorri Hewett
9209,Lorrie Moore
9210,Lotte Reiniger
9211,Lou Ann Walker
9212,Lou Coffey-Lewis
9213,Lou Dubose
9214,Lou Jane Temple
9215,Lou Marinoff
9216,Lou Mobley
9217,Louie Anderson
9218,Louis Auchincloss
9219,Louis B. Wright
9220,Louis Begley
9221,Louis Calaferte
9222,Louis Chunovic
9223,Louis D. Rubin
9224,Louis Darling
9225,Louis De Bernieres
9226,Louis De Bernières
9227,Louis Jambor
9228,Louis L'Amour
9229,Louis Pergaud
9230,Louis Reyes Rivera
9231,Louis S. Glanzman
9232,Louis S. Schafer
9233,Louis Sachar
9234,Louis Solomon
9235,Louis Untermeyer
9236,Louis W. Storms Iv
9237,Louisa Luna
9238,Louisa M. Atcott
9239,Louisa May Alcott
9240,Louise  Gordon
9241,Louise A. Desalvo
9242,Louise Bagshawe
9243,Louise Bates Ames
9244,Louise Bergmann Dumont
9245,Louise Cooper
9246,Louise Desalvo
9247,Louise Doughty
9248,Louise Erdrich
9249,Louise Fitzhugh
9250,Louise Gherasim
9251,Louise Gordon
9252,Louise Gunther
9253,Louise Hay
9254,Louise Maude
9255,Louise Perrotta
9256,Louise Plummer
9257,Louise Rafkin
9258,Louise Redd
9259,Louise Rennison
9260,Louise Taylor
9261,Louise Voss
9262,Loung Ung
9263,Lovecraft
9264,Lowell Bair
9265,Lowell Cauffiel
9266,Lowell Cunningham
9267,Lowen Clausen
9268,Ltd
9269,Ltd Publication International
9270,Ltd. Icon Group
9271,Lu Yü
9272,Luann Udell
9273,Luanne Rice
9274,Luc Lang
9275,Lucasfilm Ltd.
9276,Lucasta Miller
9277,Luci Swindoll
9278,Lucia Graves
9279,Lucian Maynard
9280,Luciano De Crescenzo
9281,Lucie Cheng
9282,Lucile Morrison
9283,Lucille Kallen
9284,Lucinda Lidell
9285,Lucius Shepard
9286,Lucretia Walsh Grindle
9287,Lucretius
9288,Lucy  Maud Montgomery
9289,Lucy Bauer Footlik
9290,Lucy Ellmann
9291,Lucy Gordon
9292,Lucy Grealy
9293,Lucy Jo Palladino
9294,Lucy Mead
9295,Lucy Monroe
9296,Lucy Poshek
9297,Lucy R. Lippard
9298,Lucy Taylor
9299,Ludmila
9300,Ludwig  Bemelmans
9301,Ludwig Bemelmans
9302,Ludwig Thoma
9303,Ludwig Wittgenstein
9304,Luigi Guicciardi
9305,Luigi Pirandello
9306,Luigi Ricci
9307,Luis D.
9308,Luis Miguel
9309,Luis Murschetz
9310,Luis Sepulveda
9311,Luis Sepúlveda
9312,Luis Valdez
9313,Luisa Vergani
9314,Luiz Alfredo Garcia-Roza
9315,Luke David
9316,Lurlene Mcdaniel
9317,Luther Blissett
9318,Lyanda Lynn Haupt
9319,Lydia Adamson
9320,Lydia Alix Fillingham
9321,Lydia Burke
9322,Lydia Davis
9323,Lydia Van Andel
9324,Lydia Y Minatoya
9325,Lydie Salvayre
9326,Lygia Fagundes Telles
9327,Lyle Brandt
9328,Lyle Stuart
9329,Lyn Andrews
9330,Lyn Hamilton
9331,Lyn Holley Doucet
9332,Lyn Mcconchie
9333,Lyn Stone
9334,Lynd Ward
9335,Lynda Barry
9336,Lynda Curnyn
9337,Lynda La Plante
9338,Lynda Madaras
9339,Lyndall Stein
9340,Lyndell
9341,Lyndon Baines Johnson
9342,Lyndon Hardy
9343,Lynette Chil
9344,Lynn Abbey
9345,Lynn Armistead Mckee
9346,Lynn Austin
9347,Lynn Beach
9348,Lynn Coady
9349,Lynn Emery
9350,Lynn Erickson
9351,Lynn Flewelling
9352,Lynn Freed
9353,Lynn Gamwell
9354,Lynn Haller
9355,Lynn Harnett
9356,Lynn Joseph
9357,Lynn Kurland
9358,Lynn M. Constantine
9359,Lynn Messina
9360,Lynn Morris
9361,Lynn Munsinger
9362,Lynn Pan
9363,Lynn S. Hightower
9364,Lynn Solotaroff
9365,Lynn Sweat
9366,Lynn V. Andrews
9367,Lynn W. Winget
9368,Lynn Weiss
9369,Lynn Witt
9370,Lynne Alpern
9371,Lynne Cravath
9372,Lynne Ewing
9373,Lynne Gilberg
9374,Lynne Griffin
9375,Lynne Hinton
9376,Lynne Hybels
9377,Lynne Perrie
9378,Lynne Reid Banks
9379,Lynne S. Schwartz
9380,Lynne Truss
9381,Lynne Withey
9382,Lynnette Kent
9383,Lynsay Sands
9384,Lyrick Publishing
9385,Lys Flowerday
9386,Léo Lack
9387,M
9388,M A Quayam
9389,M Gilliland
9390,M Hoffer
9391,M M Kaye
9392,M Piercy
9393,M. A. Harper
9394,M. B. Roberts
9395,M. C. Beaton
9396,M. C. Hargreaves
9397,M. D. M. Scott Peck
9398,M. Dalton King
9399,M. E. Bradford
9400,M. E. Hirsh
9401,M. E. Kerr
9402,M. F. K. Fisher
9403,M. H. Abrams
9404,M. Hardwick
9405,M. Henissart
9406,M. I. Finley
9407,M. J. Hyland
9408,M. J. Ryan
9409,M. K. Jo
9410,M. L. Kenyon
9411,M. M. Kaye
9412,M. M. Ragz
9413,M. Neil Browne
9414,M. Nelson Chunder
9415,M. Oliver
9416,M. Sarah Klise
9417,M. Scott Peck
9418,M. Stephen Lukac
9419,M. T. Anderson
9420,M. Tanner
9421,M. Therese Young
9422,M.C. Beaton
9423,M.D. Epstein
9424,M.D. Evans
9425,M.D. Herter Norton
9426,M.D. Larry Dosse
9427,M.D. Levinson
9428,M.D. Mcdougall
9429,M.J. Rose
9430,M.S.
9431,M.S. Murdock
9432,Maarten'T Hart
9433,Mabel Lee
9434,Mabel Watts
9435,Mable Hoffman
9436,Macdonald Harris
9437,Machi Tawara
9438,Mackie Shilstone
9439,Maclay
9440,Macrina Wiederkehr
9441,Maddy Hunter
9442,Madeena S. Nolan
9443,Madeleine Albright
9444,Madeleine Bourdouxhe
9445,Madeleine Ker
9446,Madeleine L'Engle
9447,Madeline Baker
9448,Madeline George
9449,Madeline Hunter
9450,Madelyn Arnold
9451,Madelyn K. Anderson
9452,Madge Swindells
9453,Madonna Kolbenschlag
9454,Maeve Binchy
9455,Maeve Brennan
9456,Maeve Haran
9457,Maeve. Binchy
9458,Magda Bogin
9459,Maggie
9460,Maggie Alderson
9461,Maggie Gee
9462,Maggie Gibson
9463,Maggie Haberman
9464,Maggie Kneen
9465,Maggie O'Farrell
9466,Maggie Osborne
9467,Maggie Shayne
9468,Maggie Simpson
9469,Maggie Stuckey
9470,Magnan
9471,Magnus Magnusson
9472,Magnus Mills
9473,Maida Silverman
9474,Maira Kalman
9475,Maisie Mosco
9476,Maj Sjowall
9477,Majgull Axelsson
9478,Majo
9479,Major Garrett
9480,Makyo
9481,Mal Karman
9482,Malachy Mccourt
9483,Malaclypse The Younger
9484,Malcolm
9485,Malcolm Cowley
9486,Malcolm Forbes
9487,Malcolm Gladwell
9488,Malcolm Goodway
9489,Malcolm Hillier
9490,Malcolm Jon
9491,Malcolm Lowry
9492,Malcolm Pasley
9493,Malcolm Rose
9494,Malcolm X
9495,Malcolm Yorke
9496,Malika Oufkir
9497,Malinda Terreri
9498,Mallanaga Vatsyayana
9499,Malle Vallik
9500,Mallory Kane
9501,Malte Krutzsch
9502,Malvina (Editor) Sewell
9503,Mameve Medwed
9504,Managing Editor Nic Kynaston
9505,Manda Scott
9506,Mandalyn Kaye
9507,Mandelbaum
9508,Mandy Andress
9509,Mandy Stanley
9510,Mandy Wagstaff
9511,Manil Suri
9512,Manjusha Pawagi
9513,Manuel J. Smith
9514,Manuel Jorge Marmelo
9515,Manuel Komrof
9516,Manuel Puig
9517,Manuel Vazquez Montalban
9518,Manuel Vázquez Montalbán
9519,Manuela Dunn-Mascetti
9520,Manuela Soares
9521,Mar
9522,Maralde Meyer-Minnemann
9523,Marangraphics
9524,Marc Aronson
9525,Marc Behm
9526,Marc Brown
9527,Marc Burckhardt
9528,Marc Edmund Jones
9529,Marc Fisher
9530,Marc Gafni
9531,Marc Gascoigne
9532,Marc Ian Barasch
9533,Marc Levy
9534,Marc Lovell
9535,Marc Mappen
9536,Marc Mcbride
9537,Marc Mccutcheon
9538,Marc Mécréant
9539,Marc Norman
9540,Marc Olden
9541,Marc Reisner
9542,Marc Romano
9543,Marc Sautet
9544,Marc Simont
9545,Marc Summers
9546,Marc-Edouard Nabe
9547,Marcel Bieger
9548,Marcel Carpentier
9549,Marcel Montecino
9550,Marcel Raym
9551,Marcel Reich-Ranicki
9552,Marcel Socia
9553,Marcela Serrano
9554,Marcelle Karp
9555,Marcelle Sibon
9556,Marcellino D'Ambrosio
9557,Marcello Truzzi
9558,Marci Mcdonald
9559,Marci Shimoff
9560,Marcia Chellis
9561,Marcia Chen
9562,Marcia Davenport
9563,Marcia Foy
9564,Marcia Kamien
9565,Marcia Keegan
9566,Marcia Muller
9567,Marcia Rock
9568,Marcia Stevens Sherrill
9569,Marcia Stubbs
9570,Marcia T. Jones
9571,Marcia Thornton Jones
9572,Marcia Willett
9573,Marcia Williams
9574,Marcia Yudkin
9575,Marcie Carroll
9576,Marco Palmieri
9577,Marcos Mcpeek Villatoro
9578,Marcus Aurelius Antonius
9579,Marcus Cunliffe
9580,Marcus Geiss
9581,Marcus Ingendaay
9582,Marcus J. Borg
9583,Marcus Sieff
9584,Marcus Stone
9585,Marcy  Blum
9586,Mare Pearl
9587,Marek Krajewski
9588,Marele Day
9589,Marg Stark
9590,Margaret
9591,Margaret A. Hartelius
9592,Margaret Allan
9593,Margaret Ann Abrams
9594,Margaret Anne Doody
9595,Margaret Atwood
9596,Margaret B. Blackman
9597,Margaret Ball
9598,Margaret Bunson
9599,Margaret Burt
9600,Margaret Cho
9601,Margaret Chodos-Irvine
9602,Margaret Coel
9603,Margaret Cole
9604,Margaret Costa
9605,Margaret Craven
9606,Margaret Dobson
9607,Margaret Drabble
9608,Margaret Eleanor Atwood
9609,Margaret Forster
9610,Margaret Frazer
9611,Margaret George
9612,Margaret Guenther
9613,Margaret Jull Costa
9614,Margaret Landon
9615,Margaret Laurence
9616,Margaret Lawrence
9617,Margaret Lee Braun
9618,Margaret Lev
9619,Margaret Levine You
9620,Margaret M. Kimmel
9621,Margaret Macmillan
9622,Margaret Magdelen
9623,Margaret Mahy
9624,Margaret Maron
9625,Margaret Millar
9626,Margaret Miner
9627,Margaret Mitchell
9628,Margaret Moore
9629,Margaret Moorman
9630,Margaret Pargeter
9631,Margaret Parker
9632,Margaret Peterson Haddix
9633,Margaret Read Macdonald
9634,Margaret Sayers Pe
9635,Margaret Sayers Peden
9636,Margaret Sayers Peden From The Span
9637,Margaret Schmidt Hacker
9638,Margaret Shertzer
9639,Margaret Sidney
9640,Margaret Smith
9641,Margaret Snyder
9642,Margaret St George
9643,Margaret St.George
9644,Margaret Tempest
9645,Margaret Truman
9646,Margaret Visser
9647,Margaret Wander Bonanno
9648,Margaret Watson
9649,Margaret Way
9650,Margaret Weis
9651,Margaret Weiss
9652,Margaret Wild
9653,Margaret Wise Brown
9654,Margaret Yorke
9655,Margarete Längsfeld
9656,Margarethe Cammermeyer
9657,Margarite F. Olmos
9658,Margarite Fernandez Olmos
9659,Marge Piercy
9660,Margeret Wander Bonanno
9661,Margery Allingham
9662,Margery Morgan
9663,Margery Williams
9664,Margit Malmstrom
9665,Margo Culley
9666,Margo Hoff
9667,Margo Lundell
9668,Margot Adler
9669,Margot Anand
9670,Margot Dalton
9671,Margot Livesey
9672,Margot Patterson Doss
9673,Margot Zemach
9674,Margret Rey
9675,Margriet De Moor
9676,Marguerita Castanera
9677,Marguerite Duras
9678,Marguerite Henry
9679,Marguerite Kelly
9680,Marguerite Yourcenar
9681,Mari Akino
9682,Mari Florence
9683,Mari Sandoz
9684,Maria
9685,Maria Angels Julivert
9686,Maria Beesing
9687,Maria Benedickt
9688,Maria Csollány
9689,Maria Elena Morgan
9690,Maria Flook
9691,Maria Grazia Swan
9692,Maria J. Andrade
9693,Maria Perry
9694,Maria Shriver
9695,Mariah Stewart
9696,Mariama B
9697,Marian Babson
9698,Marian Engel
9699,Marian F. Novak
9700,Marian Green
9701,Marian Keyes
9702,Marian L. Salzman
9703,Marian Leighton
9704,Marian Morash
9705,Marian Pope Rettke
9706,Marian Potter
9707,Marian Thurm
9708,Marian Wells
9709,Marian Wright Edelman
9710,Marian Zwerling Sugan
9711,Marian Zwerling Sugano
9712,Mariane Pearl
9713,Mariann
9714,Marianne Fredriksson
9715,Marianne Holberg
9716,Marianne Larned
9717,Marianne Macdonald
9718,Marianne Moore
9719,Marianne Ruuth
9720,Marianne Wesson
9721,Marianne Wiggins
9722,Marianne Williamson
9723,Marianne Willman
9724,Marianne Wood
9725,Marie
9726,Marie Arana
9727,Marie B. Salazar
9728,Marie Cambon
9729,Marie Chapian
9730,Marie Darrieussecq
9731,Marie De Hennezel
9732,Marie De Jourlet
9733,Marie Evans
9734,Marie Ferrarella
9735,Marie Hara
9736,Marie Jacks
9737,Marie Nimier
9738,Marie Rodriguez
9739,Marie Simmons
9740,Marie T. Morreale
9741,Marie Vassiltchikov
9742,Marie Watts
9743,Marie Williams Cornelio
9744,Marie-Jeanne Durry
9745,Marie-Luise Kreuter
9746,Marie-Raymond Farré
9747,Marilu Henner
9748,Marilyn Bowering
9749,Marilyn Brown Oden
9750,Marilyn Butler
9751,Marilyn D. Anderson
9752,Marilyn Diamond
9753,Marilyn Duckworth
9754,Marilyn Durham
9755,Marilyn French
9756,Marilyn Hafner
9757,Marilyn Kaye
9758,Marilyn Levy
9759,Marilyn Mona Hoffer
9760,Marilyn Pappano
9761,Marilyn Penovich Friend
9762,Marilyn Sachs
9763,Marilyn Todd
9764,Marilyn Tracy
9765,Marilyn Vos Savant
9766,Marilyn Wallace
9767,Marilyn Yalom
9768,Marilynne Robinson
9769,Marina Endicott
9770,Marina Picasso
9771,Marina Warner
9772,Marina Yaguello
9773,Marina Zwetajewa
9774,Mario Buatta
9775,Mario Claudio
9776,Mario De Carvalho
9777,Mario Mariotti
9778,Mario Puzo
9779,Mario Vargas Llosa
9780,Marion A. Kaplan
9781,Marion Bloem
9782,Marion Bradley
9783,Marion Chesney
9784,Marion Crawford
9785,Marion Cunningham
9786,Marion D. March
9787,Marion Dane Bauer
9788,Marion Elliot
9789,Marion Gorman
9790,Marion K. An
9791,Marion Lennox
9792,Marion Luna Brem
9793,Marion Meade
9794,Marion Owen
9795,Marion Philadelphia
9796,Marion Roach
9797,Marion Rombauer Becker
9798,Marion Zimmer Bradley
9799,Marisa Carroll
9800,Marisol
9801,Marita Golden
9802,Marjabelle Young Stewart
9803,Marjorie B. Kellogg
9804,Marjorie Bradley Kellogg
9805,Marjorie Buckley Turcotte
9806,Marjorie Garber
9807,Marjorie Holmes
9808,Marjorie Hudson
9809,Marjorie L. Lloyd
9810,Marjorie Leet Ford
9811,Marjorie Palmer
9812,Marjorie Weinman Sharmat
9813,Marjorie Winn
9814,Marjorie Winslow
9815,Marjory Davidson
9816,Marjory Wunsch
9817,Mark
9818,Mark  Helprin
9819,Mark A. S. Mcmenamin
9820,Mark Antonacci
9821,Mark Arax
9822,Mark Baker
9823,Mark Beckloff
9824,Mark Billingham
9825,Mark Bittman
9826,Mark Bowden
9827,Mark Bricklin
9828,Mark Bryant
9829,Mark Bubeck
9830,Mark Burnell
9831,Mark Burnett
9832,Mark C. Baker
9833,Mark C. Young
9834,Mark Carwardine
9835,Mark Cashman
9836,Mark Chadbourn
9837,Mark Childress
9838,Mark Christensen
9839,Mark Cohen
9840,Mark Crispin Miller
9841,Mark D. Sanders
9842,Mark Donnelly
9843,Mark Doty
9844,Mark Dunn
9845,Mark E. Neely Jr.
9846,Mark E. Thibodeaux
9847,Mark Ellingham
9848,Mark Epstein
9849,Mark Finley
9850,Mark Franks
9851,Mark Frost
9852,Mark Fuhrman
9853,Mark Garland
9854,Mark Griffin
9855,Mark H. Mccormack
9856,Mark H. Osmun
9857,Mark Haddon
9858,Mark Helprin
9859,Mark J. Cohen
9860,Mark Jacobson
9861,Mark Juergensmeyer
9862,Mark Kalesniko
9863,Mark Kistler
9864,Mark Kneece
9865,Mark Kurlansky
9866,Mark L. Prophet
9867,Mark Le Fanu
9868,Mark Manning
9869,Mark Mathabane
9870,Mark Mcnulty
9871,Mark Melnicove
9872,Mark Merlis
9873,Mark Mitchell
9874,Mark Mittelberg
9875,Mark Morris
9876,Mark Murphy
9877,Mark Musa
9878,Mark Nepo
9879,Mark Nykanen
9880,Mark O'Hare
9881,Mark Olshaker
9882,Mark Olson
9883,Mark P. O. Morford
9884,Mark Payne
9885,Mark R. Littleton
9886,Mark Reynolds
9887,Mark Richard
9888,Mark Robert Rank
9889,Mark Saltzman
9890,Mark Salzman
9891,Mark Schorer
9892,Mark Shepherd
9893,Mark Shulman
9894,Mark Sparky Stensaas
9895,Mark Spragg
9896,Mark T. Sullivan
9897,Mark Teague
9898,Mark Twain
9899,Mark Victor Canfield
9900,Mark Victor Hansen
9901,Mark Waid
9902,Mark Williams
9903,Mark Yarnell
9904,Mark Z. Danielewski
9905,Market House Books Ltd.
9906,Marla Cilley
9907,Marlena De Blasi
9908,Marlene Rimler
9909,Marlene Sanders
9910,Marlene Trunnell
9911,Marlin S. Potash
9912,Marlis Weber
9913,Marlisa Szwillus Dr
9914,Marlo Morgan
9915,Marlo Schalesky
9916,Marlo Thomas
9917,Marly A. Swick
9918,Marly Swick
9919,Marlys Millhiser
9920,Marsha Boulton
9921,Marsha Canham
9922,Marsha Moyer
9923,Marsha Sinetar
9924,Marshall Govindan
9925,Marshall H. Klaus
9926,Marshall Kirk
9927,Mart
9928,Marta Randall
9929,Martha Beck
9930,Martha Brooks
9931,Martha C. Lawrence
9932,Martha Cooley
9933,Martha Gever
9934,Martha Grimes
9935,Martha Hix
9936,Martha J. Beckman
9937,Martha Manning
9938,Martha Moody
9939,Martha Ostenso
9940,Martha Powers
9941,Martha Rogers
9942,Martha Sacks
9943,Martha Saxton
9944,Martha Sears
9945,Martha Stewart
9946,Martha Vanceburg
9947,Martha Wells
9948,Martha Williamson
9949,Marti
9950,Marti Hefley
9951,Marti Leimbach
9952,Marti Olsen Laney Psy.D.
9953,Marti Watson Garlett
9954,Martin
9955,Martin  Luther King
9956,Martin Amis
9957,Martin Booth
9958,Martin Brokenleg
9959,Martin Buber
9960,Martin Caidin
9961,Martin Clark
9962,Martin Cruz Smith
9963,Martin Dugard
9964,Martin Dunford
9965,Martin Edic
9966,Martin Gardner
9967,Martin Green
9968,Martin Greenberg
9969,Martin Greenburg
9970,Martin H.  Greenberg
9971,Martin H. Greenberg
9972,Martin H. Greenberg (Eds.)
9973,Martin H. Padovani
9974,Martin Hallett
9975,Martin Harry Greenberg
9976,Martin J. Smith
9977,Martin John Yate
9978,Martin Lings
9979,Martin Luther
9980,Martin Matje
9981,Martin Mull
9982,Martin Page
9983,Martin Palmer
9984,Martin Pollack
9985,Martin Prechtel
9986,Martin R. Stern
9987,Martin Schenk
9988,Martin Scot Kosins
9989,Martin Scott
9990,Martin Seymour-
9991,Martin Seymour-Smith
9992,Martin Suter
9993,Martin Sylvester
9994,Martin V. Riccardo
9995,Martin Waddell
9996,Martin Walser
9997,Martin Yate
9998,Martina Devlin
9999,Martina Navratilova
10000,Martine Bates
10001,Martine Gourbault
10002,Marton
10003,Marty Becker
10004,Marty Becker  D.V
10005,Marty Bucella
10006,Marty Crisp
10007,Marty Fries
10008,Marty Minchin
10009,Marty Westerman
10010,Maruja Torres
10011,Marvel Books
10012,Marvin Allen
10013,Marvin Kaye
10014,Marvin Miller
10015,Marvin Minsky
10016,Marvin S. Eiger
10017,Mary
10018,Mary  Balogh
10019,Mary A. Mcdougall
10020,Mary Alice Monroe
10021,Mary Ann Crenshaw
10022,Mary Ann Hoberman
10023,Mary Ann Lamanna
10024,Mary Ann Martello
10025,Mary Ann Mason
10026,Mary Ann Mcdonald
10027,Mary Ann Mitchell
10028,Mary Ann Taylor-Hall
10029,Mary Baker Eddy
10030,Mary Balogh
10031,Mary Barnard
10032,Mary Beth Lagerborg
10033,Mary Beth Mader
10034,Mary Borden
10035,Mary Brave Bird
10036,Mary Brown
10037,Mary Burton
10038,Mary Cable
10039,Mary Cantwell
10040,Mary Carroll Nelson
10041,Mary Casanova
10042,Mary Clearman Blew
10043,Mary Coddington
10044,Mary Craig
10045,Mary Crow
10046,Mary Crow Dog
10047,Mary D. Robertson
10048,Mary Daheim
10049,Mary Daly
10050,Mary Doria Russell
10051,Mary Dowling Daley
10052,Mary Downing Hahn
10053,Mary Dugger
10054,Mary E. Hunt
10055,Mary Ellen Copeland
10056,Mary Ellen Donovan
10057,Mary Ellen Haight
10058,Mary Engelbreit
10059,Mary Evans O'Keefe Gravalos
10060,Mary Farrell
10061,Mary Frampton
10062,Mary Francis Shura
10063,Mary Gehr
10064,Mary Gentle
10065,Mary Glatzle
10066,Mary Gordon
10067,Mary Grandpré
10068,Mary Higgins Clark
10069,Mary Irish
10070,Mary J Latsis/M Henissart
10071,Mary J. Fulton
10072,Mary J. Latis
10073,Mary Jane Auch
10074,Mary Jane Begin
10075,Mary Jane Clark
10076,Mary Jane Frances Cavolina
10077,Mary Jane Maffini
10078,Mary Jo Bona
10079,Mary Jo Putney
10080,Mary Joan Oexmann
10081,Mary K Pershall
10082,Mary Karr
10083,Mary Kawena Pukui
10084,Mary Kay Ash
10085,Mary Kay Mccomas
10086,Mary Kay Simmons
10087,Mary Keil
10088,Mary Kidd
10089,Mary Kingsley
10090,Mary Kirchoff
10091,Mary Kirk
10092,Mary Ladd Gavell
10093,Mary Lawson
10094,Mary Lewis
10095,Mary Logue
10096,Mary Lou Podlasiak
10097,Mary Louise Colln
10098,Mary Lynn Baxter
10099,Mary Lyons
10100,Mary Maccarthy
10101,Mary Mackey
10102,Mary Mapes Dodge
10103,Mary Maruca
10104,Mary Mayer Holmes
10105,Mary Mcbride
10106,Mary Mccarthy
10107,Mary Mcgarry Morris
10108,Mary Mcmullen
10109,Mary Molt
10110,Mary Morris
10111,Mary Murray Delaney
10112,Mary Narkiewicz
10113,Mary Norton
10114,Mary O'Hara
10115,Mary Packard
10116,Mary Pearce
10117,Mary Pipher
10118,Mary Pope Osborne
10119,Mary Pope/ Murdo Osborne
10120,Mary Pyefinch
10121,Mary Rees
10122,Mary Renault
10123,Mary Roberts Rinehart
10124,Mary Rodgers
10125,Mary Rowlandson
10126,Mary S. Lovell
10127,Mary Sanford Laurence
10128,Mary Sheedy Kurcinka
10129,Mary Shelley
10130,Mary Stanton
10131,Mary Stewart
10132,Mary Stolz
10133,Mary Tannen
10134,Mary Tatem
10135,Mary Taylor Simeti
10136,Mary Theola
10137,Mary Tyler Moore
10138,Mary W. Littell
10139,Mary Wesley
10140,Mary Wollstonecraft Shelley
10141,Mary-Kate
10142,Mary-Kate Olsen
10143,Mary-Lou Weisman
10144,Maryann Cusimano
10145,Maryanne Raphael
10146,Maryanne Stahl
10147,Maryanne Vollers
10148,Marybeth Sparrow
10149,Marye Anne Fox
10150,Maryjanice Davidson
10151,Maryjo Koch
10152,Maryln Schwartz
10153,Maryse Wolinski
10154,Masahiro Chatani
10155,Masami Tsuda
10156,Masashi Tanaka
10157,Masato Natsumoto
10158,Mascha Rabben
10159,Mashimahiro
10160,Master Jae Woong Kim
10161,Master Lam Kam-Chuen
10162,Masters
10163,Masterson Elementary Students
10164,Mat Gleason
10165,Mateu
10166,Mathew Tekulsky
10167,Mathews
10168,Matilde Olivella Castells
10169,Matsuri Akino
10170,Matt Beaumont
10171,Matt Briggs
10172,Matt Childs
10173,Matt Christopher
10174,Matt Cohen
10175,Matt Drudge
10176,Matt Groening
10177,Matt Kingdon
10178,Matt Novak
10179,Matt Redman
10180,Matt Ridley
10181,Matt Seaton
10182,Matt Thorne
10183,Matt Witten
10184,Matthew Bunson
10185,Matthew Deandrea
10186,Matthew E. Adams
10187,Matthew Fox
10188,Matthew Head
10189,Matthew J. Bruccoli
10190,Matthew J. Costello
10191,Matthew Kneale
10192,Matthew Lesko
10193,Matthew Mead
10194,Matthew Pearl
10195,Matthew Pinto
10196,Matthew Reilly
10197,Matthew Restall
10198,Matthew Rettenmund
10199,Matthew S. Moore
10200,Matthew Stokoe
10201,Matthew Strebe
10202,Matthew Thomas
10203,Matthew Ward
10204,Matthew Winkler
10205,Matthieu Ricard
10206,Mattie J. T. Stepanek
10207,Maud Ellmann
10208,Maud Hart Lovelace
10209,Maude Casey
10210,Maude S. Wah
10211,Maura Seger
10212,Maureen Anne Teresa Kel
10213,Maureen B. Keane
10214,Maureen Bradley
10215,Maureen Child
10216,Maureen Dean
10217,Maureen Howard
10218,Maureen Mylander
10219,Maureen Tan
10220,Maurice A. Williams
10221,Maurice Cranston
10222,Maurice Gran
10223,Maurice Hindle
10224,Maurice Horn
10225,Maurice Rambaud
10226,Maurice Sendak
10227,Maurine Watkins
10228,Maurizio Bongianni
10229,Maury Silver
10230,Mavis Kaye
10231,Max Allan Collins
10232,Max Barry
10233,Max Beerbohm
10234,Max Byrd
10235,Max Frisch
10236,Max Hayward
10237,Max I. Dimont
10238,Max Lucado
10239,Maxence Fermine
10240,Maxie D Dunnam
10241,Maxine Combs
10242,Maxine Hong Kingston
10243,Maxine Rose Schur
10244,Maxine Trottier
10245,Maxwell Maltz
10246,Maxwell Staniforth
10247,May Elizabeth Schlayer
10248,May Sarton
10249,Maya Angelou
10250,Mayo Clinic
10251,Mazzino Montinar
10252,Mcbain
10253,Mccoy Judi
10254,Mccullough Colleen
10255,Mcdowell Bryson
10256,Mcgoldrick Et Al.
10257,Mcintyre
10258,Mckay Jenkins
10259,Me
10260,Meagan Mckinney
10261,Meaney Dee Morrison
10262,Mechthild Horn
10263,Mechtild Sandberg
10264,Mechtild Sandberg-Ciletti
10265,Meek
10266,Meera Nair
10267,Meg Cabot
10268,Meg O'Brien
10269,Meg Pei
10270,Meg Tilly
10271,Megan Brownley
10272,Megan Mccafferty
10273,Megan Stine
10274,Meggin Cabot
10275,Mei Ng
10276,Meir H. Degani
10277,Mel Blanc
10278,Mel Brooks
10279,Mel Curtis
10280,Mel Gibson
10281,Mel Gilden
10282,Mel Levine
10283,Mel Od
10284,Mel Odom
10285,Melanie George
10286,Melanie Jackson
10287,Melanie Munnell
10288,Melanie Rawn
10289,Melanie Walz
10290,Melba Colgro
10291,Melba Pattillo Beals
10292,Melina Marchetta
10293,Melind
10294,Melinda Blanchard
10295,Melinda Coss
10296,Melinda Haynes
10297,Melinda Metz
10298,Melisa Michaels
10299,Melissa  L. Rossi
10300,Melissa Bank
10301,Melissa Crandall
10302,Melissa De La Cruz
10303,Melissa Getzoff
10304,Melissa Lowell
10305,Melissa Mathison
10306,Melissa Mcclone
10307,Melissa Miller
10308,Melissa Muller
10309,Melissa Müller
10310,Melissa Pritchard
10311,Melissa Rossi
10312,Melissa Scott
10313,Melissa Senate
10314,Melita Denning
10315,Melodie M. Davis
10316,Melody Beattie
10317,Melody Carlson
10318,Melvin Burgess
10319,Melvin Jules Bukiet
10320,Melvin Morse
10321,Melvin Powers
10322,Melvyn Bragg
10323,Mem Fox
10324,Men'S Heal
10325,Meow Tzu
10326,Mercedes Lackey
10327,Mercer Mayer
10328,Merebeth Switzer
10329,Meredith Ann Pierce
10330,Meredith Hamilton
10331,Meredith Johnson
10332,Meredith Miller
10333,Meredith W. Michael
10334,Meredith Webber
10335,Meri Ishikawa
10336,Meridel Le Sueur
10337,Merle Good
10338,Merle Kessler
10339,Merlin Stone
10340,Merline Lovelace
10341,Merriam-Webster
10342,Merrill F. Elias
10343,Merrill Markoe
10344,Merrill Miller
10345,Merv Griffin
10346,Mervyn Peake
10347,Meryl Sawyer
10348,Metsy Hingle
10349,Mewa Ramgobin
10350,Meynell
10351,Mia Barron
10352,Mia Couto
10353,Mia Ryan
10354,Mia Yun
10355,Mic Defreita
10356,Micah Perks
10357,Micah Sparks
10358,Michael
10359,Michael A. Kahn
10360,Michael A. Martin
10361,Michael A. Mische
10362,Michael A. Stackpole
10363,Michael A. Thomas
10364,Michael Alexander
10365,Michael Allen Dymmoch
10366,Michael Arlen
10367,Michael Augustyn
10368,Michael Azerrad
10369,Michael B. Friedland
10370,Michael B. Rothenberg M.D.
10371,Michael Baden
10372,Michael Baigent
10373,Michael Barak
10374,Michael Bayer
10375,Michael Beres
10376,Michael Bergin
10377,Michael Bernstein
10378,Michael Bishop
10379,Michael Blake
10380,Michael Bond
10381,Michael Broder
10382,Michael Bronski
10383,Michael Browning
10384,Michael Bugeja
10385,Michael Burgan
10386,Michael C. Daconta
10387,Michael C. Eberhardt
10388,Michael Cader
10389,Michael Cadnum
10390,Michael Capuzzo
10391,Michael Cart
10392,Michael Chabon
10393,Michael Collier
10394,Michael Collins
10395,Michael Connelly
10396,Michael Covino
10397,Michael Cox
10398,Michael Crichton
10399,Michael Cunningham
10400,Michael Curtis Ford
10401,Michael D'Antonio
10402,Michael D'Orso
10403,Michael D. Hutt
10404,Michael D. O'Brien
10405,Michael D. Warden
10406,Michael Darkow
10407,Michael Dibdin
10408,Michael Dimercurio
10409,Michael Dobbs
10410,Michael Dorris
10411,Michael Downing
10412,Michael Drosnin
10413,Michael E. Gerber
10414,Michael Emmerich
10415,Michael Ende
10416,Michael F. Roizen  M.D.
10417,Michael F. Scheier
10418,Michael Farquhar
10419,Michael Fedo
10420,Michael Foreman
10421,Michael Frayn
10422,Michael Fredrickson
10423,Michael Fry
10424,Michael Gannon
10425,Michael Gelb
10426,Michael Gerber
10427,Michael Glenny
10428,Michael Goddart
10429,Michael Grant
10430,Michael Grant Jaffe
10431,Michael Gurian
10432,Michael H
10433,Michael H. Brown
10434,Michael H. Bruno
10435,Michael Hague
10436,Michael Hamilton
10437,Michael Hammer
10438,Michael Hammonds
10439,Michael Harrison
10440,Michael Hayden
10441,Michael Heatley
10442,Michael Henry Heim
10443,Michael Herring
10444,Michael Heslop
10445,Michael Hoeye
10446,Michael Hogan
10447,Michael Horowitz
10448,Michael Hudson
10449,Michael Hulse
10450,Michael Innes
10451,Michael J. Caduto
10452,Michael J. Fox
10453,Michael J. Hunt
10454,Michael J. Nelson
10455,Michael J. Rosen
10456,Michael J. Straczynski
10457,Michael J.H. Taylor
10458,Michael Jahn
10459,Michael Jan Friedman
10460,Michael Jecks
10461,Michael Jensen
10462,Michael Johnston
10463,Michael Jordan
10464,Michael Kanaly
10465,Michael Kaplan
10466,Michael Keller
10467,Michael Kent
10468,Michael Kenyon
10469,Michael Kerr
10470,Michael Kerrigan
10471,Michael Kevin Naselli
10472,Michael Kilian
10473,Michael Kinsley
10474,Michael Korda
10475,Michael Koseler
10476,Michael Kunze
10477,Michael Kupperman
10478,Michael Kurland
10479,Michael Kusugak
10480,Michael Laimo
10481,Michael Larsen
10482,Michael Larvey
10483,Michael Leahy
10484,Michael Leapman
10485,Michael Leboeuf
10486,Michael Ledwidge
10487,Michael Lee West
10488,Michael Leunig
10489,Michael Levey
10490,Michael Levin
10491,Michael Lewis
10492,Michael Lowerbein
10493,Michael M. Thomas
10494,Michael Maccaskey
10495,Michael Macdonald
10496,Michael Macdonald Mooney
10497,Michael Macrone
10498,Michael Malone
10499,Michael Marrak
10500,Michael Marshall
10501,Michael Martchenko
10502,Michael Mason
10503,Michael Matthews
10504,Michael Mccall
10505,Michael Mcgarrity
10506,Michael Mclaughlin
10507,Michael Mewshaw
10508,Michael Meyer
10509,Michael Michalko
10510,Michael Mitton
10511,Michael Mogadam
10512,Michael Mojher
10513,Michael Moorcock
10514,Michael Moore
10515,Michael Morpurgo
10516,Michael Morris
10517,Michael Murphy
10518,Michael Newton
10519,Michael Norman
10520,Michael Nouri
10521,Michael O'Mara
10522,Michael Ondaatje
10523,Michael P. Kube-Mcdowell
10524,Michael Palin
10525,Michael Palmer
10526,Michael Panofsky
10527,Michael Paterniti
10528,Michael Patrick Hearn
10529,Michael Peak
10530,Michael Pearce
10531,Michael Perry
10532,Michael Peterson
10533,Michael Piller
10534,Michael Pollan
10535,Michael Prescott
10536,Michael Pye
10537,Michael R. Bloomberg
10538,Michael Reaves
10539,Michael Resnick
10540,Michael Ridpath
10541,Michael Rips
10542,Michael Robinson
10543,Michael Romkey
10544,Michael Rosen
10545,Michael Ryan
10546,Michael S Lief
10547,Michael S. Teitelbaum
10548,Michael Sadleir
10549,Michael Savage
10550,Michael Schmidt
10551,Michael Scholz-Hansel
10552,Michael Schulman
10553,Michael Schulte
10554,Michael Scott
10555,Michael Scott Rohan
10556,Michael Shaara
10557,Michael Shermer
10558,Michael Slade
10559,Michael Smith
10560,Michael Smollin
10561,Michael Sontheimer
10562,Michael Spring
10563,Michael Stearns
10564,Michael Stern
10565,Michael Stern Rn
10566,Michael Stewart
10567,Michael Swan
10568,Michael Talbot
10569,Michael Tanner
10570,Michael Thomas Ford
10571,Michael Toms
10572,Michael Turner
10573,Michael Ventura
10574,Michael Viner
10575,Michael Wallis
10576,Michael Wallner
10577,Michael Walter
10578,Michael Whelan
10579,Michael Whelan (Cove
10580,Michael Yamashita
10581,Michael-Anne Johns
10582,Michaela Link
10583,Michail Bulgakow
10584,Micheal Canada
10585,Michel Crouzet
10586,Michel De Montaigne
10587,Michel Faber
10588,Michel Foucault
10589,Michel Granger
10590,Michel Houellebecq
10591,Michel Onfray
10592,Michel Quint
10593,Michel Quoist
10594,Michel Serres
10595,Michel Syrett
10596,Michel Tournier
10597,Michel Tremblay
10598,Michele Albert
10599,Michele B. Slung
10600,Michele Cassou
10601,Michele Dunaway
10602,Michele Fitoussi
10603,Michele Hall
10604,Michele Jaffe
10605,Michele Jamal
10606,Michele M. Root-Bernstein
10607,Michele Maks
10608,Michele Morgan
10609,Michele Novotni Phd
10610,Michele R. Mcphee
10611,Michele Slatalla
10612,Michele Slung
10613,Michelle Berriedale-Johnson
10614,Michelle Brandon
10615,Michelle Caruso
10616,Michelle Coxall
10617,Michelle Groce
10618,Michelle Kwan
10619,Michelle Lovric
10620,Michelle M. Sagara
10621,Michelle Magorian
10622,Michelle Mckinney Hammond
10623,Michelle Passoff
10624,Michelle Roehm
10625,Michelle Slatalla
10626,Michelle Stacey
10627,Michener James
10628,Michio Kaku
10629,Michèle Albaret-Maatsch
10630,Mick Farren
10631,Mick Fleetwood
10632,Mick Jackson
10633,Mick Middles
10634,Mickey Flodin
10635,Mickey Mantle
10636,Mickey Spillane
10637,Mickey Zucker Reichert
10638,Microsoft Corporation
10639,Mignon Eberhart
10640,Mignon Good Eberhart
10641,Miguel Angel Asturias
10642,Miguel De Cervantes
10643,Miguel De Cervantes Saavedra
10644,Miguel Hernandez
10645,Miguel Ruiz
10646,Miguelanxo Prado
10647,Mihaly Csikszentmihalyi
10648,Mikael Nordfors
10649,Mikal Gilmore
10650,Mike Ashley
10651,Mike Baker
10652,Mike Berenstain
10653,Mike Burns
10654,Mike Corbishley
10655,Mike Doogan
10656,Mike Dringenberg
10657,Mike Gayle
10658,Mike Godwin
10659,Mike Gross
10660,Mike Hippler
10661,Mike Jahn
10662,Mike Lester
10663,Mike Loew
10664,Mike Lupica
10665,Mike Lynch
10666,Mike Mason
10667,Mike Mcquay
10668,Mike Miller
10669,Mike Myers
10670,Mike P
10671,Mike Peters
10672,Mike Resnick
10673,Mike Romano
10674,Mike Thaler
10675,Mike Tidwell
10676,Mike Walker
10677,Mike Wilkins
10678,Mikel Vause
10679,Mikhail Bulgakov
10680,Mikhail Emtsev
10681,Mikhail Lermontov
10682,Mikhail Lyubimov
10683,Miki Aihara
10684,Mikwright Ltd.
10685,Mil Millington
10686,Milan Kundera
10687,Milan Rai
10688,Mildred A. Wirt
10689,Mildred D. Taylor
10690,Mildred Marmur
10691,Milena Moser
10692,Miles
10693,Miles Harvey
10694,Miles Hewstone
10695,Miles J. Stanford
10696,Miles Morland
10697,Millard Meiss
10698,Millenia Black
10699,Milli Nickell
10700,Millicent Ellis Selsam
10701,Millie Criswell
10702,Millie Snyder
10703,Millie Stamm
10704,Milligan
10705,Milorad Pavic
10706,Miltinnie Yih
10707,Milton Murayama
10708,Milton Steinberg
10709,Milton Viorst
10710,Mim E. Rivas
10711,Mimi Dietrich
10712,Mimi Luebbermann
10713,Mimi Noland
10714,Mimi Van Olsen
10715,Mimi Wilson
10716,Mindy L. Klasky
10717,Mindy Neff
10718,Mindy Pennybacker
10719,Mineko Iwasaki
10720,Minette Walters
10721,Minfong Ho
10722,Ming-Dao Deng
10723,Minne
10724,Mira Kamdar
10725,Mira Kirshenbaum
10726,Mirabel Osler
10727,Miranda Gray
10728,Miranda Lundy
10729,Miranda Sawyer
10730,Mircea Eliade
10731,Mireille Cardot
10732,Miriam A.
10733,Miriam Ali
10734,Miriam Cohen
10735,Miriam E. Nelson
10736,Miriam Grace Monfredo
10737,Miriam Gurko
10738,Miriam Sokol
10739,Miriam Therese Winter
10740,Miriam Toews
10741,Mirika Mayo Cornelius
10742,Mirjam Pressler
10743,Mirra Ginsburg
10744,Miss Read
10745,Misty Bernall
10746,Mitch Albom
10747,Mitch Pacwa
10748,Mitchel Weiner
10749,Mitchell Graham
10750,Mitchell Pacelle
10751,Mitchell Smith
10752,Mitchell Stephens
10753,Mitsuo Fuchida
10754,Mitzi Szereto
10755,Miwa Ueda
10756,Miyamoto Musashi
10757,Mj Rose
10758,Mj Ryan
10759,Mladen Sutej
10760,Mo Hayder
10761,Mo Smith
10762,Moacyr Scliar
10763,Modris Eksteins
10764,Moira Duggan
10765,Moira Kemp Mathew Price
10766,Moliere
10767,Molière
10768,Mollie Molay
10769,Molly Brown
10770,Molly Cochran
10771,Molly Coxe
10772,Molly Giles
10773,Molly Gilford
10774,Molly Ivins
10775,Molly Jong-Fast
10776,Molly Katz
10777,Molly Moynahan
10778,Molly O'Keefe
10779,Molly Rice
10780,Momoko Iko
10781,Mona Simpson
10782,Monica
10783,Monica Ali
10784,Monica Ferris
10785,Monica Furlong
10786,Monica Hoose
10787,Monica Hughes
10788,Monica J. O'Rourke
10789,Monica Mcgoldrick
10790,Monica Mcinerney
10791,Monica Strauss
10792,Monica Wood
10793,Monika Blaich
10794,Monika Curths
10795,Monika Elwenspoek
10796,Monique Bonnet
10797,Monique Mandali
10798,Monique Roffey
10799,Monique Truong
10800,Monster Kody Scott
10801,Montague Summers
10802,Monte Farber
10803,Montherlant
10804,Monty Roberts
10805,Moon Unit Zappa
10806,Mordecai Richler
10807,More
10808,Morgan Llywelyn
10809,Morihei Ueshiba
10810,Morrie Schwartz
10811,Morris Dickstein
10812,Morris L. West
10813,Mort Gale
10814,Mort Rosenblum
10815,Mortimer J. Adler
10816,Morton Rhue
10817,Moses Hadas
10818,Moshe Susser
10819,Mother Teresa
10820,Mountaineers
10821,Moveon.Org
10822,Moya Costello
10823,Moyra Caldecott
10824,Mr. Al Biondi
10825,Mr. David Arp
10826,Mr. Greg Johnson
10827,Mr. Jim Weidmann
10828,Mr. Kurt Bruner
10829,Mr. Ron Wilson
10830,Mrs. Mary Rowlandson
10831,Ms. Nancy L. Mace Ma
10832,Muhsin Mahdi
10833,Mund Fuller
10834,Munro Leaf
10835,Murasaki Shikibu
10836,Muriel Bradley
10837,Muriel Gray
10838,Muriel Jensen
10839,Muriel Spark
10840,Muriel Whitaker
10841,Murray Bail
10842,Murry
10843,Mutual Publishing
10844,Myla Goldberg
10845,Myra Schneider
10846,Myra Street
10847,Myrna Culbreath
10848,Myrna Oakley
10849,Myron Korach
10850,Myron Miller
10851,Myung Jin Lee
10852,Myung-Jin Lee
10853,N Collins
10854,N. Akiyama
10855,N. Curtis
10856,N. Gaiman
10857,N. H. Thompson
10858,N. J. Dawood
10859,N. Kantaris
10860,N. M. Bodecker (Illustrator)
10861,N. Maccullough Weir
10862,N. R. Jackson
10863,N. Richard Nash
10864,N. Scott Momaday
10865,N.C. Wyeth
10866,N.H. Kleinbaum
10867,Na
10868,Naako Takeuchi
10869,Nachum Dershowitz
10870,Nader E Khalili
10871,Nadia M. Christen
10872,Nadine Gordimer
10873,Nadine Mockler
10874,Naguib Mahfouz
10875,Nahum N. Glatzer
10876,Nalo Hopkinson
10877,Nan Mccarthy
10878,Nan Phifer
10879,Nan Ryan
10880,Nanc
10881,Nancy Alberts
10882,Nancy Ann Richardson
10883,Nancy Appleton
10884,Nancy Atherton
10885,Nancy Baker
10886,Nancy Bell
10887,Nancy Birnes
10888,Nancy Block
10889,Nancy Bond
10890,Nancy C. Gamble
10891,Nancy C. Olmstead
10892,Nancy Cobb
10893,Nancy Creagh Phelan
10894,Nancy Dunnan
10895,Nancy E. Turner
10896,Nancy Fairbanks
10897,Nancy Farmer
10898,Nancy Freedman
10899,Nancy Friday
10900,Nancy Garden
10901,Nancy Garen
10902,Nancy Geary
10903,Nancy Goldstone
10904,Nancy Harmon Jenkins
10905,Nancy Harrison
10906,Nancy Holder
10907,Nancy Holyoke
10908,Nancy Huston
10909,Nancy K Robinson
10910,Nancy K. Robinson
10911,Nancy Kalish
10912,Nancy Kerrigan
10913,Nancy Kilpatrick
10914,Nancy Kress
10915,Nancy Krulik
10916,Nancy L. Mace
10917,Nancy Landrum
10918,Nancy Larrick
10919,Nancy Lee Teaff M.D.
10920,Nancy Lopez
10921,Nancy M. Neuman
10922,Nancy M. Stuart
10923,Nancy Madore
10924,Nancy Martin
10925,Nancy Mcarthur
10926,Nancy Mckenzie
10927,Nancy Milford
10928,Nancy Mitford
10929,Nancy Moser
10930,Nancy Munger
10931,Nancy Niles
10932,Nancy O'Hara
10933,Nancy Pearl
10934,Nancy Peske
10935,Nancy Pickard
10936,Nancy Reagan
10937,Nancy Richler
10938,Nancy Singer
10939,Nancy Snow
10940,Nancy Springer
10941,Nancy Star
10942,Nancy Stevens
10943,Nancy Stevenson
10944,Nancy Taylor Rosenberg
10945,Nancy Thayer
10946,Nancy Toder
10947,Nancy Tomes
10948,Nancy Wainer Cohen
10949,Nancy Warren
10950,Nancy Waxler-Morrison
10951,Nancy Wright
10952,Nancy Zieman
10953,Nao Yazawa
10954,Naoko Takeuchi
10955,Naomi Black
10956,Naomi Epel
10957,Naomi Horton
10958,Naomi Kritzer
10959,Naomi Nash
10960,Naomi Ragen
10961,Naomi Shibley
10962,Naomi Shihab Nye
10963,Naomi Wax
10964,Naomi Wolf
10965,Napoleon  A. Chagnon
10966,Napoleon Hill
10967,Natalia Ilyin
10968,Natalie Angier
10969,Natalie Babbitt
10970,Natalie Buske Thomas
10971,Natalie Carabetta
10972,Natalie Danford
10973,Natalie Goldberg
10974,Natalie Savage Carlson
10975,Natalie Zemon Davis
10976,Natalya Reshetovskaya
10977,Natasha Usher
10978,Natasha Wimm
10979,Natasha Wimmer
10980,Nathalie Amargier
10981,Nathan Archer
10982,Nathan Englander
10983,Nathan Miller
10984,Nathan Pritikin
10985,Nathaniel  Philbrick
10986,Nathaniel Altman
10987,Nathaniel Benchley
10988,Nathaniel Hawthorne
10989,Nathaniel Philbrick
10990,Nationa
10991,National Geographic Society
10992,Nav Press
10993,Nava Atlas
10994,Nava Renek
10995,Navarre
10996,Naylor
10997,Neal Barrett Jr.
10998,Neal Gabler
10999,Neal Mcpheeters
11000,Neal Pirolo
11001,Neal Pollack
11002,Neal Shusterman
11003,Neal Stephenson
11004,Neal Yamamoto
11005,Neale Donald Walsch
11006,Neale S. Godfrey
11007,Ned Vizzini
11008,Neesa Hart
11009,Nega Mezlekia
11010,Nei Shulman
11011,Neil
11012,Neil Baldwin
11013,Neil Bartlett
11014,Neil Clark Warren
11015,Neil D. Isaacs
11016,Neil Dawe
11017,Neil Gaim
11018,Neil Gaiman
11019,Neil Grant
11020,Neil Henry
11021,Neil Mcmahon
11022,Neil Postman
11023,Neil Shulman
11024,Neil Simon
11025,Neil Waldman
11026,Nell Nichols
11027,Nella Larsen
11028,Nelle Mcfather
11029,Nellie Bly
11030,Nellie Wong
11031,Nelson Algren
11032,Nelson Demille
11033,Nelson J. Price
11034,Nelson Mandela
11035,Nero Blanc
11036,Nevada Barr
11037,Nevil Shute
11038,Nevill Coghill
11039,Nevins
11040,New Line Productions
11041,New Woman
11042,New York Public Library
11043,Newman K.
11044,Newt Scamander
11045,Ngaio Marsh
11046,Nguye
11047,Nguyen Thi Hop
11048,Ni
11049,Niall Griffiths
11050,Niall Williams
11051,Nicci French
11052,Niccolo Ammaniti
11053,Niccolo Machiavelli
11054,Niccolò Machiavelli
11055,Nicholas Adams
11056,Nicholas Blake
11057,Nicholas Blincoe
11058,Nicholas Christopher
11059,Nicholas Dawidoff
11060,Nicholas De Lange
11061,Nicholas Edwards
11062,Nicholas Evans
11063,Nicholas Everitt
11064,Nicholas Gage
11065,Nicholas Guild
11066,Nicholas Meyer
11067,Nicholas Negroponte
11068,Nicholas Pine
11069,Nicholas Rinaldi
11070,Nicholas Sparks
11071,Nicholas Van Pelt
11072,Nicholas W. Maier
11073,Nicholson Baker
11074,Nick Backes
11075,Nick Bantock
11076,Nick Caistor
11077,Nick Danziger
11078,Nick Earls
11079,Nick Hornby
11080,Nick Meglin
11081,Nick Page
11082,Nick Pollotta
11083,Nick Redfern
11084,Nick Smith
11085,Nick Taylor
11086,Nick Thorpe
11087,Nick Tosches
11088,Nick West
11089,Nick Yapp
11090,Nick. Hornby
11091,Nickolas Slonimsky
11092,Nicola De Pulford
11093,Nicola Gillies
11094,Nicola Griffith
11095,Nicola Kraus
11096,Nicola Tauraso
11097,Nicola Thorne
11098,Nicola West
11099,Nicolas Bouvier
11100,Nicolas Fargues
11101,Nicolas Freeling
11102,Nicolas Maquiavelo
11103,Nicolas Rey
11104,Nicole Blackman
11105,Nicole Burnham
11106,Nicole Jordan
11107,Nicole Luiken
11108,Nicole Mones
11109,Nicole Thomas
11110,Nicole-Lise Berheim
11111,Nicols Fox
11112,Nien Cheng
11113,Nigel Cawthorne
11114,Nigel D. Findley
11115,Nigel Foster
11116,Nigel Griffin
11117,Nigel Pennick
11118,Nigel Suckling
11119,Nigel Tranter
11120,Nigel Warburton
11121,Nigel Williams
11122,Nik C. Colyer
11123,Nik Scott
11124,Nikki Benjamin
11125,Nikki Giovanni
11126,Nikki Rivers
11127,Nikolai Gogol
11128,Nikolai Tolstoy
11129,Nikolaj Frobenius
11130,Nikolaus Hansen
11131,Nikos Kazantzakis
11132,Nikos Stangos
11133,Nilo Cruz
11134,Nin
11135,Nina Barbaresi
11136,Nina Bawden
11137,Nina Beaumont
11138,Nina Berberova
11139,Nina Bernstein
11140,Nina George
11141,Nina Grunfeld
11142,Nina Hermann Donnelley
11143,Nina Kidd
11144,Nina Killham
11145,Nina Kiriki Hoffman
11146,Nina Mcpherson
11147,Nina Olligschläger
11148,Nina Wise
11149,Nino Lo Bello
11150,Nino Ricci
11151,Nk Lawn
11152,No Author
11153,Noah Benshea
11154,Noah Gordon
11155,Noam Chomsky
11156,Nobuo Akiyama
11157,Nobuyuki Anzai
11158,Noel Behn
11159,Noel Hynd
11160,Noel Perrin
11161,Noel Streatfeild
11162,Noelle Howey
11163,Nomi Eve
11164,Nora Ephron
11165,Nora Lam
11166,Nora Levin
11167,Nora Okja Keller
11168,Nora Raleigh Baskin
11169,Nora Roberts
11170,Norah Lofts
11171,Norah Robinson Lofts
11172,Norber
11173,Norbert Puszkar
11174,Norbert Wölfl
11175,Noreen G. Kellough
11176,Norence A. Nelson
11177,Norma Barrera
11178,Norma Farber
11179,Norma Fox Mazer
11180,Norma J. Bumgarner
11181,Norma Johnston
11182,Norma Kassirer
11183,Norma Khouri
11184,Norma Mazer
11185,Norma Smalley
11186,Norma Tadlock Johnson
11187,Norman Bridwell
11188,Norman Denny
11189,Norman F. Cantor
11190,Norman Jetmundsen
11191,Norman Kelley
11192,Norman Kemp Smith
11193,Norman Kolpas
11194,Norman Lewis
11195,Norman Lindsay
11196,Norman Macafee
11197,Norman Maclean
11198,Norman Mailer
11199,Norman Manea
11200,Norman Node
11201,Norman Rockwell
11202,Norman Solomon
11203,Norman Spinrad
11204,Norman Vincen Peale
11205,Norman Vincent Peale
11206,North American Bear Co.
11207,Northam Anderson
11208,Norton Juster
11209,Novle Rogers
11210,Now Magazine
11211,Nown Graham
11212,Nozomi Watase
11213,Noël Arnaud
11214,Noëlle Châtelet
11215,Ntozake Shange
11216,Nuala O'Faolain
11217,Nuruddin Farah
11218,Nyx Smith
11219,O Park
11220,O'Cork
11221,O'Lanso Gab
11222,O'Reilly Authors
11223,O. Carl Simonton M.D.
11224,O. E. Rolvaag
11225,O. Henry
11226,O. Praem
11227,O.E. Rolvaag
11228,Oakley Hall
11229,Obrien
11230,Octave Mirbeau
11231,Octavia E. Butler
11232,Odell Shepard
11233,Odo Hirsch
11234,Of Rolling Stone
11235,Office Book
11236,Og Mandino
11237,Olaf Stapledon
11238,Olaf Terpitz
11239,Ole Risom
11240,Olga Masters
11241,Olga Nolla
11242,Olive Ann Burns
11243,Olive Etchells
11244,Oliver L. North
11245,Oliver Latsch
11246,Oliver Sacks
11247,Oliver Stone
11248,Oliver W. Sacks
11249,Olivia Drake
11250,Olivia Goldsmith
11251,Olivia Judson
11252,Olivier Bournac
11253,Olivier Rolin
11254,Omar Khayyam
11255,Omar Khayyam Ravenhurst
11256,Omar Rayyan
11257,Onion Staff
11258,Oprah Winfrey
11259,Orhan Pamuk
11260,Oriah
11261,Oriah Mountain Dreamer
11262,Oriana Fallaci
11263,Orr
11264,Orson Scott Card
11265,Ortho
11266,Ortho Books
11267,Osborne Phillips
11268,Oscar Handlin
11269,Oscar Hijuelos
11270,Oscar Ratti
11271,Oscar Wilde
11272,Oscar Williams
11273,Osuntoki
11274,Oswald Wynd
11275,Oswalt Von Nostitz
11276,Otfried Preussler
11277,Otto Bayer
11278,Otto F. Wahl
11279,Otto Frank
11280,Otto H. Frank
11281,Otto M. Frank
11282,Otto Penzler
11283,Ouida Sebestyen
11284,Outside Magazine Editors
11285,Overbeck
11286,Ovid Demaris
11287,Owen
11288,Owen (Editor) Cuthbert
11289,Owen Beattie
11290,Owen Brookes
11291,Owen Chase
11292,Owen O'Donnell
11293,Owen Parry
11294,Oxford
11295,P D James
11296,P J O'Rourke
11297,P S Rushforth
11298,P W Joyce
11299,P. A. Bien
11300,P. Anthony
11301,P. B. Ryan
11302,P. C. Cast
11303,P. Craig Russell
11304,P. D. Cacek
11305,P. D. James
11306,P. G Wodehouse
11307,P. G. Wodehouse
11308,P. H. Davison
11309,P. J. O'Rourke
11310,P. J. Tracy
11311,P. L. Whitney
11312,P. Peju
11313,P. Richard Henrick
11314,P. W. Atkins
11315,P. W. Storm
11316,P.D. (Phyllis Dorothy) James
11317,P.D. Eastman
11318,P.D. James
11319,P.G. Wodehouse
11320,P.J. Gearing
11321,P.J. Lynch
11322,P.J. O'Rourke
11323,P.R.M. Oliver
11324,P.W. Atkins
11325,Pablo Neruda
11326,Pablo Tusset
11327,Paco Underhill
11328,Paddy Ryan
11329,Padriac Colum
11330,Pagan Kennedy
11331,Page Bryant
11332,Page Smith
11333,Paige Davis
11334,Palden Jenkins
11335,Palmer-Pletsch Associates
11336,Paloma
11337,Pam Binder
11338,Pam Conrad
11339,Pam Durban
11340,Pam England
11341,Pam Frankau
11342,Pam Houston
11343,Pam Kurtz
11344,Pam Munoz Ryan
11345,Pam Proctor
11346,Pam Ryan
11347,Pam Young
11348,Pamela Bauer
11349,Pamela Britton
11350,Pamela Browning
11351,Pamela Burford
11352,Pamela Dean
11353,Pamela Duncan
11354,Pamela E. Apkarian-Russell
11355,Pamela Griffin
11356,Pamela Grim
11357,Pamela Johnson
11358,Pamela Kaufman
11359,Pamela Liflander
11360,Pamela Morris
11361,Pamela Morsi
11362,Pamela Nelson
11363,Pamela Norris
11364,Pamela Rafael Berkman
11365,Pamela Redmond Satran
11366,Pamela Ribon
11367,Pamela Robin Brandt
11368,Pamela Sargent
11369,Pamela Stephenson
11370,Pamela Thomas-Graham
11371,Pamela Toth
11372,Pamela Townley
11373,Pamela Wallace
11374,Pamela Zoline
11375,Pancol
11376,Paolo Maurensig
11377,Paperblank Book Company
11378,Par Lagerkvist
11379,Parke Godwin
11380,Parker C. Hinter
11381,Parker J.  Palmer
11382,Parnell Hall
11383,Parragon
11384,Parris Afton Bonds
11385,Pascal Bonafoux
11386,Pascale De Bourgoing
11387,Pat Barker
11388,Pat Booth
11389,Pat Brady
11390,Pat Cadigan
11391,Pat Caplan
11392,Pat Conroy
11393,Pat Croce
11394,Pat Fairon
11395,Pat Hutchins
11396,Pat Lafontaine
11397,Pat Marriott
11398,Pat Mcgrath Avery
11399,Pat Mulcahy
11400,Pat Relf
11401,Pat Robertson
11402,Pat Rodegast
11403,Pat Rogers
11404,Pat Ross
11405,Pat Shipman
11406,Pat Summitt
11407,Pat Wallace
11408,Pat Warren
11409,Pat White
11410,Pat Widmer
11411,Patch Adams M.D.
11412,Patenaud
11413,Pati Palmer
11414,Patrice Courcelle
11415,Patrice Mattelon
11416,Patricia
11417,Patricia A Mckillip
11418,Patricia A. Mckillip
11419,Patricia A. Potter
11420,Patricia Arrigoni
11421,Patricia Barnes-Svarney
11422,Patricia Beatty
11423,Patricia Briggs
11424,Patricia C. Wrede
11425,Patricia Cabot
11426,Patricia Calvert
11427,Patricia Campbell Hearst
11428,Patricia Cornwell
11429,Patricia Crick
11430,Patricia Curtis
11431,Patricia D Cornwell
11432,Patricia D. Benke
11433,Patricia D. Cornwell
11434,Patricia Daniels Cornwell
11435,Patricia Deane Wigington
11436,Patricia Del Re
11437,Patricia Floss
11438,Patricia Foster
11439,Patricia Frances Rowell
11440,Patricia Gaffney
11441,Patricia Gardner Evans
11442,Patricia Geary
11443,Patricia Grace
11444,Patricia H. Hedges
11445,Patricia Hagan
11446,Patricia Harwin
11447,Patricia Haugaard
11448,Patricia Hausman
11449,Patricia Heaton
11450,Patricia Hedges
11451,Patricia Henley
11452,Patricia Hermes
11453,Patricia Hern
11454,Patricia Highsmith
11455,Patricia Ingham
11456,Patricia J. Crane
11457,Patricia J. Wyn
11458,Patricia J. Wynne
11459,Patricia Jeffery
11460,Patricia Kay
11461,Patricia Kennealy
11462,Patricia Kennealy-Morrison
11463,Patricia L Garfield
11464,Patricia L. Wrede
11465,Patricia Lake
11466,Patricia Lanza
11467,Patricia Lee Gauch
11468,Patricia Leitch
11469,Patricia Lewin
11470,Patricia Lynn Reilly
11471,Patricia Macdonald
11472,Patricia Maclachlan
11473,Patricia Marx
11474,Patricia Matthews
11475,Patricia Mckillip
11476,Patricia Meyer Spacks
11477,Patricia Moyes
11478,Patricia Nell Warren
11479,Patricia O'Brien
11480,Patricia Pellicane
11481,Patricia Phillips
11482,Patricia Polacco
11483,Patricia Potter
11484,Patricia Purvis
11485,Patricia R. Spadaro
11486,Patricia Reilly Giff
11487,Patricia Rice
11488,Patricia Romanowski
11489,Patricia Sargent
11490,Patricia Shaw
11491,Patricia Smith
11492,Patricia Sprinkle
11493,Patricia T. O'Conner
11494,Patricia Telesco
11495,Patricia Tichenor Westfall
11496,Patricia Vecchione
11497,Patricia Veryan
11498,Patricia Volk
11499,Patricia Waddell
11500,Patricia Wayant
11501,Patricia Waynant
11502,Patricia Wendorf
11503,Patricia Wentworth
11504,Patricia Wentworth Wentworth
11505,Patricia Windsor
11506,Patricia Wrede
11507,Patricia Wynn
11508,Patrick A. Davis
11509,Patrick Benson
11510,Patrick Besnier
11511,Patrick Camiller
11512,Patrick Carr
11513,Patrick Chabris Christopher
11514,Patrick Chamoiseau
11515,Patrick Creagh
11516,Patrick Demarchelier
11517,Patrick Dunleavy
11518,Patrick Dunne
11519,Patrick Fanning
11520,Patrick Fraley
11521,Patrick Gaffney
11522,Patrick Galvin
11523,Patrick H. O'Leary
11524,Patrick Hart
11525,Patrick Higgins
11526,Patrick Jennings
11527,Patrick K. Luzadder
11528,Patrick K. O'Donnell
11529,Patrick Larkin
11530,Patrick Lestewka
11531,Patrick Lynch
11532,Patrick M. Mcgrady
11533,Patrick Madrid
11534,Patrick Madrid (Editor)
11535,Patrick Mccabe
11536,Patrick Mcdonnell
11537,Patrick Mcgrath
11538,Patrick Morley
11539,Patrick Nielsen Hayden
11540,Patrick O'Brian
11541,Patrick Quillin
11542,Patrick Robinson
11543,Patrick Samway
11544,Patrick Suskind
11545,Patrick Süskind
11546,Patrick Taylor
11547,Patrick White
11548,Patrick Wood
11549,Patsi Bale Cox
11550,Patsy Clairmont
11551,Patsy Stoneman
11552,Patt Bucheister
11553,Patti Berg
11554,Patti G. Fields
11555,Patti Kim
11556,Patti Normile
11557,Patti O'Shea
11558,Patti Shosteck
11559,Patty Aubery
11560,Patty Aubrey
11561,Patty Duke
11562,Patty Hansen
11563,Patty Martirosian
11564,Patty Mitchell
11565,Paul
11566,Paul (Ed) Atterbury
11567,Paul Arden
11568,Paul Aurandt
11569,Paul Auster
11570,Paul B. Thompson
11571,Paul Bacon
11572,Paul Bagdon
11573,Paul Bailey
11574,Paul Berf
11575,Paul Blackburn
11576,Paul Bowles
11577,Paul Brodeur
11578,Paul Burrell
11579,Paul C. Bragg
11580,Paul C. Doherty
11581,Paul Casale
11582,Paul Cowan
11583,Paul Davids
11584,Paul Davies
11585,Paul Denham
11586,Paul Dickson
11587,Paul Dixon
11588,Paul Doherty
11589,Paul E. Morin
11590,Paul Edwards
11591,Paul Erdman
11592,Paul Eshleman
11593,Paul Feig
11594,Paul Ferrini
11595,Paul Fleischman
11596,Paul Foote
11597,Paul Fussell
11598,Paul Galdone
11599,Paul Gambaccini
11600,Paul Geiger
11601,Paul Golding
11602,Paul Granger
11603,Paul Greengrass
11604,Paul Grescoe
11605,Paul Grimes
11606,Paul Halpern
11607,Paul Harding
11608,Paul Hattaway
11609,Paul Hoffman
11610,Paul Hogarth
11611,Paul Howard
11612,Paul J. Mcauley
11613,Paul Jennings
11614,Paul Joffe
11615,Paul Joseph Lederer
11616,Paul Kaufman
11617,Paul Kelley
11618,Paul Kemprecos
11619,Paul Kent
11620,Paul Kidby
11621,Paul Klee
11622,Paul Kozelka
11623,Paul Krassner
11624,Paul Langfield
11625,Paul Laurence Dunbar
11626,Paul Lester
11627,Paul Levine
11628,Paul Levinson
11629,Paul Lomax
11630,Paul Lopez
11631,Paul Lukas
11632,Paul M. Angle
11633,Paul Magrs
11634,Paul Mann
11635,Paul Mantell
11636,Paul Mccusker
11637,Paul Mcguire
11638,Paul Meier
11639,Paul Meisel
11640,Paul Milliner
11641,Paul Millman
11642,Paul Monette
11643,Paul Negri
11644,Paul O. Zelinsky
11645,Paul Phifer
11646,Paul Preuss
11647,Paul Rabinow
11648,Paul Reidinger
11649,Paul Reiser
11650,Paul Robert Walker
11651,Paul Roche
11652,Paul Rogat Loeb
11653,Paul Rudnick
11654,Paul S. Newman
11655,Paul Scott
11656,Paul Simon
11657,Paul Sloane
11658,Paul Solotaroff
11659,Paul Temple
11660,Paul Theroux
11661,Paul Turner
11662,Paul Vincent
11663,Paul Ware
11664,Paul Watzlawick
11665,Paul Wilkes
11666,Paul Williams
11667,Paul Wilson
11668,Paul Witcover
11669,Paul Woodruff
11670,Paul Zindel
11671,Paula Begoun
11672,Paula Boock
11673,Paula Christopher
11674,Paula D'Arcy
11675,Paula Danziger
11676,Paula Detmer Riggs
11677,Paula Fox
11678,Paula G Allen
11679,Paula Hamilton
11680,Paula Huntley
11681,Paula Huston
11682,Paula Jhung
11683,Paula L. Woods
11684,Paula Marantz Cohen
11685,Paula Polk Lillard
11686,Paula R. Pearlman
11687,Paula Rinehart
11688,Paula Sheridan
11689,Paula Trachtman
11690,Paula Volsky
11691,Paula Weideger
11692,Paule Constant
11693,Paule Marshall
11694,Paulette Bourgeois
11695,Paulette Jiles
11696,Paulette Livers Lam
11697,Pauli Murray
11698,Pauline Baynes
11699,Pauline Brown
11700,Pauline Nestor
11701,Pauline Reage
11702,Pauline Rosenau
11703,Pauline Tai
11704,Paulita Sedgwick
11705,Paullina Simons
11706,Paulo Coelho
11707,Payne
11708,Pc Learning Lab
11709,Pd
11710,Peace Pilgrim
11711,Pearl Abraham
11712,Pearl Baker
11713,Pearl Buck
11714,Pearl Cleage
11715,Pearl S. Buck
11716,Pearson Education
11717,Peg Kehret
11718,Peg Kerr
11719,Peg Ross
11720,Peg Sutherland
11721,Peggy Bechko
11722,Peggy Claude-Pierre
11723,Peggy Ferber
11724,Peggy Fleming
11725,Peggy Jones
11726,Peggy Moreland
11727,Peggy Nicholson
11728,Peggy Noonan
11729,Peggy O'Mara
11730,Peggy Parish
11731,Peggy Payne
11732,Peggy Post
11733,Peggy Rambach
11734,Peggy Ramundo
11735,Peggy Schmidt
11736,Peggy Taylor
11737,Peggy Vincent
11738,Peggy Webb
11739,Peggy Woodford
11740,Pegi Handley
11741,Pema Chodron
11742,Penelope Dellaporta
11743,Penelope Evans
11744,Penelope Fitzgerald
11745,Penelope J. Stokes
11746,Penelope Leach
11747,Penelope Lively
11748,Penelope Smith
11749,Peni R. Griffin
11750,Penina Keen Spinka
11751,Penn Jillette
11752,Penny Armstrong
11753,Penny Dale
11754,Penny Frank
11755,Penny Gentieu
11756,Penny Jordan
11757,Penny Simkin
11758,Penthouse International
11759,People For The Ethical Treatment Of Anim
11760,Per Olov Enquist
11761,Per Wahloo
11762,Percy Bysshe Shelley
11763,Percy Kemp
11764,Perhenrik Gurth
11765,Perla Meyers
11766,Perrault
11767,Perri Klass
11768,Perri O'Shaughnessy
11769,Perros Georges
11770,Perry Rhodan
11771,Persia Woolley
11772,Pete
11773,Pete Dexter
11774,Pete Earley
11775,Pete Hamill
11776,Pete Nelson
11777,Pete Shoemaker
11778,Peter (Narrator) Macnichol
11779,Peter Abrahams
11780,Peter Ackroyd
11781,Peter Albano
11782,Peter B Heim
11783,Peter Barrett
11784,Peter Barsocchini
11785,Peter Bebrandt
11786,Peter Benchley
11787,Peter Berling
11788,Peter Blauner
11789,Peter Bleksley
11790,Peter Blocksom
11791,Peter Bonventre
11792,Peter Bradshaw
11793,Peter Bruck
11794,Peter Burton
11795,Peter C. Cavelti
11796,Peter C. Newman
11797,Peter Canby
11798,Peter Carey
11799,Peter Cashorali
11800,Peter Cashwell
11801,Peter Clover
11802,Peter Conn
11803,Peter Crowther
11804,Peter David
11805,Peter De Jonge
11806,Peter De Seve
11807,Peter De Sève
11808,Peter Dickinson
11809,Peter Downey
11810,Peter Economy
11811,Peter Emslie
11812,Peter F. Hamilton
11813,Peter F. Stevens
11814,Peter Fitzsimons
11815,Peter Friedrich
11816,Peter Gay
11817,Peter Gethers
11818,Peter Greenberg
11819,Peter Gzowski
11820,Peter Haining
11821,Peter Handke
11822,Peter Hart
11823,Peter Hedges
11824,Peter Hill
11825,Peter Hilliges
11826,Peter Hillsman Taylor
11827,Peter Hoeg
11828,Peter Høeg
11829,Peter Irons
11830,Peter Israel
11831,Peter J. D'Adamo
11832,Peter J. Gomes
11833,Peter J. Heck
11834,Peter Jaksa
11835,Peter James
11836,Peter Jenkins
11837,Peter Jennings
11838,Peter K. Wehrli
11839,Peter Kelder
11840,Peter King
11841,Peter Kline
11842,Peter Kummer
11843,Peter Kussi
11844,Peter Landesman
11845,Peter Lawrence
11846,Peter Lear
11847,Peter Lerangis
11848,Peter Levi
11849,Peter Levitt
11850,Peter Longden
11851,Peter Lourekas
11852,Peter Maas
11853,Peter Mansfield
11854,Peter Mark Roget
11855,Peter Matthiessen
11856,Peter May
11857,Peter Mayle
11858,Peter Mccabe
11859,Peter Mcdonough
11860,Peter Mcwilli
11861,Peter Mcwilliams
11862,Peter Moore
11863,Peter Moore Smith
11864,Peter N. Forman
11865,Peter N. Nelson
11866,Peter Nadas
11867,Peter Naujack
11868,Peter Nelson
11869,Peter Niesewand
11870,Peter Opie
11871,Peter Parham
11872,Peter Quennell
11873,Peter Ralph
11874,Peter Robert
11875,Peter Robinson
11876,Peter Russell
11877,Peter S. Beagle
11878,Peter Shaffer
11879,Peter Singer
11880,Peter Sis
11881,Peter Spiegelman
11882,Peter Straub
11883,Peter Taylor
11884,Peter Tegel
11885,Peter Tremayne
11886,Peter Trudgill
11887,Peter Urban-Halle
11888,Peter Ustinov
11889,Peter V Orullian
11890,Peter V. Rabins
11891,Peter Van Der Veer
11892,Peter Ward
11893,Peter Washington
11894,Peter Watts
11895,Peter Weber
11896,Peter Wood
11897,Peter Wright
11898,Peterson
11899,Petra Durst-Benning
11900,Petra Hammesfahr
11901,Petra Hrabak
11902,Petra Oelker
11903,Petra Wackerle
11904,Petru Popescu
11905,Ph.D.
11906,Ph.D. Gannon
11907,Ph.D. Heinowitz
11908,Ph.D. Howard M. Halpern
11909,Ph.D. Martin Katahn
11910,Ph.D. Vivian Sch
11911,Phan Huy Duong
11912,Phd. Riaz Khadem
11913,Phd. Robert Lorber
11914,Phil Donahue
11915,Phil Farrand
11916,Phil Foglio
11917,Phil Georgeff
11918,Phil Gross
11919,Phil Hale
11920,Phil Hirsch
11921,Phil Jackson
11922,Phil Kuntz
11923,Phil Lee
11924,Phil Mcgraw
11925,Phil Parks
11926,Phil Rickman
11927,Phil Roxbee-Cox
11928,Philip
11929,Philip Ardagh
11930,Philip B. Crosby
11931,Philip Bashe
11932,Philip Casey
11933,Philip Evans
11934,Philip Friedman
11935,Philip G. Rouse
11936,Philip Gabriel
11937,Philip Goldberg
11938,Philip Gonzalez
11939,Philip Gourevitch
11940,Philip Harnden
11941,Philip Haythornthwaite
11942,Philip Hazel
11943,Philip Heit
11944,Philip J. Davis
11945,Philip Jose Farmer
11946,Philip K. Dick
11947,Philip K. Dike
11948,Philip K. Howard
11949,Philip Kerr
11950,Philip Lerman
11951,Philip Macdonald
11952,Philip Norman
11953,Philip Plisson
11954,Philip Pullman
11955,Philip R. Craig
11956,Philip Reeve
11957,Philip Rieff
11958,Philip Roth
11959,Philip Shelby
11960,Philip Simpson
11961,Philip Smith
11962,Philip Sugden
11963,Philip Webb
11964,Philip Wilkinson
11965,Philip Wylie
11966,Philip Zaleski
11967,Philipp Rippel
11968,Philipp Vandenberg
11969,Philippa Carr
11970,Philippa Gregory
11971,Philippa Pearce
11972,Philippe Ames
11973,Philippe Djian
11974,Philippe Fix
11975,Philippe Garner
11976,Philippe Jaccottet
11977,Philippe Noble
11978,Philippe Sollers
11979,Philippe Tho
11980,Phillip Berman
11981,Phillip C. Mcgraw
11982,Phillip E. Pack
11983,Phillip Giroux
11984,Phillip Keller
11985,Phillip M. Margolin
11986,Phillip Margolin
11987,Phoebe Conn
11988,Phoebe Gloeckner
11989,Phoebe Mcphee
11990,Phyllis A. Whitney
11991,Phyllis Ann Karr
11992,Phyllis D. James
11993,Phyllis Galde
11994,Phyllis Gates
11995,Phyllis Gotlieb
11996,Phyllis Haddox
11997,Phyllis Halldorson
11998,Phyllis Houseman
11999,Phyllis Raybin Emert
12000,Phyllis Reynolds Naylor
12001,Phyllis Richman
12002,Phyllis Rose
12003,Phyllis Schneider
12004,Phyllis Stanley
12005,Phyllis Tickle
12006,Phyllis Wise
12007,Phyllis Wright-Herman
12008,Pia Pera
12009,Pieke Biermann
12010,Piero Ferrucci
12011,Piero Ventura
12012,Pierre Assouline
12013,Pierre Augustin Caron De Beaumarchais
12014,Pierre Barbéris
12015,Pierre Bayard
12016,Pierre Berton
12017,Pierre Boulle
12018,Pierre Choderlos De Laclos
12019,Pierre Corneille
12020,Pierre Desproges
12021,Pierre Gripari
12022,Pierre Joffroy
12023,Pierre Laszlo
12024,Pierre Laurendeau
12025,Pierre Le Rouzic
12026,Pierre Le-Tan
12027,Pierre Levy
12028,Pierre Loti
12029,Pierre Mac Orlan
12030,Pierre Makyo
12031,Pierre Pelot
12032,Pierre Péju
12033,Pierre S. De Laplace
12034,Pierre Salomon
12035,Pierre Sansot
12036,Pierre Wolff
12037,Pierre-Ambrois-Francois Choderlos De Laclos
12038,Pierre-Paul Durastanti
12039,Piers A. Jacob
12040,Piers Anthony
12041,Piers Dudgeon
12042,Piers Paul Read
12043,Piers Vitebsky
12044,Pike
12045,Piri Thomas
12046,Pirsig
12047,Pixar Animation Studios Staff
12048,Plato
12049,Plato (Translated
12050,Pleasant Despain
12051,Po Bronson
12052,Pociao
12053,Pocket
12054,Pocket Books
12055,Polly Athan
12056,Pope John Paul Ii
12057,Poppy Z. Brite
12058,Poul And
12059,Poul Anderson
12060,Pratibha Parmar
12061,Preston A. Pairo
12062,Prevention Health Bo
12063,Price Stern Sloan
12064,Pricilla Hamilton
12065,Primo Levi
12066,Princeton Language Institute
12067,Priscilla Olson
12068,Professor John Barth
12069,Professor Nicholas Abercrombie
12070,Professor Peter Singer
12071,Proinsias Mac Cana
12072,Project Censored
12073,Prosper Mérimée
12074,Prue Theobalds
12075,Publishing Lyrick
12076,Purple Ronnie
12077,Pyotyr Kurtinski
12078,Q. D. Leavis
12079,Quentin Bell
12080,Quentin Blake
12081,Quentin Crisp
12082,Quinn T. Evans
12083,Quint Buchholz
12084,Quintin Jardine
12085,Quinton Hosford Dixie
12086,R D Blackmore
12087,R Moritz
12088,R Publishing
12089,R. A. Gilbert
12090,R. A. Macavoy
12091,R. A. Montgomery
12092,R. A. Salvatore
12093,R. Conrad Stein
12094,R. Cook
12095,R. D. Ginn
12096,R. D. Laing
12097,R. D. Lawrence
12098,R. David Thomas
12099,R. Ewart Oakeshott
12100,R. F. C. Hull
12101,R. F. Laird
12102,R. Forster
12103,R. H. W. Dillard
12104,R. J. Hollingdale
12105,R. J. Jensen
12106,R. J. Pineiro
12107,R. J. Stewart
12108,R. K. Gordon
12109,R. K. Narayan
12110,R. Karl Largent
12111,R. L. Fisher
12112,R. L. Stine
12113,R. M. Meluch
12114,R. Montanari
12115,R. N. Coles
12116,R. O. Blechman
12117,R. P. C. Mutter
12118,R. Spill
12119,R. T. Burns
12120,R. T. Stevens
12121,R. Taylor Mclean
12122,R. Von Mises
12123,R. W. Holder
12124,R. W. Scholes
12125,R.A. Deckert
12126,R.A. Macavoy
12127,R.A. Montgomery
12128,R.A. Salvatore
12129,R.D.
12130,R.D. Wingfield
12131,R.J. Rosenblum
12132,R.L. Stine
12133,Rachael Crabb
12134,Rachael F. Heller
12135,Rachael Leigh Cook
12136,Rachael Ray
12137,Rachel Bell
12138,Rachel Billington
12139,Rachel Carson
12140,Rachel Chandler
12141,Rachel Cohn
12142,Rachel Cowan
12143,Rachel Cusk
12144,Rachel Gibson
12145,Rachel Harris
12146,Rachel Harris L.C.S.W.  Ph
12147,Rachel Hawthorne
12148,Rachel Jones
12149,Rachel Kaberry
12150,Rachel Lee
12151,Rachel Naomi Remen
12152,Rachel North
12153,Rachel Pollack
12154,Rachel Roberts
12155,Rachel Seiffert
12156,Rachel Simmons
12157,Rachel Simon
12158,Rachel Timms
12159,Rachel Walton
12160,Rachelle Nelson
12161,Radiguet
12162,Rae Lawrence
12163,Raeann Hart
12164,Rafael Chirbes
12165,Rafael Courtoisie
12166,Rafik Schami
12167,Rahima Baldwin Dancy
12168,Rahna Reiko Rizzuto
12169,Raimund Theis
12170,Rainer Eisenschmid
12171,Rainer Laabs
12172,Rainer Maria Rilke
12173,Rainer Schmidt
12174,Raisa Gorbachev
12175,Raisa Orlova
12176,Raj Kamal Jha
12177,Ralf Schröder
12178,Ralph Edney
12179,Ralph Ellison
12180,Ralph Goldman
12181,Ralph Helfer
12182,Ralph Leighton
12183,Ralph Levinson
12184,Ralph M. Mcinerny
12185,Ralph Manheim
12186,Ralph Peters
12187,Ralph Schoenstein
12188,Ralph Steadman
12189,Ralph Thompson
12190,Ralph Waldo Emerson
12191,Ram Dass
12192,Ramsey Campbell
12193,Rand Flem Ath
12194,Rand Miller
12195,Randall Adams
12196,Randall Kenan
12197,Randall Kennedy
12198,Randall Neustaedter
12199,Randall Robinson
12200,Randall Rothenberg
12201,Randall Wallace
12202,Rande Brown
12203,Randi Reisfeld
12204,Randolph Hogan
12205,Random House
12206,Randy Alcorn
12207,Randy Hall
12208,Randy M. Page
12209,Randy Moravec
12210,Randy Petersen
12211,Randy Salem
12212,Randy Shilts
12213,Rani Manicka
12214,Raphael Aloysius Lafferty
12215,Raul Correa
12216,Ravi Zacharias
12217,Ray
12218,Ray Axford
12219,Ray Blackston
12220,Ray Brad
12221,Ray Bradbury
12222,Ray Garton
12223,Ray Gordon
12224,Ray Grigg
12225,Ray Hansen
12226,Ray Kurzweil
12227,Ray Miller
12228,Ray Shannon
12229,Raye Morgan
12230,Raymond Aaron
12231,Raymond Barnett
12232,Raymond Benson
12233,Raymond Brock
12234,Raymond Buckland
12235,Raymond Carver
12236,Raymond Chandler
12237,Raymond D Keene
12238,Raymond E. Feist
12239,Raymond Feist
12240,Raymond G. Dobard
12241,Raymond Giles
12242,Raymond James
12243,Raymond Jean
12244,Raymond Keene
12245,Raymond Lamont-Brown
12246,Raymond Moore
12247,Raymond Pierson
12248,Raymond Queneau
12249,Raymond R. Maccurdy
12250,Raymond Regh
12251,Raymond Rosenthal
12252,Raymond Strait
12253,Read
12254,Reader'S Digest
12255,Reay Tannahill
12256,Rebbecca Ray
12257,Rebecca Bloom
12258,Rebecca Bond
12259,Rebecca Bradley
12260,Rebecca Brandewyne
12261,Rebecca Campbell
12262,Rebecca Flanders
12263,Rebecca Godfrey
12264,Rebecca Harding Davis
12265,Rebecca Hirsh
12266,Rebecca Lickiss
12267,Rebecca O'Connell
12268,Rebecca Ore
12269,Rebecca Price Janney
12270,Rebecca R. Merri
12271,Rebecca Reisert
12272,Rebecca Rinehart (Eds) Visscher
12273,Rebecca Shannonhouse
12274,Rebecca Smith
12275,Rebecca St. James
12276,Rebecca Stowe
12277,Rebecca Stratton
12278,Rebecca Wells
12279,Rebecca West
12280,Rebecca Winters
12281,Rebecca Wood
12282,Rebecca Woolis
12283,Rebecca York
12284,Redmond O'Hanlon
12285,Reed Arvin
12286,Reed Irvine
12287,Reeve Lindbergh
12288,Reeves Hubert
12289,Reg Sandland
12290,Regan Dunnick
12291,Regena Thomashauer
12292,Regina Barreca
12293,Regina Domeraski
12294,Regina Kehn
12295,Regina Mcbride
12296,Regina Oehler Fultz
12297,Regina Sara Ryan
12298,Regina Schilling
12299,Reginald Hill
12300,Rei Idumi
12301,Reidar Jonsson
12302,Reiji Saiga
12303,Reiji Saiga Tokyo
12304,Reiko Momochi
12305,Reinhard Delau
12306,Reinhard Kaiser
12307,Remee
12308,Rena Kornreich Gelissen
12309,Renan Demirkan
12310,Renata Ginter
12311,Renate Dorrestein
12312,Renate N. Caine
12313,Rene Barjavel
12314,Rene Bergh
12315,Rene Chartrand
12316,Rene Delorm
12317,Rene E'Ch
12318,Rene Reid Yarnell
12319,Renee
12320,Renee Blank
12321,Renee Graef
12322,Rennie Airth
12323,René Barjavel
12324,René Girard
12325,René Goscinny
12326,René Milot
12327,Renée Villoteau (Traduit De L'Anglai
12328,Renée Zucker
12329,Reuben Brower
12330,Rev Ray T. Malbrough
12331,Rev.
12332,Rev. W. Awdry
12333,Reverend Al Sharpton
12334,Rex Gibson
12335,Rex Stout
12336,Rex Warner
12337,Rex Weyler
12338,Rexanne Becnel
12339,Reynolds Price
12340,Rh Disney
12341,Rh Value Publishing
12342,Rhett Ellis
12343,Rhidian Brook
12344,Rhoda Huffey
12345,Rhonda Findling
12346,Rhys Bowen
12347,Ria Fehlau
12348,Riane Eisler
12349,Ric Edelman
12350,Ricarda Junge
12351,Ricardo Semler
12352,Rich Hall
12353,Rich Miller
12354,Rich Shapero
12355,Richar
12356,Richard
12357,Richard A.
12358,Richard A. Clarke
12359,Richard A. Evans M.D.
12360,Richard A. Knaak
12361,Richard A. Lupoff
12362,Richard A. Wright
12363,Richard Adams
12364,Richard Alewyn
12365,Richard Alleman
12366,Richard Anthony D'Ambrosio
12367,Richard Appignanesi
12368,Richard Awlinson
12369,Richard Bach
12370,Richard Bachman
12371,Richard Baker
12372,Richard Bandler
12373,Richard Baudians
12374,Richard Bausch
12375,Richard Belzer
12376,Richard Berman
12377,Richard Bernstein
12378,Richard Bird
12379,Richard Blackaby
12380,Richard Blow
12381,Richard Bohringer
12382,Richard Bolles
12383,Richard Bowker
12384,Richard Brassey
12385,Richard Brightfield
12386,Richard Bruce Wright
12387,Richard Burton
12388,Richard Carlson
12389,Richard Courtney
12390,Richard Craze
12391,Richard Curtis
12392,Richard D. Kellough
12393,Richard D. Mohr
12394,Richard Dalby
12395,Richard David Carson
12396,Richard Dawkins
12397,Richard Dean Rosen
12398,Richard Dominick
12399,Richard Dowis
12400,Richard Doyle
12401,Richard E. Ecker
12402,Richard Ellis
12403,Richard Ellmann
12404,Richard Emil Braun
12405,Richard Erdoes
12406,Richard Eskit
12407,Richard Evans
12408,Richard Eyre
12409,Richard F. Heller
12410,Richard Ferber
12411,Richard Feynman
12412,Richard Firstman
12413,Richard Flanagan
12414,Richard Ford
12415,Richard Glaubman
12416,Richard Goldstein
12417,Richard Grant
12418,Richard Green
12419,Richard Grimes
12420,Richard H. Green
12421,Richard H. Pitcairn D.V.M.
12422,Richard Harrington
12423,Richard Henry Dana
12424,Richard Herley
12425,Richard Herman
12426,Richard Hescox
12427,Richard Hewitt
12428,Richard Hofstadter
12429,Richard Holbrooke
12430,Richard Holmes
12431,Richard Howard
12432,Richard Hoyt
12433,Richard Hughes
12434,Richard I. Abrams
12435,Richard J. Foster
12436,Richard Kauffmann
12437,Richard Kolding
12438,Richard Kot
12439,Richard L. Anderson
12440,Richard L. Mcguire
12441,Richard L. Miller
12442,Richard L. Polese
12443,Richard L. Rubenstein
12444,Richard L. Zettler
12445,Richard Lagravenese
12446,Richard Laliberte
12447,Richard Lannon
12448,Richard Laymon
12449,Richard Leakey
12450,Richard Lederer
12451,Richard Leigh
12452,Richard Lindberg
12453,Richard Lischer
12454,Richard Littlejohn
12455,Richard Llewellyn
12456,Richard Lockridge
12457,Richard M Weaver
12458,Richard M. Ketchum
12459,Richard M. Stallman
12460,Richard Mantel
12461,Richard Marcinko
12462,Richard Marek
12463,Richard Mason
12464,Richard Matheson
12465,Richard Miniter
12466,Richard Monaco
12467,Richard Moran
12468,Richard Morris
12469,Richard N. Bolles
12470,Richard N. Patterson
12471,Richard North Patterson
12472,Richard O'Connor
12473,Richard O. Boyer
12474,Richard Olney
12475,Richard Owen
12476,Richard P. Feynman
12477,Richard P. Henrick
12478,Richard P. Mcbrien
12479,Richard Parrish
12480,Richard Parry
12481,Richard Paul Evans
12482,Richard Peck
12483,Richard Petersen
12484,Richard Pevear
12485,Richard Pini
12486,Richard Platt
12487,Richard Poe
12488,Richard Preston
12489,Richard Price
12490,Richard Rayner
12491,Richard Rodriguez
12492,Richard Roeper
12493,Richard Rohmer
12494,Richard Rohr
12495,Richard Rosen
12496,Richard Russo
12497,Richard S. Beaser
12498,Richard S. Broughton Ph.D.
12499,Richard S. Wheeler
12500,Richard Sapir
12501,Richard Scarry
12502,Richard Seaver
12503,Richard Setlowe
12504,Richard Shears
12505,Richard Shenkman
12506,Richard Sherbaniuk
12507,Richard Skinner
12508,Richard Smith
12509,Richard Stark
12510,Richard Steinberg
12511,Richard Sullivan
12512,Richard T. Burrows
12513,Richard T. Kaser
12514,Richard T. Pienciak
12515,Richard Taylor
12516,Richard Vetere
12517,Richard Von Weizsäcker
12518,Richard W. Brislin
12519,Richard W. Chilson
12520,Richard W. Paul
12521,Richard Wagamese
12522,Richard Webster
12523,Richard Whittingham
12524,Richard Wilbur
12525,Richard Williams
12526,Richard Woodman
12527,Richard Wright
12528,Richard Wrigley
12529,Richard Yates
12530,Richard Zimler
12531,Richard Zoozmann
12532,Richards
12533,Richie Tankersley Cusick
12534,Richmond Lattimore
12535,Ricia Mainhardt
12536,Rick Baldwin
12537,Rick Barba
12538,Rick Beech
12539,Rick Berman
12540,Rick Bragg
12541,Rick Buda
12542,Rick Bundschuh
12543,Rick Carroll
12544,Rick Carson
12545,Rick Davis
12546,Rick Demarinis
12547,Rick Detorie
12548,Rick Fields
12549,Rick Foster
12550,Rick Ingrasci
12551,Rick Kirkman
12552,Rick Kollath
12553,Rick Meyerowitz
12554,Rick Mofina
12555,Rick North
12556,Rick Pitino
12557,Rick Ridgway
12558,Rick Simonson
12559,Rick T
12560,Rick Wartzman
12561,Ridley Pearson
12562,Rigoberta Menchú
12563,Rikki Ducornet
12564,Rikki S
12565,Risa Mickenberg
12566,Rising Moon Editors
12567,Rita Bennett
12568,Rita Chapman Works
12569,Rita Ciresi
12570,Rita Clay Estrada
12571,Rita Cristofari
12572,Rita Dove
12573,Rita Golden Gelman
12574,Rita Herron
12575,Rita K
12576,Rita Konig
12577,Rita Lampkin
12578,Rita Mae Brown
12579,Rita Moonsammy
12580,Rita Murphy
12581,Rita Rainville
12582,Rita Rudner
12583,Rita Seuß
12584,Riyoko Ikeda
12585,Rizzoli
12586,Roald Dahl
12587,Rob
12588,Rob Byrnes
12589,Rob Horowitz
12590,Rob Kean
12591,Rob Macgregor
12592,Rob Morrow
12593,Rob Payne
12594,Rob Rains
12595,Robb Forman Dew
12596,Robbie Branscum
12597,Robbie Dingeman
12598,Robbins
12599,Robe
12600,Robert A Johnson
12601,Robert A Seiple
12602,Robert A. (Anson) Heinlein
12603,Robert A. Goldberg
12604,Robert A. Harper
12605,Robert A. Heinlein
12606,Robert A. Wilson
12607,Robert Adams
12608,Robert Alexander
12609,Robert Allen
12610,Robert Amoroso
12611,Robert Andrews
12612,Robert Angell
12613,Robert Anton Wilson
12614,Robert Arthur
12615,Robert Asprin
12616,Robert Aunger
12617,Robert B. Heilman
12618,Robert B. Miller
12619,Robert B. Parker
12620,Robert Baer
12621,Robert Baldick
12622,Robert Ballard
12623,Robert Barnard
12624,Robert Becker
12625,Robert Berkow
12626,Robert Blanchard
12627,Robert Bloch
12628,Robert Bly
12629,Robert Bolton
12630,Robert Bonazzi
12631,Robert Bosnak
12632,Robert Boswell
12633,Robert Bramson
12634,Robert Browning
12635,Robert Bucknam
12636,Robert Buderi
12637,Robert Burns
12638,Robert Byrne
12639,Robert C. Atkins
12640,Robert C. Fay
12641,Robert C. O'Brien
12642,Robert C. Solomon
12643,Robert C. Wilson
12644,Robert Cameron
12645,Robert Carter
12646,Robert Charles Wilson
12647,Robert Chesley
12648,Robert Claiborne
12649,Robert Clark
12650,Robert Cohen
12651,Robert Coles
12652,Robert Coover
12653,Robert Cormier
12654,Robert Cowley
12655,Robert Crais
12656,Robert Crossley
12657,Robert D. Marcus
12658,Robert D. Parrish
12659,Robert Daley
12660,Robert Dessaix
12661,Robert Doherty
12662,Robert Donald Spector
12663,Robert Douglas Mead
12664,Robert Drewe
12665,Robert E Vardeman
12666,Robert E. Hannemann
12667,Robert E. Kowalski
12668,Robert E. Lee
12669,Robert E. Ler
12670,Robert E. Vardeman
12671,Robert E. Weinberg
12672,Robert Eckstein
12673,Robert Eisenberg
12674,Robert Ellis Gordon
12675,Robert Ellsberg
12676,Robert F. Panara
12677,Robert F. Young
12678,Robert Ferrigno
12679,Robert Finch
12680,Robert Fisher
12681,Robert Fitzgerald
12682,Robert Forrest Burgess
12683,Robert Frost
12684,Robert Fulghum
12685,Robert G. Allen
12686,Robert G. Waldron
12687,Robert Garland
12688,Robert Gentile
12689,Robert Gernhardt
12690,Robert Gerzon
12691,Robert Girardi
12692,Robert Goddard
12693,Robert Goldsborough
12694,Robert Grace
12695,Robert Graves
12696,Robert Greenberger
12697,Robert H Waterman
12698,Robert H. Bork
12699,Robert H. Boyer
12700,Robert H. Eisenman
12701,Robert H. Ferrell
12702,Robert H. Hopcke
12703,Robert H. March
12704,Robert H. Thomas
12705,Robert H. Wolfe
12706,Robert Haas
12707,Robert Half
12708,Robert Harold Schuller
12709,Robert Harris
12710,Robert Hass
12711,Robert Hawks
12712,Robert Heinlein
12713,Robert Hellenga
12714,Robert Hendrickson
12715,Robert Holdstock
12716,Robert Houston
12717,Robert Howard
12718,Robert Hudson
12719,Robert Hughes
12720,Robert Hurley
12721,Robert Hültner
12722,Robert Inman
12723,Robert J. Canady
12724,Robert J. Harris
12725,Robert J. Lenardon
12726,Robert J. Milch
12727,Robert J. Nogosek
12728,Robert J. Randisi
12729,Robert J. Ray
12730,Robert J. Ringer
12731,Robert J. Sawyer
12732,Robert J. Wicks
12733,Robert James Waller
12734,Robert Jastrow
12735,Robert Jewett
12736,Robert Jordan
12737,Robert K. Johnston
12738,Robert K. Ressler
12739,Robert K. Tanenbaum
12740,Robert Kagan
12741,Robert Kaplow
12742,Robert Kelley
12743,Robert Kimber
12744,Robert Kimmel Smith
12745,Robert Kimmerle
12746,Robert Kirschner
12747,Robert Kornwise
12748,Robert Kraus
12749,Robert Kroetsch
12750,Robert L. Clifton
12751,Robert L. Forward
12752,Robert L. Herbert
12753,Robert L. Saucy
12754,Robert L. Veninga
12755,Robert Lacey
12756,Robert Langbaum
12757,Robert Lawrence
12758,Robert Lawson
12759,Robert Lecker
12760,Robert Leckie
12761,Robert Leeson
12762,Robert Levine
12763,Robert Lieberman
12764,Robert Littell
12765,Robert Llewellyn
12766,Robert Lopshire
12767,Robert Loren Fleming
12768,Robert Louis Stevenson
12769,Robert Louit
12770,Robert Ludlum
12771,Robert M Pirsig
12772,Robert M. Eversz
12773,Robert M. Pirsig
12774,Robert M. Quackenbush
12775,Robert M. Sapolsky
12776,Robert M. Thomas
12777,Robert Mattox
12778,Robert Mawson
12779,Robert Mccammon
12780,Robert Mcliam Wilson
12781,Robert Merle
12782,Robert Morgan
12783,Robert Moss
12784,Robert Munsch
12785,Robert Musil
12786,Robert N. Charrette
12787,Robert N. Munsch
12788,Robert Newton Peck
12789,Robert Nilsen
12790,Robert Nisbet
12791,Robert Nozick
12792,Robert O'Keefe
12793,Robert Olen Butler
12794,Robert P. Hostet
12795,Robert P. Mccammon
12796,Robert Parry
12797,Robert Penn Warren
12798,Robert Pirsig
12799,Robert Poe
12800,Robert Quackenbush
12801,Robert R. Mccammon
12802,Robert Rankin
12803,Robert Rau
12804,Robert Redfield
12805,Robert Reid
12806,Robert Reilly
12807,Robert Rodat
12808,Robert Rooney
12809,Robert Ruark
12810,Robert S. Blum
12811,Robert S. Kane
12812,Robert S. Levinson
12813,Robert S. Mcelvaine
12814,Robert S. Root-Bernstein
12815,Robert Schneider
12816,Robert Schnelle
12817,Robert Shapard
12818,Robert Shea
12819,Robert Siegel
12820,Robert Silverber
12821,Robert Silverberg
12822,Robert Simon
12823,Robert Simpson
12824,Robert Singleton
12825,Robert Slater
12826,Robert Smith
12827,Robert Stone
12828,Robert Storey
12829,Robert Strandquist
12830,Robert T. Bakker
12831,Robert T. Hohler
12832,Robert T. Kiyosaki
12833,Robert T. Levine
12834,Robert T. Trotter Ii
12835,Robert Tallant
12836,Robert Tallon
12837,Robert Thurston
12838,Robert Trumbull
12839,Robert Van De Castle
12840,Robert Vavra
12841,Robert W. Finkel
12842,Robert W. Mcchesney
12843,Robert W. Snyder
12844,Robert W. Walker
12845,Robert Walser
12846,Robert Waterman
12847,Robert Weinberg
12848,Robert Westall
12849,Robert Wool
12850,Robert Wright
12851,Roberta
12852,Roberta Allen
12853,Roberta Carter Clark
12854,Roberta Edwards
12855,Roberta Gellis
12856,Roberta Leigh
12857,Roberta Miller
12858,Roberto Calasso
12859,Roberto G. Fernandez
12860,Roberto Juarroz
12861,Roberto Marchiori
12862,Roberts
12863,Robertson Davies
12864,Robh Ruppel
12865,Robie Macauley
12866,Robin
12867,Robin  Cook
12868,Robin (
12869,Robin A. Mckenzie
12870,Robin A. White
12871,Robin Bailey
12872,Robin Bernstien
12873,Robin Bovey
12874,Robin Burcell
12875,Robin Cook
12876,Robin Dalton
12877,Robin Dellabough
12878,Robin Gideon
12879,Robin Goldstein
12880,Robin Heath
12881,Robin Hemley
12882,Robin Hobb
12883,Robin Jarvis
12884,Robin Jones Gunn
12885,Robin Klein
12886,Robin Law
12887,Robin Lawrie
12888,Robin Maxwell
12889,Robin Mcgrath
12890,Robin Mckinley
12891,Robin Moore
12892,Robin Morgan
12893,Robin Norwood
12894,Robin Paige
12895,Robin Pilcher
12896,Robin Quivers
12897,Robin Raab
12898,Robin Sheets
12899,Robin Waterfield
12900,Robin Wells
12901,Robin White
12902,Robin Williams
12903,Robyn Carr
12904,Robyn Donald
12905,Robyn Miller
12906,Robyn Sisman
12907,Robynn Clairday
12908,Rochelle Alers
12909,Rochelle Krich
12910,Rochelle Majer Krich
12911,Rochelle Morton
12912,Rock Brynner
12913,Rod Colvin
12914,Rod Lorenz
12915,Rod Mcqueen
12916,Rod R. Butterworth
12917,Roddy Doyle
12918,Roderick
12919,Roderick Anscombe
12920,Roderick Macleish
12921,Roderick Macleish Macleish
12922,Rodman Philbrick
12923,Roe
12924,Roger A. Caras
12925,Roger Angell
12926,Roger Cruz
12927,Roger D. Masters
12928,Roger E. Allen
12929,Roger Elwood
12930,Roger Fishe
12931,Roger Fisher
12932,Roger Gadd
12933,Roger Hargreaves
12934,Roger Hayne
12935,Roger Highfield
12936,Roger Holdsworth
12937,Roger Housden
12938,Roger Knights
12939,Roger Lancelyn Green
12940,Roger Lea Macbride
12941,Roger Love
12942,Roger Osborne
12943,Roger Pearson
12944,Roger Phillips
12945,Roger Price
12946,Roger Priddy
12947,Roger Rapoport
12948,Roger Rees
12949,Roger Roth
12950,Roger Senhouse
12951,Roger Shattuck
12952,Roger Sherman Loomis
12953,Roger Staubach
12954,Roger Tennant
12955,Roger Von Oech
12956,Roger Zelazny
12957,Rohinton Mistry
12958,Roisin Mcauley
12959,Roland E. Larson
12960,Roland Emmerich
12961,Roland Evans
12962,Roland Fleissner
12963,Roland Gary Jones
12964,Roland Green
12965,Roland J. Green
12966,Roland Warren
12967,Rolf Fjelde
12968,Rolf Potts
12969,Rollins
12970,Roma Felible
12971,Roma Gill
12972,Romain Gary
12973,Romain Gary (Émile Ajar)
12974,Ron Beyma
12975,Ron Burke
12976,Ron Camacho
12977,Ron Caralissen
12978,Ron Carolissen
12979,Ron Chernow
12980,Ron Clark
12981,Ron Dias
12982,Ron Ellison
12983,Ron Franscell
12984,Ron Handberg
12985,Ron Hansen
12986,Ron Koertge
12987,Ron Lee Davis
12988,Ron Liebman
12989,Ron Naveen
12990,Ron Nyswaner
12991,Ron Petrusha
12992,Ron Picarski
12993,Ron Powers
12994,Ron Pretty
12995,Ron Rash
12996,Ron Suskind
12997,Ron Walotsky
12998,Ron Zemke
12999,Rona Jaffe
13000,Ronald Blythe
13001,Ronald C. Modra
13002,Ronald D.
13003,Ronald D. Moore
13004,Ronald De Leeuw
13005,Ronald Dobson
13006,Ronald E. Latham
13007,Ronald F. Bridges
13008,Ronald Gottesman
13009,Ronald Himler
13010,Ronald Reagan
13011,Ronald Sanders
13012,Ronald Tierney
13013,Ronald Wilks
13014,Ronald Wright
13015,Ronda Chervin
13016,Ronder Thomas Young
13017,Roni Jay
13018,Ronni Eisenberg
13019,Ronnie Barker
13020,Ronnie W. Floyd
13021,Ronny Gr
13022,Rory Noland
13023,Ros Schwartz
13024,Ros Stanley
13025,Rosa Luxemburg
13026,Rosa Regas
13027,Rosa Ross
13028,Rosalie Maggio
13029,Rosalind Charlesworth
13030,Rosalind Fergusson
13031,Rosalind Greenberg
13032,Rosalind Laker
13033,Rosalind M. Greenberg
13034,Rosalind Miles
13035,Rosalind Noonan
13036,Rosalind Wiseman
13037,Rosalyn Mcmillan
13038,Rosamond Halsey Carr
13039,Rosamond Smith
13040,Rosamund Stone Zander
13041,Rosamunde Pilcher
13042,Rosanne Bittner
13043,Rosanne Kohake
13044,Rose Block
13045,Rose Connors
13046,Rose G. Mandelsberg
13047,Rose Marie Nichols Mcgee
13048,Rose-Marie Makino-Fayolle
13049,Rose-Myriam Rejouis
13050,Roseanne J. Serra (Co
13051,Roseli Bontjes Van Beek
13052,Rosellen Brown
13053,Rosemarie Lennon
13054,Rosemary  Edmonds
13055,Rosemary Crawford
13056,Rosemary Daniell
13057,Rosemary Edghill
13058,Rosemary Kirstein
13059,Rosemary Lloyd
13060,Rosemary Rogers
13061,Rosemary Sassoon
13062,Rosemary Sutcliff
13063,Rosemary Wells
13064,Rosie Daley
13065,Rosie O'Donnell
13066,Rosie Rushton
13067,Rosie Thomas
13068,Rosina Lippi
13069,Ross Kasminoff
13070,Ross King
13071,Ross Macdonald
13072,Ross Petras
13073,Ross Talarico
13074,Ross Terrill
13075,Ross Thomas
13076,Ross Yamanaka
13077,Roswitha Quadf
13078,Roswitha Quadflieg
13079,Rotraut Susanne Berner
13080,Rowan Atkinson
13081,Rowena Morrill
13082,Rowland Barber
13083,Roxana Ferllini
13084,Roxana Robinson
13085,Roxanne Henke
13086,Roxanne St. Claire
13087,Roxie Kelley
13088,Roy
13089,Roy Adkins
13090,Roy Blount
13091,Roy Blount Jr.
13092,Roy Doty
13093,Roy G. Gesch
13094,Roy K. Holcomb
13095,Roy Lewis
13096,Roy Macgregor
13097,Roy Mckie
13098,Roy Parvin
13099,Roy S. Johnson
13100,Roy Smith
13101,Roy W. Poe
13102,Royce L. Abrahamson
13103,Royina Grewal
13104,Roz Denny Fox
13105,Roz Levine
13106,Ru Emerson
13107,Rubin Carter
13108,Ruby Cohn
13109,Ruby Jean Jensen
13110,Rudiger Voigt
13111,Rudolf Hermstein
13112,Rudolf Steiner
13113,Rudolf Zorn
13114,Rudolfo Anaya
13115,Rudolph Giuliani
13116,Rudolph Ritesema
13117,Rudy Rucker
13118,Rudyard Kipling
13119,Rufina Philby
13120,Rui Nunes
13121,Rumer Godden
13122,Rumiko Takahashi
13123,Run Ishida
13124,Running Press
13125,Rupert Everett
13126,Rupert Neudeck
13127,Rupert Thomson
13128,Rush
13129,Rush Limbaugh
13130,Russ Flint
13131,Russ Martin
13132,Russ Mcdonald
13133,Russell A. Brown
13134,Russell Allen. Stultz
13135,Russell Baker
13136,Russell Banks
13137,Russell Fraser
13138,Russell Grant
13139,Russell H. Tandy
13140,Russell Hoban
13141,Russell Kirk
13142,Russell L. Ford
13143,Russell Lee
13144,Russell Martin
13145,Russell Munson
13146,Russell Simmons
13147,Russell Wild
13148,Ruth Adam
13149,Ruth Alana Smith
13150,Ruth Baetz
13151,Ruth Beechick
13152,Ruth Bennett
13153,Ruth Berger
13154,Ruth Birmingham
13155,Ruth Brown
13156,Ruth Chew
13157,Ruth F. Boorstin
13158,Ruth Falk
13159,Ruth Gordon
13160,Ruth Harms Calkin
13161,Ruth Harris
13162,Ruth Hayes
13163,Ruth Heller
13164,Ruth Jean Dale
13165,Ruth L. Ozeki
13166,Ruth Levitt
13167,Ruth Maran
13168,Ruth Moose
13169,Ruth N. Anshen
13170,Ruth Nanda Ashen
13171,Ruth Park
13172,Ruth Picardie
13173,Ruth Prawer Jhabvala
13174,Ruth Reichl
13175,Ruth Rendell
13176,Ruth Ryan Langan
13177,Ruth Teichroeb
13178,Ruth Tucker
13179,Ruth V. Ward
13180,Ruth Warrick
13181,Ruth Westheimer
13182,Ruth White
13183,Ruthanne Lum Mccunn
13184,Ruthie Bolton
13185,Ryan Russell
13186,Ryan Sook
13187,Ryan White
13188,Ryo Mizuno
13189,Ryszard Kapuscinski
13190,Rüdiger Nehberg
13191,Rüdiger Schmidt
13192,S
13193,S R Badmin
13194,S. A. Kramer
13195,S. Andrew Swann
13196,S. Black
13197,S. Cannavo
13198,S. D. Schindler
13199,S. E. Hinton
13200,S. Eric Meretzky
13201,S. Gross
13202,S. Hughes
13203,S. J. Gaither
13204,S. Jason Black
13205,S. Leigh
13206,S. Morgenstern
13207,S. N. Lewitt
13208,S. Nagarajan
13209,S. P. Somtow
13210,S. Peters
13211,S. Robinson
13212,S. Schoenb
13213,S. White
13214,S. Williams
13215,S.A.R.K.
13216,S.Anderson Black
13217,S.D. Perry
13218,S.D. Schindler
13219,S.E. Hinton
13220,S.J. Reiser
13221,S.L. Viehl
13222,S.M. Stirling Anne Mccaffrey
13223,S.M.H. Collin
13224,S.T. Haymon
13225,Sa Shan
13226,Sabina Grant
13227,Sabine Lohmann
13228,Sabine Maier-Längsfeld
13229,Sabine Müller
13230,Sabine Werz
13231,Sabrina Fox
13232,Sabrina Jeffries
13233,Sachi Fukuda
13234,Safian
13235,Sage
13236,Sailor Jim Johnston
13237,Saint More
13238,Sakurako Gokurakuin
13239,Sal Murdocca
13240,Sallenav
13241,Salley Vickers
13242,Sally
13243,Sally Beauman
13244,Sally Fitzgerald
13245,Sally Garrett
13246,Sally Hunter
13247,Sally Jenkins
13248,Sally Kemp
13249,Sally Laity
13250,Sally Mandel
13251,Sally Martin
13252,Sally Miller Gearhart
13253,Sally Morningstar
13254,Sally Prue
13255,Sally S. Wright
13256,Sally Walto
13257,Sally Walton
13258,Sally Warner
13259,Sally Wendkos Olds
13260,Salman Rushdie
13261,Salomone
13262,Salter
13263,Salvatore Murdocca
13264,Salvatore R.A.
13265,Sam A. Donaldson Jr.
13266,Sam Bobrick
13267,Sam Chaiton
13268,Sam Huff
13269,Sam Keen
13270,Sam Kieth
13271,Sam Mcbratney
13272,Sam Savitt
13273,Sam Shepard
13274,Sam Siciliano
13275,Sam Sifton
13276,Sam Walton
13277,Samantha Glen
13278,Samir Al-Khalil
13279,Samuel B. Griffith
13280,Samuel Beckett
13281,Samuel C. Brownstein
13282,Samuel Cioran
13283,Samuel H. Elbert
13284,Samuel J. Butcher
13285,Samuel K. Holcomb
13286,Samuel Noah Kramer
13287,Samuel R. Delany
13288,Samuel Richardson
13289,Samuel Taylor Coleridge
13290,Sanami Matoh
13291,Sandee Hathaway
13292,Sandee Hathaway B.S
13293,Sander Gilman
13294,Sanders
13295,Sandi Kahn Shelton
13296,Sandi Toksvig
13297,Sandol Stoddard Warburg
13298,Sandra Benitez
13299,Sandra Bernhard
13300,Sandra Birdsell
13301,Sandra Blakeslee
13302,Sandra Boynton
13303,Sandra Brown
13304,Sandra Burr
13305,Sandra Canfield
13306,Sandra Chastain
13307,Sandra Cisneros
13308,Sandra Dallas
13309,Sandra Day O'Connor
13310,Sandra Egnolff
13311,Sandra Felton
13312,Sandra Field
13313,Sandra Glahn
13314,Sandra Gulland
13315,Sandra Gurvis
13316,Sandra Haldeman Martz
13317,Sandra Heath
13318,Sandra Hill
13319,Sandra Levy Ceren
13320,Sandra Magsamen
13321,Sandra Markle
13322,Sandra Marton
13323,Sandra Mattielli
13324,Sandra Scoppettone
13325,Sandra Slipp
13326,Sandra Steffen
13327,Sandra Waddock
13328,Sandra West Prowell
13329,Sandrina Kurtz
13330,Sandy Petro
13331,Sandy Schofield
13332,Sandy Steen
13333,Sanford Hoffman
13334,Sang Hun Lee
13335,Sansan
13336,Sanyika Shakur
13337,Sapphire
13338,Sappho
13339,Sara B. Stein
13340,Sara Backer
13341,Sara Be
13342,Sara Bliss
13343,Sara Craven
13344,Sara Davidson
13345,Sara Donati
13346,Sara Dowse
13347,Sara George
13348,Sara Hylton
13349,Sara Lewis
13350,Sara Maitland
13351,Sara Orwig
13352,Sara Paretsky
13353,Sara Pitzer
13354,Sara Pritchard
13355,Sara Shandler
13356,Sara Swan Miller
13357,Sara Wood
13358,Sarah Ban Breathnach
13359,Sarah Bird
13360,Sarah Caudwell
13361,Sarah Crichton
13362,Sarah Delany
13363,Sarah Dessen
13364,Sarah Duchess Of York
13365,Sarah Dunant
13366,Sarah Ferguson Duchess Of York
13367,Sarah Flannery
13368,Sarah Fox-Davies
13369,Sarah Gallick
13370,Sarah Gilbert
13371,Sarah Graves
13372,Sarah James
13373,Sarah Jordan
13374,Sarah Josepha Hale
13375,Sarah L. Delany
13376,Sarah Louise Delany
13377,Sarah Lyddon Morrison
13378,Sarah Masters Buckey
13379,Sarah Mlynowski
13380,Sarah Orne Jewett
13381,Sarah Payne Stuart
13382,Sarah Shankman
13383,Sarah Smith
13384,Sarah Stacey
13385,Sarah Stone
13386,Sarah Strohmeyer
13387,Sarah Temple
13388,Sarah Turnbull
13389,Sarah Vowell
13390,Sarah Waters
13391,Sarah Wells
13392,Sarah Wight
13393,Sarah Willis
13394,Sarah Wilson
13395,Sarah Zettel
13396,Sarah-Kate Lynch
13397,Saralee Rosenberg
13398,Saranne Dawson
13399,Sari Bauman
13400,Sari Robins
13401,Sari Solden
13402,Sarina Singh
13403,Sark
13404,Sarton May
13405,Sascha Dönges
13406,Sasha Miller
13407,Sasha Williamson
13408,Saskia Bo
13409,Satomi Ichikawa
13410,Satya Das
13411,Saul
13412,Saul Bellow
13413,Saul Bellow Bellow
13414,Savage
13415,Savinien Cyrano De Bergerac
13416,Saxton Judith
13417,Sayed A. A. Razwy
13418,Scholastic Books
13419,Schultz
13420,Schumacher
13421,Schuster
13422,Scott
13423,Scott Adams
13424,Scott Alexander
13425,Scott B. Smith
13426,Scott Brick
13427,Scott Cunningham
13428,Scott Dikkers
13429,Scott Elledge
13430,Scott Gardiner
13431,Scott Gray
13432,Scott Hahn
13433,Scott J. Peterson (Mcsd Mct)
13434,Scott Mcneely
13435,Scott Morse
13436,Scott Nash
13437,Scott O'Dell
13438,Scott R. Russell
13439,Scott Rice
13440,Scott Robertson
13441,Scott S. Smith
13442,Scott Smith
13443,Scott Spencer
13444,Scott Turow
13445,Scott Walker
13446,Scott Westerfeld
13447,Sculley Bradley
13448,Seamus Deane
13449,Sean Covey
13450,Sean Flannery
13451,Sean Mcmullen
13452,Sean O'Brien Strub
13453,Sean Russell
13454,Sean Stewart
13455,Sebastian Faulks
13456,Sebastian Junger
13457,Sebastian Stuart
13458,Sebastiano Vassalli
13459,Sebastien Japrisot
13460,Sefra Kobrin Pitzele
13461,Seiji O
13462,Sela Ward
13463,Sellers
13464,Selma Eichler
13465,Sembene Ousmane
13466,Sempé
13467,Sena Jeter Naslund
13468,Senator John Mccain
13469,Senator Paul Wellstone
13470,Sender
13471,Senta Kapoun
13472,Sephera Giron
13473,Seppo Ed Farrey
13474,Serge Kahili King
13475,Sergio Cuan
13476,Seth Clark Silberman
13477,Seth Godin
13478,Seth Mcevoy
13479,Setona Mizushiro
13480,Setsuko Yoneyama
13481,Sevim Kabak
13482,Seymour Gross
13483,Seymour Reit
13484,Shadwynn
13485,Shakti Gawain
13486,Shan Sa
13487,Shana Abe
13488,Shana Corey
13489,Shane
13490,Shane Weller
13491,Shang Chun Shu Cun
13492,Shannon Drake
13493,Shannon Holmes
13494,Shannon Lewis
13495,Shannon Mckenna
13496,Shannon Olson
13497,Shannon Waverly
13498,Shao Baoqing
13499,Sharan Newman
13500,Shari Anton
13501,Shari Benstock
13502,Shari L. Thurer
13503,Shari Lewis
13504,Sharlee Dieguez
13505,Sharleen Collicott
13506,Sharon
13507,Sharon A. Feaster
13508,Sharon Butala
13509,Sharon Creech
13510,Sharon E. Heisel
13511,Sharon Green
13512,Sharon J. Wohlmuth
13513,Sharon Janis
13514,Sharon Jennings
13515,Sharon Kahn
13516,Sharon Kay Penman
13517,Sharon L. Lechter
13518,Sharon Lamb
13519,Sharon Linnea
13520,Sharon M. Draper
13521,Sharon Maas
13522,Sharon Mcgehee
13523,Sharon Mitchell
13524,Sharon O'Brien
13525,Sharon Pape
13526,Sharon Sala
13527,Sharon Schulze
13528,Sharon Shinn
13529,Sharron Bassin
13530,Sharyn Mccrumb
13531,Shashi Tharoor
13532,Shaun Gayle
13533,Shaun Hutson
13534,Shaun Whiteside
13535,Shauna Singh Baldwin
13536,Shawn Macmanus
13537,Shawn Stewart Ruff
13538,Shawna Delacorte
13539,Shay Youngblood
13540,She Lao
13541,Sheena Gillespie
13542,Sheila Ballantyne
13543,Sheila Bender
13544,Sheila Burnford
13545,Sheila Gordon
13546,Sheila Heen
13547,Sheila Heti
13548,Sheila L. Skemp
13549,Sheila Lukins
13550,Sheila Mcgraw
13551,Sheila Moore
13552,Sheila O'Connor
13553,Sheila Pickles
13554,Sheila Radley
13555,Sheila Sancha
13556,Sheila Simonson
13557,Sheila Stern
13558,Sheila Williams
13559,Shel Silverstein
13560,Shelagh Rogers
13561,Shelby Hearon
13562,Shelby Yastrow
13563,Sheldon Arensen
13564,Sheldon Kopp
13565,Sheldon Rubin
13566,Sheldon Siegel
13567,Sheldon Vanauken
13568,Shelley Austin Kastner
13569,Shelley Fisher Fishkin
13570,Shelley Freydont
13571,Shelley Moore Thomas
13572,Shelley O'Hara
13573,Shelley Roberts
13574,Shelley Singer
13575,Shelley Smith
13576,Shelley Sykes
13577,Shelly Burton
13578,Shelly Christiansen
13579,Shelly Reeves Smith
13580,Shelly Roberts
13581,Shelomoh Di-Nur
13582,Shena Mackay
13583,Sherab Chodin Kohn
13584,Sheri Curry
13585,Sheri Holman
13586,Sheri Mcgregor
13587,Sheri Reynolds
13588,Sheri S Tepper
13589,Sheri S. Tepper
13590,Sheridan
13591,Sherman Alexie
13592,Sherman Wilcox
13593,Sherri Baker
13594,Sherri Mandell
13595,Sherrie Krantz
13596,Sherrie Lord
13597,Sherrie Schneider
13598,Sherrie Weaver
13599,Sherrill
13600,Sherrilyn Kenyon
13601,Sherry Ashworth
13602,Sherry Diestler
13603,Sherry Garland
13604,Sherry Rosenthal
13605,Sherry Shahan
13606,Sherry Sontag
13607,Sherry Suib Cohen
13608,Sherry Thomas
13609,Sherry Turkle
13610,Sherry Yard
13611,Sherryl Jordan
13612,Sherryl Woods
13613,Sherwin B. Nuland
13614,Sherwood Anderson
13615,Sherwood Kiraly
13616,Sherwood Smith
13617,Sheryl Bernstein
13618,Sheryl Lindsell-Roberts
13619,Sheryl Lynn
13620,Sheryl Paul
13621,Shifra Horn
13622,Shin Kimura
13623,Shireen Dodson
13624,Shirl Henke
13625,Shirlee Busbee
13626,Shirley
13627,Shirley Climo
13628,Shirley Conran
13629,Shirley Dobson
13630,Shirley Felts
13631,Shirley Gill
13632,Shirley Harrison
13633,Shirley Hazzard
13634,Shirley Jackson
13635,Shirley Kennett
13636,Shirley Lord
13637,Shirley Maclaine
13638,Shirley Palmer
13639,Shirley Raines
13640,Shirley Rou
13641,Shirley Rousseau Murphy
13642,Shirley Temple Black
13643,Shirley Verel
13644,Shirley Worrall
13645,Shiva Naipaul
13646,Shizuru Hayashiya
13647,Shizuru Seino
13648,Shmuley Boteach
13649,Shobha De
13650,Shulamit Lapid
13651,Shunryu Suzuki
13652,Shusaku Endo
13653,Shusha Guppy
13654,Shyam Selvadurai
13655,Sibylle Berg
13656,Sibylle Schmidt
13657,Sid Feder
13658,Sid Fleischman
13659,Sid Kirchheimer
13660,Sidney Abbott
13661,Sidney D. Kirkpatrick
13662,Sidney Poitier
13663,Sidney Sheldon
13664,Sidney W. Mintz
13665,Sidonie­Gabrielle Colette
13666,Siegfried Berger
13667,Siegfried Engelmann
13668,Siegfried Lenz
13669,Sifu Judith Sherven
13670,Sigmund Brouwer
13671,Sigmund Freud
13672,Sigrid Heuck
13673,Sigrid Nunez
13674,Sigrid Undset
13675,Sigrid Vagt
13676,Sigurd Engel
13677,Silas House
13678,Silvana Klein
13679,Silver Ravenwolf
13680,Silverberg
13681,Silvia Morawetz
13682,Simeon Margolis Md Phd
13683,Simmons Wilson
13684,Simon
13685,Simon Brett
13686,Simon Callow
13687,Simon Clark
13688,Simon Colvey
13689,Simon Doonan
13690,Simon Fielding
13691,Simon French
13692,Simon Jenkins
13693,Simon Kuper
13694,Simon Louvish
13695,Simon Maginn
13696,Simon Mawer
13697,Simon Nye
13698,Simon R. Green
13699,Simon Richmond
13700,Simon Schama
13701,Simon Troy
13702,Simon Winchester
13703,Simone De Beauvoir
13704,Simone Lamblin
13705,Simone Sassen
13706,Simone Simmons
13707,Sinclair Lewis
13708,Singer Media Corporation
13709,Siobhan Adcock
13710,Siobhan Dodds
13711,Sir
13712,Sir Arthur Conan Doyle
13713,Sir Doyle
13714,Sir Ernest Gowers
13715,Sir Francis Chichester
13716,Sir George Trevelyan
13717,Sir John
13718,Sir Richard Branson
13719,Sir Richard Francis Burton
13720,Siri Hustvedt
13721,Sirrus Poe
13722,Sister Carol Anne O'Marie
13723,Sky Lee
13724,Slattery
13725,Slavenka Drakulic
13726,Slavomir Rawicz
13727,Slobodan D. Pesic
13728,Smithmark Publishing
13729,Sneaky P. Brown
13730,Sneaky Pie Brown
13731,Society For The Study Of Manga Techniques
13732,Sogyal Rinpoche
13733,Sol Gordon
13734,Sol Stein
13735,Somerset Maugham
13736,Somtow Sucharitkul
13737,Sondra Marshak
13738,Sondra Williamson Runnells
13739,Sonia Icilyn
13740,Sonia Johnson
13741,Sonia Moore
13742,Sonia Sanchez
13743,Sonia Soto
13744,Sonja Hauser
13745,Sonja Massie
13746,Sonni Cooper
13747,Sonya Birmingham
13748,Soo Kyung
13749,Sook Nyul Choi
13750,Sophie Kinsella
13751,Sophie Rochefor
13752,Sophie Schallingher
13753,Sophocles
13754,Sophokles
13755,Sophy Burnham
13756,Sora Inoue
13757,Spain
13758,Spalding Gray
13759,Sparkle Hayter
13760,Sparknotes Editors
13761,Spencer Johnson
13762,Spider Robinson
13763,Spike Milligan
13764,Sr Pugalenthi
13765,Sr. Mary Jean Dorcy
13766,Sr. Scott
13767,Sriram Srinivasan
13768,St
13769,St. Augustine
13770,Stacey D'Erasmo
13771,Stacey Richter
13772,Stacey Schuett
13773,Stacy Cretzmeyer
13774,Stacy Keach
13775,Stacy Mattingly
13776,Staff Of The Wall St Journal
13777,Stan Berenstain
13778,Stan Cutler
13779,Stan Lee
13780,Stan Nicholls
13781,Stan Rapp
13782,Stan Redding
13783,Standish Meacham
13784,Stanislaw Fernandes
13785,Stanislaw Lem
13786,Stanley Appelbaum
13787,Stanley Bing
13788,Stanley Cohen
13789,Stanley Coren
13790,Stanley Corngold
13791,Stanley Feingold
13792,Stanley Gordon West
13793,Stanley Kaplan
13794,Stanley Karnow
13795,Stanley Kubrick
13796,Stanley Kunitz
13797,Stanley Marcus
13798,Stanley Milgram
13799,Stanley Morison
13800,Stanley Pottinger
13801,Stanley Smith
13802,Stanley Thornes
13803,Stanley Wells
13804,Stanley Wynett
13805,Starbuck O'Dwyer
13806,Starhawk
13807,Starla Paris Novak
13808,Stearn Robinson
13809,Sted Mays
13810,Stedman Graham
13811,Stef Ann Holm
13812,Stefan Andres
13813,Stefan Bechtel
13814,Stefan Fatsis
13815,Stefan Heym
13816,Stefan Rudnicki
13817,Stefan Zweig
13818,Stefanie Kuhn-Werner
13819,Stefanie Matteson
13820,Stefanie Scott
13821,Stefanie Zweig
13822,Steffie Hall
13823,Steinunn Sigurdardóttir
13824,Stel Pavlou
13825,Stella Bagwell
13826,Stella Braam
13827,Stella Cameron
13828,Stella Gibbons
13829,Stella Rodway
13830,Sten Nadolny
13831,Stendhal
13832,Stepha
13833,Stephan Reebs
13834,Stephanie Barron
13835,Stephanie Bennett
13836,Stephanie Bond
13837,Stephanie Calmenson
13838,Stephanie Clement
13839,Stephanie Coontz
13840,Stephanie Doyle
13841,Stephanie Gertler
13842,Stephanie Howard
13843,Stephanie James
13844,Stephanie Johnson
13845,Stephanie Laurens
13846,Stephanie Maze
13847,Stephanie Nelson
13848,Stephanie Schaffer-De Vries
13849,Stephanie Seymour
13850,Stephanie Sheh
13851,Stephanie St. Pierre
13852,Stephanie True Peters
13853,Stephanie Vaughn
13854,Stephen  Or
13855,Stephen A. Bly
13856,Stephen Alcorn
13857,Stephen Alter
13858,Stephen Arterburn
13859,Stephen B. Oates
13860,Stephen Baker
13861,Stephen Baxter
13862,Stephen Birmingham
13863,Stephen Booth
13864,Stephen Bury
13865,Stephen C. George
13866,Stephen C. Lundin
13867,Stephen Cannell
13868,Stephen Cartwright
13869,Stephen Chbosky
13870,Stephen Colwell
13871,Stephen Coonts
13872,Stephen Cosgrove
13873,Stephen Crane
13874,Stephen Cumbaa
13875,Stephen D. Allen
13876,Stephen Dixon
13877,Stephen Dobyns
13878,Stephen E. Ambrose
13879,Stephen E. Heiman
13880,Stephen Elliott
13881,Stephen Engelberg
13882,Stephen Fender
13883,Stephen Frey
13884,Stephen Fried
13885,Stephen Fry
13886,Stephen Fuentes
13887,Stephen Gallagher
13888,Stephen Gammell
13889,Stephen Gazi
13890,Stephen Gill
13891,Stephen Glass
13892,Stephen Goldin
13893,Stephen Graham Jones
13894,Stephen Greenleaf
13895,Stephen Gresham
13896,Stephen Griffith
13897,Stephen Hawking
13898,Stephen Hickman
13899,Stephen Hill
13900,Stephen Horn
13901,Stephen Hunter
13902,Stephen J. Adler
13903,Stephen J. Bigelow
13904,Stephen J. Cannell
13905,Stephen J. Dubner
13906,Stephen J. Rivele
13907,Stephen J. Sansweet
13908,Stephen J. Small
13909,Stephen J. Weininger
13910,Stephen Jaramillo
13911,Stephen Jay Gould
13912,Stephen Jones
13913,Stephen Karcher
13914,Stephen Kendrick
13915,Stephen Kenson
13916,Stephen King
13917,Stephen Knight
13918,Stephen Krensky
13919,Stephen L. Burns
13920,Stephen L. Carter
13921,Stephen Lang
13922,Stephen Larsen
13923,Stephen Lawhead
13924,Stephen Laws
13925,Stephen Leacock
13926,Stephen M. Rainey
13927,Stephen M. Wylen
13928,Stephen Manes
13929,Stephen Mayes
13930,Stephen Mccauley
13931,Stephen Miller
13932,Stephen Mitchell
13933,Stephen Nasser
13934,Stephen Quirke
13935,Stephen R. Bissette
13936,Stephen R. Covey
13937,Stephen R. Donaldson
13938,Stephen R. George
13939,Stephen R. Lawhead
13940,Stephen R. Mandell
13941,Stephen Sartarelli
13942,Stephen Schutz
13943,Stephen Singular
13944,Stephen Smoke
13945,Stephen Sondheim
13946,Stephen Spender
13947,Stephen W. Frey
13948,Stephen W. Hawking
13949,Stephen White
13950,Stephen Williams
13951,Stephen Wright
13952,Stephen Youll
13953,Stephen-Paul Martin
13954,Stephens
13955,Stevan Eldred-Grigg
13956,Steve
13957,Steve  Pieczenik
13958,Steve Allen
13959,Steve Alten
13960,Steve Baldwin
13961,Steve Barlow
13962,Steve Bell
13963,Steve Bennett
13964,Steve Bobrowski
13965,Steve Brust
13966,Steve Chandler
13967,Steve Cunningham
13968,Steve Ettlinger
13969,Steve Fabian
13970,Steve Friedman
13971,Steve Gannon
13972,Steve Gerlach
13973,Steve Goldberg
13974,Steve Grenard
13975,Steve Hagen
13976,Steve Halliday
13977,Steve Hodel
13978,Steve J. Lewis
13979,Steve Jackson
13980,Steve Kluger
13981,Steve Kowit
13982,Steve Lawhead
13983,Steve Lovi
13984,Steve Martin
13985,Steve Martini
13986,Steve Mccurry
13987,Steve Mcinturff
13988,Steve Metzger
13989,Steve Molstad
13990,Steve Moss
13991,Steve Null
13992,Steve Perry
13993,Steve Pieczenik
13994,Steve Propes
13995,Steve Rabey
13996,Steve Ryan
13997,Steve Salerno
13998,Steve Scott
13999,Steve Shagan
14000,Steve Skidmore
14001,Steve Smith
14002,Steve Thayer
14003,Steve Van Bocke
14004,Steve Vance
14005,Steve Woodward
14006,Steven Alter
14007,Steven B. Sample
14008,Steven Banks
14009,Steven Barnes
14010,Steven Bochco
14011,Steven Brust
14012,Steven Davey
14013,Steven Emerson
14014,Steven Feinberg
14015,Steven Ferry
14016,Steven Fraser
14017,Steven H Silver
14018,Steven Heller
14019,Steven Kellogg
14020,Steven Kroll
14021,Steven Lattimore
14022,Steven Levenkron
14023,Steven Levy
14024,Steven Lindblom
14025,Steven Miller
14026,Steven Millhauser
14027,Steven Owen Godersky
14028,Steven P. Shelov
14029,Steven P. Shelov M.D.
14030,Steven Pacey
14031,Steven Phillips
14032,Steven Pinker
14033,Steven Piziks
14034,Steven Pressfield
14035,Steven Raichlen
14036,Steven Rimbauer
14037,Steven Roman
14038,Steven Saylor
14039,Steven Spielberg
14040,Steven Spruill
14041,Steven V. Roberts
14042,Steven W. Naifeh
14043,Stevens
14044,Stevie Baldwin
14045,Stevie Daniels
14046,Stewart
14047,Stewart Cowley
14048,Stewart Farrar
14049,Stewart Home
14050,Stewart Lee
14051,Stewart Lee Allen
14052,Stewart O'Nan
14053,Stewart Walton
14054,Stieg Retlin
14055,Stig Bjorkman
14056,Sting
14057,Stirling
14058,Stirling Silliphant
14059,Stivers
14060,Stobie Piel
14061,Stoddard
14062,Storm Constantine
14063,Stormie Omartian
14064,Storytime Collection Childrens
14065,Stuart Atkinson
14066,Stuart Brent
14067,Stuart David
14068,Stuart Dybek
14069,Stuart Friedman
14070,Stuart Gilbert
14071,Stuart Gordon
14072,Stuart Harrison
14073,Stuart Holmes Coleman
14074,Stuart J. Murphy
14075,Stuart M. Kaminsky
14076,Stuart M. Keeley
14077,Stuart Mclean
14078,Stuart Miller
14079,Stuart Palmer
14080,Stuart Pawson
14081,Stuart R. Kaplan
14082,Stuart Smalley
14083,Stuart Timmons
14084,Stuart Woods
14085,Stuart Woolf
14086,Stuart/Jacobson.
14087,Studio Orlando
14088,Studs Terkel
14089,Sturgeon
14090,Stéfan Zweig
14091,Su Tong
14092,Suanne Kelman
14093,Sucharitkul
14094,Sudhir Kakar
14095,Sue Bishop
14096,Sue Boggio
14097,Sue Bredekamp
14098,Sue Civil-Brown
14099,Sue Ellen Cole
14100,Sue Ellen Cooper
14101,Sue Gee
14102,Sue Grafton
14103,Sue Hellard
14104,Sue Henry
14105,Sue Kaufman
14106,Sue M. Sefscik
14107,Sue Margolis
14108,Sue Miller
14109,Sue Monk
14110,Sue Monk Kidd
14111,Sue Monk Kidd Kidd
14112,Sue Townsend
14113,Sue Welfare
14114,Sue Young
14115,Sue-Ellen Welfonder
14116,Suelette Dreyfuss
14117,Suellen Cheng
14118,Sujata Massey
14119,Sukehiro Tomita
14120,Sullivan
14121,Sun Tzu
14122,Sunny Griffin
14123,Sunset
14124,Sunset Books
14125,Sunset Magazine
14126,Sunset Pub Staff
14127,Sunset Publishing Staff
14128,Susan
14129,Susan Adler
14130,Susan Alcorn
14131,Susan Allen Toth
14132,Susan Andersen
14133,Susan B. Neuman
14134,Susan Beth Pfeffer
14135,Susan Bixler
14136,Susan Bowes
14137,Susan Brownmiller
14138,Susan Burke
14139,Susan Campbell Bartoletti
14140,Susan Carroll
14141,Susan Cheever
14142,Susan Collin Marks
14143,Susan Conant
14144,Susan Cooper
14145,Susan Crosby
14146,Susan Dawn
14147,Susan Donovan
14148,Susan Dunlap
14149,Susan Dunn
14150,Susan Dworkin
14151,Susan Elizabeth Phillips
14152,Susan Faludi
14153,Susan Feldman
14154,Susan Feldmann
14155,Susan Feuer
14156,Susan Floyd
14157,Susan Forward
14158,Susan Fox
14159,Susan Fox Rogers
14160,Susan Fromberg Schaeffer
14161,Susan G. Berg
14162,Susan Gable
14163,Susan Goodwyn
14164,Susan Grant
14165,Susan Guevara
14166,Susan H Okeefe
14167,Susan Hightower
14168,Susan Hill
14169,Susan Hillmore
14170,Susan Howatch
14171,Susan Hubbard
14172,Susan Hubble Pitcairn
14173,Susan Isaacs
14174,Susan J. Douglas
14175,Susan J. Samtur
14176,Susan Jeffers
14177,Susan Johnson
14178,Susan K. Golant
14179,Susan Kay
14180,Susan Kay Law
14181,Susan Kearney
14182,Susan Kelly
14183,Susan Kenney
14184,Susan Koppelman
14185,Susan Krinard
14186,Susan Ludington-Hoe
14187,Susan M. Lark
14188,Susan M. Love
14189,Susan M. Love M.D.
14190,Susan M. Mcintosh
14191,Susan Mallery
14192,Susan Mas
14193,Susan Mccarthy
14194,Susan Mcclure
14195,Susan Meddaugh
14196,Susan Meier
14197,Susan Meyers
14198,Susan Miller
14199,Susan Minot
14200,Susan Napier
14201,Susan Newman Ph.D
14202,Susan Orlean
14203,Susan Osborn
14204,Susan Ostrov Weisser
14205,Susan Polis Schutz
14206,Susan Power
14207,Susan Powter
14208,Susan Quinn
14209,Susan R. Matthews
14210,Susan R. Sloan
14211,Susan Rayfiel
14212,Susan Richards Shreve
14213,Susan Rogers Cooper
14214,Susan S. Kelly
14215,Susan Schade
14216,Susan Schwartz
14217,Susan Seddon Boulet
14218,Susan Sellers
14219,Susan Shaughnessy
14220,Susan Sheehan
14221,Susan Shwartz
14222,Susan Sloan
14223,Susan Sontag
14224,Susan Stamberg
14225,Susan Stevens
14226,Susan Striker
14227,Susan Tang
14228,Susan Trott
14229,Susan Vreeland
14230,Susan Warton
14231,Susan Wiggs
14232,Susan Williamson
14233,Susan Wilson
14234,Susan Wise Bauer
14235,Susan Wittig Albert
14236,Susan Wright
14237,Susanna Kaysen
14238,Susanna Mende
14239,Susanna Moore
14240,Susanna Rademacher
14241,Susanna Tamaro
14242,Susannah Bettag
14243,Susannah Heschel
14244,Susannah Kells
14245,Susannah Leigh
14246,Susannah Radstone
14247,Susanne Aeckerle
14248,Susanne Dahmann
14249,Susanne Gretter
14250,Susanne Höbel
14251,Susanne Lange
14252,Susanne Mccarthy
14253,Susanne Staatsmann
14254,Sushil Jajodia
14255,Susi Adams
14256,Susie Alexander
14257,Susie Bright
14258,Suskind
14259,Suzan-Lori Parks
14260,Suzann Ledbetter
14261,Suzannah Davis
14262,Suzanne Barclay
14263,Suzanne Brockmann
14264,Suzanne Carey
14265,Suzanne Delzio
14266,Suzanne Duranceau
14267,Suzanne Ellison
14268,Suzanne Enoch
14269,Suzanne Falter-Barns
14270,Suzanne Fields
14271,Suzanne Finnamore
14272,Suzanne Fisher Staples
14273,Suzanne Forster
14274,Suzanne G. Farnham
14275,Suzanne Havala
14276,Suzanne Havala Hobbs
14277,Suzanne Jones
14278,Suzanne Lord
14279,Suzanne Macpherson
14280,Suzanne Schlosberg
14281,Suzanne Scott
14282,Suzanne Simmons
14283,Suzanne Somers
14284,Suzanne Strempek Shea
14285,Suzanne Wallis
14286,Suzanne Weyn
14287,Suze Orman
14288,Suzette Haden Elgin
14289,Suzette Tyler
14290,Suzi Golden
14291,Suzy Becker
14292,Suzy Kline
14293,Suzy Spencer
14294,Sven Böttcher
14295,Sven Regener
14296,Svenja Becker
14297,Swain Wolfe
14298,Swami Prabhavanada
14299,Swami Prabhavananda
14300,Swami Rudrananda
14301,Sybil Leek
14302,Sybil Marshall
14303,Sydne Heather Schinkel
14304,Sydney B. Metrick
14305,Sydney Biddle Barrows
14306,Sydney J. Van Scyoc
14307,Sydney Omarr
14308,Sydney Taylor
14309,Syed Hussein Alatas
14310,Sylvan Barnet
14311,Sylvia Browne
14312,Sylvia Brownrigg
14313,Sylvia Nasar
14314,Sylvia Plath
14315,Sylvia Schur
14316,Sylvia Smith
14317,Sylvia Thompson
14318,Sylvie Kurtz
14319,Sylvie Le Bon De
14320,Sylvie Matton
14321,Sylvie Wickstrom
14322,Symeon Shimin
14323,Synthia Saint James
14324,Sándor Márai
14325,T Chevalier
14326,T Cooper
14327,T S Eliot
14328,T. A. Barron
14329,T. Berry Brazelton
14330,T. C. Boyle
14331,T. C. Campbell
14332,T. Cole-Whittaker
14333,T. Coraghessan Boyle
14334,T. D. Jakes
14335,T. Davis Bunn
14336,T. G. Steff
14337,T. H. White
14338,T. J. B. Spencer
14339,T. J. English
14340,T. J. Reed
14341,T. Jefferson Parker
14342,T. L. Gray
14343,T. Lobsang Rampa
14344,T. Miller
14345,T. R. Pearson
14346,T. S. Eliot
14347,T. S. Rue
14348,T.C. Boyle
14349,T.Coraghessan Boyle
14350,T.E. Lawrence
14351,T.G. Henry James
14352,T.G.H James
14353,T.J. Macgregor
14354,T.R. Reid
14355,Ta Barron
14356,Tabitha King
14357,Tad Richards
14358,Tad Tuleja
14359,Tad Williams
14360,Tada
14361,Tada Taku
14362,Tadahiko Nagao
14363,Tagreid Abu-Hassabo
14364,Taiping Shangdi
14365,Taisha Abelar
14366,Takashi Matsuoka
14367,Takehiko Inoue
14368,Talbot Mundy
14369,Tama Janowitz
14370,Tamar Myers
14371,Tamara England
14372,Tamara Leigh
14373,Tamara Traeder
14374,Tamel
14375,Tamela Hancock Murray
14376,Tami Hoag
14377,Tami Longaberger
14378,Tamilee Webb
14379,Tamora Pierce
14380,Tananarive Due
14381,Tania Kindersley
14382,Tania Modleski
14383,Tanith Lee
14384,Tanith Lee (Inner)
14385,Tanja Kinkel
14386,Tanuja Desai Hidier
14387,Tanya A. Crosby
14388,Tanya Anne Crosb
14389,Tanya Anne Crosby
14390,Tanya Huff
14391,Tanya Maria Barrientos
14392,Tanya Michaels
14393,Tanya Petrovna
14394,Taoist Master Alfred Huang
14395,Tara Austen Weaver
14396,Tara K. Harper
14397,Tara Taylor Quinn
14398,Taro Gomi
14399,Tasha Tudor
14400,Tatsuya Hamazaki
14401,Tavisha Wolfgarth
14402,Tavisha Wolfgarth-Simons
14403,Tawni O'Dell
14404,Taylor Caldwell
14405,Taylor Janelle
14406,Taylor Kincaid
14407,Taylor Ryan
14408,Taylor Smith
14409,Td Jakes
14410,Ted Andrews
14411,Ted Anton
14412,Ted Chiang
14413,Ted Conover
14414,Ted Dekker
14415,Ted Enik
14416,Ted Hughes
14417,Ted L. Nancy
14418,Ted Landphair
14419,Ted Michener
14420,Ted Mooney
14421,Ted Rall
14422,Ted Schwarz
14423,Teddy Lenderman
14424,Teddy Margulies
14425,Teddy Slater
14426,Teja Schwaner
14427,Tel Franklin
14428,Teller
14429,Tenaya Darlington
14430,Tennessee Williams
14431,Tepilit Ole Saitoti
14432,Terah Kathryn Collins
14433,Terence
14434,Terence Dickinson
14435,Terence Hanbury White
14436,Terence M. Green
14437,Terence Mckenna
14438,Teresa
14439,Teresa Crane
14440,Teresa Edgerton
14441,Teresa Howard
14442,Teresa Mcclain Watson
14443,Teresa Medeiros
14444,Teresa Norman
14445,Teresa Reisgies
14446,Teresa Southwick
14447,Terese Ramin
14448,Teressa Skelton
14449,Teri Dunn
14450,Teri Seidman
14451,Terrence Cheng
14452,Terrence E. Poppa
14453,Terrence Higgins Trust
14454,Terrence Mann
14455,Terri Blackstock
14456,Terri Crisp
14457,Terri Fields
14458,Terri Gibbs
14459,Terri Windling
14460,Terris Mcmahan Grimes
14461,Terry Alford
14462,Terry Bradshaw
14463,Terry Brooks
14464,Terry C. Johnston
14465,Terry Carr
14466,Terry Castle
14467,Terry Cole-Whittaker
14468,Terry Deary
14469,Terry Devane
14470,Terry Farish
14471,Terry Goodkind
14472,Terry Jones
14473,Terry Kay
14474,Terry Lindvall
14475,Terry Mcgarry
14476,Terry Mcmillan
14477,Terry Pratchett
14478,Terry Quinn
14479,Terry Ryan
14480,Terry Southern
14481,Terry Swinton
14482,Terry Tempest Williams
14483,Terry Tillman
14484,Terry Windling
14485,Tess Fries
14486,Tess Gallagher
14487,Tess Gerritsen
14488,Tessa Bielecki
14489,Tessa De Loo
14490,Tessa Duder
14491,Tessa Evelegh
14492,Tessa Krailing
14493,Textes Et Litterature
14494,Thadious M. Davis
14495,Thalassa Ali
14496,The #1 Sports Writer
14497,The Bathroom Readers' Hysterical Society
14498,The Beatles
14499,The Dalai Lama
14500,The Duchess Of York Sarah
14501,The Edi
14502,The Editors Of
14503,The Editors Of Conari Press
14504,The Editors Of Consumer Reports
14505,The Editors Of Creative Publishing International
14506,The Editors Of Entertainment Weekly
14507,The Editors Of Peop
14508,The Editors Of People Magazine
14509,The Editors Of Rolling Stone
14510,The Fluid Research Group
14511,The Late A. S. L. Farquha
14512,The Main Street Press
14513,The Master Therion
14514,The Message International
14515,The New York Public Library
14516,The Onion
14517,The Spice Girls
14518,The Staff Of Research
14519,The Vanessa-Ann Collection
14520,Thea Devine
14521,Theo Colborn
14522,Theodor Fontane
14523,Theodor Seuss Geisel
14524,Theodore Baker
14525,Theodore Beale
14526,Theodore Geisel
14527,Theodore J Miller
14528,Theodore J. Nottingham
14529,Theodore Menten
14530,Theodore Sturgeon
14531,Theodore Taylor
14532,Theoni Pappas
14533,Theresa Caplan
14534,Theresa Foy Digeronimo
14535,Theresa Grace
14536,Theresa Medeiros
14537,Theresa Michaels
14538,Theresa Monsour
14539,Theresa Nelson
14540,Theron Walker
14541,Thich Nhat Hanh
14542,Thierry Leguay
14543,Thierry Soufflard
14544,Thom Hartmann
14545,Thom Jones
14546,Thoma
14547,Thomas
14548,Thomas A. Critchley
14549,Thomas A. Stewart
14550,Thomas A. Tarrants
14551,Thomas Adcock
14552,Thomas Ayres
14553,Thomas Berger
14554,Thomas Bernhard
14555,Thomas Block
14556,Thomas Brussig
14557,Thomas Cahill
14558,Thomas Canty
14559,Thomas Charles Schinkel
14560,Thomas Clark
14561,Thomas Cleary
14562,Thomas Cummings
14563,Thomas D. Zweifel
14564,Thomas De Quincey
14565,Thomas E. O'Hara
14566,Thomas E. S
14567,Thomas Elsaesser
14568,Thomas Erskine
14569,Thomas F. Monteleone
14570,Thomas Feibel
14571,Thomas Fensch
14572,Thomas Finn
14573,Thomas French
14574,Thomas Gifford
14575,Thomas Guillen
14576,Thomas H. Cook
14577,Thomas H. Johnson
14578,Thomas H. Naylor
14579,Thomas H. Pauly
14580,Thomas Hardy
14581,Thomas Harris
14582,Thomas Hettche
14583,Thomas Hine
14584,Thomas J Peters
14585,Thomas J. Stanley
14586,Thomas K
14587,Thomas K. Holcomb
14588,Thomas K. Landauer
14589,Thomas Keech
14590,Thomas Keneally
14591,Thomas King
14592,Thomas Kinkade
14593,Thomas L. Friedman
14594,Thomas L. Long
14595,Thomas Lewis
14596,Thomas Lynch
14597,Thomas M. Disch
14598,Thomas Mann
14599,Thomas Mc Guane
14600,Thomas Mcnally
14601,Thomas Meehan
14602,Thomas Merton
14603,Thomas Mohr
14604,Thomas Moore
14605,Thomas More
14606,Thomas Nelson
14607,Thomas Nelson Publishers
14608,Thomas Nils Lindquist
14609,Thomas Noguchi
14610,Thomas Norton
14611,Thomas O'Hara
14612,Thomas P. Whitney
14613,Thomas Paine
14614,Thomas Parsons
14615,Thomas Philbrick
14616,Thomas Pynchon
14617,Thomas R. Baechle
14618,Thomas R. P. Mielke
14619,Thomas R. Schmidt
14620,Thomas Reschke
14621,Thomas Rockwell
14622,Thomas S. Kuhn
14623,Thomas S. Wurster
14624,Thomas Sanchez
14625,Thomas Schlück
14626,Thomas Scoville
14627,Thomas Shaw
14628,Thomas Swan
14629,Thomas Szollosi
14630,Thomas T. Noguchi
14631,Thomas Tryon
14632,Thomas W. Speh
14633,Thomas Walton
14634,Thomas Warburton
14635,Thomas William Simpson
14636,Thomas Wolfe
14637,Thor Heyerdahl
14638,Thornton W. Burgess
14639,Thornton Wilder
14640,Thorsten
14641,Thorsten Futh
14642,Thrity Umrigar
14643,Thuan L. Thai
14644,Thucydides
14645,Thyra Ferre Bjorn
14646,Théophile Gautier
14647,Tia Sillers
14648,Tibor Fischer
14649,Tibor Gerge
14650,Tibor Gergely
14651,Tibor Kalman
14652,Tierney Mcclellan
14653,Tiffanie Debartolo
14654,Tiina Nunnally
14655,Tilden Edwards
14656,Till R. Lohmeyer
14657,Till Raether
14658,Tillie Olsen
14659,Tilman Röhrig
14660,Tim Allen
14661,Tim Bascom
14662,Tim Brookes
14663,Tim Bunce
14664,Tim Burton
14665,Tim Cahill
14666,Tim Cockey
14667,Tim Curry
14668,Tim Dolin
14669,Tim Dorsey
14670,Tim Evans
14671,Tim F. Lahaye
14672,Tim Farrington
14673,Tim Folger
14674,Tim Gautreaux
14675,Tim Green
14676,Tim Guenard
14677,Tim Hansel
14678,Tim Hill
14679,Tim Jeal
14680,Tim Lahaye
14681,Tim Lebbon
14682,Tim Lott
14683,Tim Mikkelsen
14684,Tim Mullen
14685,Tim O'Brien
14686,Tim Page
14687,Tim Paulson
14688,Tim Po
14689,Tim Powers
14690,Tim Rice
14691,Tim Rice. Et Al. Gambaccini
14692,Tim Robinson
14693,Tim Sandlin
14694,Tim Winton
14695,Tim Wynne-Jones
14696,Time Life Books
14697,Time Life Ed
14698,Time-Life Books
14699,Times Books
14700,Timothy A. Nieman
14701,Timothy B. Benford
14702,Timothy B. Ering
14703,Timothy Egan
14704,Timothy Findley
14705,Timothy J. Penny
14706,Timothy Leary
14707,Timothy Woodroof
14708,Timothy Zahn
14709,Tina Cohen
14710,Tina Daniell
14711,Tina Herzig
14712,Tina Hohl
14713,Tina Leonard
14714,Tina Marie Malherbe
14715,Tina Wainscott
14716,Tip O'Neill
14717,Tobias Scheffel
14718,Tobias Smollett
14719,Tobias Wolff
14720,Toby Malina
14721,Toby Young
14722,Todd A. Mcintosh
14723,Todd Brewster
14724,Todd Cramer
14725,Todd Gitlin
14726,Todd Gladfelter
14727,Todd Gold
14728,Todd Herzog
14729,Todd James Pierce
14730,Todd Komarnicki
14731,Todd Lammle
14732,Todd Lighty
14733,Todd Strasser
14734,Todhunter Ballard
14735,Tohru Fujisawa
14736,Tokyopop
14737,Tom  Clancy
14738,Tom Alibrandi
14739,Tom Allen
14740,Tom B. Stone
14741,Tom Bodett
14742,Tom Bradby
14743,Tom Brannon
14744,Tom Brokaw
14745,Tom Brown
14746,Tom Bullimore
14747,Tom Butterworth
14748,Tom Clancy
14749,Tom Coffey
14750,Tom Collins
14751,Tom Connor
14752,Tom Corbett
14753,Tom Corcoran
14754,Tom Defalco
14755,Tom Dowd
14756,Tom Drury
14757,Tom Folley
14758,Tom Gardner
14759,Tom Geddes
14760,Tom Gilling
14761,Tom Glazer
14762,Tom Hazuka
14763,Tom Henry
14764,Tom Holland
14765,Tom Holt
14766,Tom Horton
14767,Tom Hyman
14768,Tom Kidd
14769,Tom Lambert
14770,Tom Lapadula
14771,Tom Magliozzi
14772,Tom Maremaa
14773,Tom Mcgregor
14774,Tom Mcnab
14775,Tom Mula
14776,Tom Newsom
14777,Tom Park
14778,Tom Patenett
14779,Tom Peters
14780,Tom Philpott
14781,Tom Quirk
14782,Tom Raabe
14783,Tom Robbins
14784,Tom Savage
14785,Tom Shachtman
14786,Tom Shales
14787,Tom Sharpe
14788,Tom Shroder
14789,Tom Snyder
14790,Tom Steele
14791,Tom Stone
14792,Tom Stoppard
14793,Tom Tiede
14794,Tom Tomorrow
14795,Tom Topor
14796,Tom Wilson
14797,Tom Wolfe
14798,Tomas Eloy Martinez
14799,Tomie De Paola
14800,Tomie Depaola
14801,Tommy Hays
14802,Tommy Simpson
14803,Tommy Tune
14804,Tomoko Taniguchi
14805,Tong Su
14806,Toni Goffe
14807,Toni Morrison
14808,Toni Weschler
14809,Tonino Benacquista
14810,Tonino Bénacquista
14811,Tonke Dragt
14812,Tony Britton
14813,Tony Buzan
14814,Tony Chiu
14815,Tony Diterlizzi
14816,Tony Dunbar
14817,Tony Earley
14818,Tony Goldwyn
14819,Tony Hawks
14820,Tony Hille
14821,Tony Hillerman
14822,Tony Hope
14823,Tony Horwitz
14824,Tony Johnston
14825,Tony Kerins
14826,Tony Kushner
14827,Tony Mcgowan
14828,Tony Medina
14829,Tony Parsons
14830,Tony Potter
14831,Tony Ross
14832,Tony Sansevero
14833,Tony Schwartz
14834,Tony Sciacca
14835,Tony Strong
14836,Tony Tanner
14837,Tony Vigorito
14838,Tony Wheeler
14839,Tonya R. Carter
14840,Tor Seidler
14841,Torey Hayden
14842,Torey L. Hayden
14843,Tori Amos
14844,Toru Takemitsu
14845,Toshihiko Izutsu
14846,Totline
14847,Tova Mirvis
14848,Tove Jansson
14849,Tracey E. Dils
14850,Tracey Menges
14851,Tracey V. Bateman
14852,Tracey West
14853,Traci Paige Johnson
14854,Tracie Peterson
14855,Tracy
14856,Tracy Chevalier
14857,Tracy Chutorian Semler
14858,Tracy Dockray
14859,Tracy Fitzsimmons
14860,Tracy Hickman
14861,Tracy Hughes
14862,Tracy Kidder
14863,Tracy Mcguinness
14864,Tracy Quan
14865,Tracy Sin
14866,Tracy Sugarman
14867,Tracy West
14868,Tratschke
14869,Traugott König
14870,Travis Thrasher
14871,Tremper Longman
14872,Trent Stephens
14873,Trevanian
14874,Trevor Blount
14875,Trevor Jacques
14876,Tricycle Magazine
14877,Trina Paulus
14878,Trina Schart Hyman
14879,Trish Courtney
14880,Trish Jensen
14881,Trisha Alexander
14882,Trisha Rafferty
14883,Tristine Rainer
14884,Troon Mcallister
14885,Troy Denning
14886,Troy Howell
14887,Truddi Chase
14888,Trudi Pacter
14889,Trudi Strain Trueit
14890,Trudy Baker
14891,Trudy Dixon
14892,Trudy Krisher
14893,Trudy Suggs
14894,True Kelley
14895,Truman Capote
14896,Tucker Malarkey
14897,Tui Sutherland
14898,Tuiavii
14899,Tunku Halim
14900,Twain
14901,Twila Paris
14902,Tyrone T. Thomas
14903,U.S. Catholic Church
14904,U.S. Department Of Labor
14905,U.S. Senate Committee On Commerce
14906,Uda Strätling
14907,Udo Breger
14908,Ueda Hajime
14909,Uli Aumüller
14910,Ulli Günther
14911,Ulli Olvedi
14912,Ulr
14913,Ulrich Bitz
14914,Ulrich Hartmann
14915,Ulrich Holbein
14916,Ulrich Kunzmann
14917,Ulrich Plenzdorf
14918,Ulrich Wickert
14919,Ulrike Schweikert
14920,Umberto Bellini
14921,Umberto Eco
14922,Unicef
14923,Unitarian Universalist Associatio
14924,University Of Navarre
14925,Unspecified
14926,Upton Sinclair
14927,Urs Richle
14928,Urs Widmer
14929,Ursula Burkowski
14930,Ursula Hegi
14931,Ursula K Le Guin
14932,Ursula K. Le Guin
14933,Ursula K. Leguin
14934,Ursula Kösters-Roth
14935,Ursula Leguin
14936,Ursula Markham
14937,Ursula Michels-Wenz
14938,Ursula Moray Williams
14939,Ursula Segebrecht
14940,Ursule Molinaro
14941,Uschi Brunner
14942,Uta Hagen
14943,Uta Hege
14944,Ute Ehrhardt
14945,Uwe Anton
14946,Uwe Timm
14947,V. A. Howard
14948,V. C. Andrews
14949,V. S. Naipaul
14950,V. S. Subrahmanian
14951,V. Stanford Hampson
14952,V. Thomas
14953,V. Vale
14954,V.C. Andrews
14955,V.E. Mitchell
14956,V.K. Narayanan
14957,V.S. Naipaul
14958,Vaclav Havel
14959,Val Mcdermid
14960,Val Vinokur
14961,Valerie Alderson
14962,Valerie Ann Worwood
14963,Valerie Block
14964,Valerie Carnes
14965,Valerie Frankel
14966,Valerie Harper
14967,Valerie Marsh
14968,Valerie Martin
14969,Valerie Parv
14970,Valerie Sherwood
14971,Valerie Solanas
14972,Valerie Taylor
14973,Valerie Tripp
14974,Valerie W. Wesley
14975,Valerie Wolzien
14976,Vallee
14977,Vallie Flet
14978,Valérie Malfoy
14979,Van Der Vat
14980,Vance H. Trimble
14981,Vance Havner
14982,Various
14983,Various Authors
14984,Vasant Joshi
14985,Vaughn Bullard
14986,Vautrin
14987,Ve N. Thubten Chodron
14988,Veda Boyd Jones
14989,Velda Johnston
14990,Velina Hasu H
14991,Vella Munn
14992,Velma Barfield
14993,Velma Wallis
14994,Venerable Henepola Gunaratana
14995,Venise Berry
14996,Vera B. Williams
14997,Vera Cleaver
14998,Vera Cowie
14999,Vera Neville
15000,Verena C. Harksen
15001,Verena Koch
15002,Verena Von Koskull
15003,Verity Campbell
15004,Vern C. Lewis
15005,Verne Becker
15006,Vernon E. Johnson
15007,Vernon J. Nordby
15008,Vernor Vinge
15009,Veronica Mcbride
15010,Veronica Mcniff
15011,Veronika Martenova Char
15012,Veronika Martenova Charles
15013,Veronique Vienne
15014,Vi
15015,Viana La Place
15016,Vic Braden
15017,Vic Crume
15018,Vicki A. Brady
15019,Vicki Croke
15020,Vicki Hearne
15021,Vicki Iovine
15022,Vicki Lansky
15023,Vicki Leon
15024,Vicki Lewis Thompson
15025,Vicki Marshall
15026,Vicki Robin
15027,Vickie L. Bane
15028,Vicky Emptage
15029,Vicomte
15030,Victor Caccamise
15031,Victor Del Litto
15032,Victor Gischler
15033,Victor H. Krulak
15034,Victor H. Mair
15035,Victor Hugo
15036,Victor Jones
15037,Victor Kelleher
15038,Victor Klemperer
15039,Victor Martinez
15040,Victor Navasky
15041,Victor Ostrovsky
15042,Victor Serebriakoff
15043,Victoria Alexander
15044,Victoria Bissell Brown
15045,Victoria Bylin
15046,Victoria Chancellor
15047,Victoria Christopher Murray
15048,Victoria Gotti
15049,Victoria Griffin
15050,Victoria Holt
15051,Victoria Houston
15052,Victoria Looseleaf
15053,Victoria Magazine
15054,Victoria Marshall
15055,Victoria Moran
15056,Victoria Pade
15057,Victoria Poyser
15058,Victoria Price
15059,Victoria Roberts
15060,Victoria Sullivan
15061,Victoria Thompson
15062,Vikram Chandra
15063,Vikram Seth
15064,Viktor E. Frankl
15065,Vilhelm Moberg
15066,Vince Flynn
15067,Vince Mckewin
15068,Vincent Andriani
15069,Vincent Bugliosi
15070,Vincent Lardo
15071,Vincent Murano
15072,Vincent Ravalec
15073,Vincent Torre
15074,Vincent Van Gogh
15075,Vine Deloria Jr.
15076,Violet Jessop
15077,Violet Winspear
15078,Viqui Litman
15079,Virgil
15080,Virginia A. La
15081,Virginia Allen Jensen
15082,Virginia Barber
15083,Virginia Beard Morton
15084,Virginia Blain
15085,Virginia Cary Hudson
15086,Virginia Euwer Wolff
15087,Virginia Farmer
15088,Virginia Hamilton
15089,Virginia Henley
15090,Virginia Hopkins
15091,Virginia J. Ruehlmann
15092,Virginia Kelly
15093,Virginia Lanier
15094,Virginia Mason Vaughan
15095,Virginia Mueller
15096,Virginia Rich
15097,Virginia Trioli
15098,Virginia Woolf
15099,Virginie Despentes
15100,Vissell
15101,Vitaliano Brancati
15102,Viveca Carlysle
15103,Vivian F. Carlin
15104,Vivian Gussin Paley
15105,Vivian Schilling
15106,Vivian Schulte
15107,Vivian Vande Velde
15108,Vivien Alcock
15109,Vivienne Flesher
15110,Vladimir Chernozemsky
15111,Vladimir Nabokov
15112,Vladimir Radunsky
15113,Vladimir Vladimirovich Nabokov
15114,Vladyana Krykorka
15115,Vogel
15116,Volker Michels
15117,Volker Schlöndorff
15118,Voltaire
15119,Voltaire - Translated By John Butt
15120,Vonda Mcintyre
15121,Vonda N. Mcintryre
15122,Vonda N. Mcintyre
15123,Vonette Bright
15124,Voronica Whitney-Robinson
15125,Voy Sobon
15126,Víctor E. Villaseñor
15127,W
15128,W. Allen Werneken
15129,W. E Vine
15130,W. E. B. Griffin
15131,W. Edwards Deming
15132,W. Fezler
15133,W. G. Shepherd
15134,W. H. D.
15135,W. H. D. Rouse
15136,W. L. Wilmshurst
15137,W. Michael Gear
15138,W. P. Kinsella
15139,W. R.  Mitchell
15140,W. R. Owens
15141,W. R. Philbrick
15142,W. R. Thompson
15143,W. Ralph Eubanks
15144,W. S. Dell
15145,W. Scott Means
15146,W. Somerset  Maugham
15147,W. Somerset Maugham
15148,W. Steven Brown
15149,W. Stone
15150,W. T. Benda
15151,W. Warren Wagar
15152,W. Wilkie Collins
15153,W. Y. Evans-Wentz
15154,W.E.B. Griffin
15155,W.G.
15156,W.G. Moore Moore
15157,W.Gordon Smith
15158,W.H.D. Rouse
15159,W.R. Thompson
15160,W.S. Merwin
15161,W.S. Milner
15162,Wade Rowland
15163,Wakako Yamauchi
15164,Walker Percy
15165,Wallace Fowlie
15166,Wallace Hamilton
15167,Wallace Hildick
15168,Wallace Stegner
15169,Wallace Tripp
15170,Wally Lamb
15171,Walpola Rahula
15172,Walt Disney
15173,Walt Disney Company
15174,Walt Disney P
15175,Walt Disney Productions
15176,Walt Morey
15177,Walt W. Becker
15178,Walt Whitman
15179,Walter
15180,Walter Ahlers
15181,Walter Allen
15182,Walter Anderson
15183,Walter Brueggemann
15184,Walter Cronkite
15185,Walter D. Edmonds
15186,Walter Dean Myers
15187,Walter Evans-Wentz
15188,Walter F Murphy
15189,Walter Farley
15190,Walter Gretzky
15191,Walter Hamilton
15192,Walter Irwin
15193,Walter J. Lord
15194,Walter James Miller
15195,Walter Jon Williams
15196,Walter Kappacher
15197,Walter Kaufmann
15198,Walter Kirn
15199,Walter Krämer
15200,Walter L. Hixson
15201,Walter Lord
15202,Walter M. Miller
15203,Walter M. Miller Jr.
15204,Walter Macken
15205,Walter Maria Guggenheimer
15206,Walter Mercado
15207,Walter Moers
15208,Walter Mosley
15209,Walter Nugent
15210,Walter P. Wilson
15211,Walter Pruncel
15212,Walter Rane
15213,Walter Robinson
15214,Walter Satterthwait
15215,Walter Schafarschik
15216,Walter Sorrells
15217,Walter Tevis
15218,Walter Tiel
15219,Walter Velez
15220,Walter Wangerin Jr.
15221,Walter Wehner
15222,Walter Wick
15223,Walter Winward
15224,Wanda Mccaddon
15225,Ward Carroll
15226,Ward Just
15227,Waris Dirie
15228,Warner Wolf
15229,Warre Murphy
15230,Warren /Sapir Murphy
15231,Warren Bennis
15232,Warren Buckland
15233,Warren Dunford
15234,Warren Farrell Ph.D.
15235,Warren J. Ludlow
15236,Warren Murphy
15237,Warren T. Longtree
15238,Warren W. Wiersbe
15239,Warren Wiersbe
15240,Washington Irving
15241,Wataru Yoshizumi
15242,Wayland Drew (Adapter)
15243,Wayne A. Lesko
15244,Wayne Allred
15245,Wayne G. Hammond
15246,Wayne Johnston
15247,Wayne Koestenbaum
15248,Wayne L. Westcott
15249,Wayne Lesko
15250,Wayne W Dyer
15251,Wayne W. Dyer
15252,Wayne Weible
15253,Wayson Choy
15254,Webb Garrison
15255,Weber
15256,Webster Kuswa
15257,Webster'S Editors
15258,Websters Merriam
15259,Wei Hui
15260,Weight Watchers
15261,Weigle
15262,Weinhaus Evonne
15263,Weldon A. Mcdougal Iii
15264,Wen Spencer
15265,Wendelin Van Draanen
15266,Wendell B
15267,Wendell Berry
15268,Wendell Minor
15269,Wendell Odom
15270,Wendi
15271,Wendy Anderson Schulz
15272,Wendy Boorer
15273,Wendy Corsi Staub
15274,Wendy Doniger
15275,Wendy Etherington
15276,Wendy Holden
15277,Wendy Hornsby
15278,Wendy Lazear
15279,Wendy Leigh
15280,Wendy Loggia
15281,Wendy Markham
15282,Wendy Northcutt
15283,Wendy Orr
15284,Wendy Pini
15285,Wendy Rosnau
15286,Wendy Wasserstein
15287,Wendy Wray
15288,Wensley Clarkson
15289,Werner Burckhardt
15290,Werner Gross
15291,Werner Lansburgh
15292,Werner Peterich
15293,Werner Richter
15294,Werner Schmitz
15295,Werner Sikorski
15296,Wes Craven
15297,Wesley Dennis
15298,Western Publishing
15299,Wgbh Series Researc
15300,White Deer Of Autumn
15301,Whitecap Books
15302,Whitley Strieber
15303,Whitney Otto
15304,Whoopi Goldberg
15305,Wiener
15306,Wilbur Smith
15307,Wilbur Witt
15308,Wilhelm Gri
15309,Wilhelm Grimm
15310,Wilhelm Grosse
15311,Wilhelm K. Grimm
15312,Wilhelm Weischedel
15313,Wilkie Collins
15314,Will Blythe
15315,Will Eisner
15316,Will Ferguson
15317,Will Gatti
15318,Will Harriss
15319,Will Henry
15320,Will Hobbs
15321,Will Lawson
15322,Will Osborne
15323,Will Randall
15324,Will Self
15325,Will Shetterly
15326,Will Steger
15327,Will Weaver
15328,Willa Cather
15329,Willa Sibert Cather
15330,Willard Scott
15331,Willi Glasauer
15332,William
15333,William  Shakespeare
15334,William A. Fletcher
15335,William A. Niering
15336,William A. Norgren
15337,William Abrahams
15338,William Armstrong
15339,William B. Breuer
15340,William B. Dillingham
15341,William B. Sanders
15342,William Backus
15343,William Barrett
15344,William Bayer
15345,William Bennett Seitz
15346,William Bernhardt
15347,William Blake
15348,William Bolitho
15349,William Boyd
15350,William Bridges
15351,William Broad
15352,William Burke Jr.
15353,William Butler Yeats
15354,William C. Klatte
15355,William C. Westmoreland
15356,William Campbell Douglass
15357,William Carlos Williams
15358,William Carpenter
15359,William Caunitz
15360,William Cohen
15361,William Congreve
15362,William Coughlin
15363,William Cutrer
15364,William D. Bursuck
15365,William D. Danko
15366,William D. Hardy
15367,William Dalrymple
15368,William Desmond
15369,William Diehl
15370,William Dietrich
15371,William E. Blundell
15372,William E. Simon
15373,William Edward Farrison
15374,William F.
15375,William F. Nolan
15376,William F. Weld
15377,William Faulkner
15378,William Finnegan
15379,William Flanagan
15380,William G Dyer
15381,William G. Hynes
15382,William G. Rusch
15383,William Gaddis
15384,William Gibson
15385,William Golding
15386,William Goldman
15387,William Grant
15388,William Greider
15389,William H. Armstrong
15390,William H. Chafe
15391,William H. Hylton
15392,William H. Keith
15393,William H. Matchett
15394,William H. Whyte
15395,William Harvey
15396,William Hasker
15397,William Heffernan
15398,William Hill Brown
15399,William Hoffer
15400,William Hoffman
15401,William Irwin
15402,William J Bennett
15403,William J. Bennett
15404,William J. Caunitz
15405,William J. Coughlin
15406,William J. Kennedy
15407,William J. Lederer
15408,William J. Mann
15409,William J. Palmer
15410,William Jay Smith
15411,William Jefferson Clinton
15412,William Jeremiah Coughlin
15413,William Johnston
15414,William Joyce
15415,William K. Hartmann
15416,William K. Powers
15417,William Katz
15418,William Kelly
15419,William Kennedy
15420,William Kent Krueger
15421,William Kinsolving
15422,William Knowlton Zinsser
15423,William Kotzwinkle
15424,William Kritlow
15425,William L. Deandrea
15426,William L. Shirer
15427,William L. Ury
15428,William Lashner
15429,William Least Heat Moon
15430,William Least Heat-Moon
15431,William Lewis Herndon
15432,William M Thackeray
15433,William M. Carney
15434,William M. Hoffman
15435,William Makepeace Thackeray
15436,William Martin
15437,William Maxwell
15438,William Mcgivern
15439,William Miller
15440,William Mize
15441,William Molnar
15442,William Monahan
15443,William Noble
15444,William Norris
15445,William Novak
15446,William Olaf Stapledon
15447,William Oscar Johnson
15448,William P. Wood
15449,William Pene Du Bois
15450,William Pollack
15451,William Poundstone
15452,William R. Dantz
15453,William R. Forstchen
15454,William R. Maples
15455,William Robertson
15456,William S. Burroughs
15457,William Safire
15458,William Sale Jr
15459,William Sarabande
15460,William Sears
15461,William Sh
15462,William Shakespeare
15463,William Shatner
15464,William Sleator
15465,William Smart
15466,William Stadiem
15467,William Stallings
15468,William Stevenson
15469,William Storandt
15470,William Strunk Jr.
15471,William Stuart Long
15472,William Styron
15473,William Sutcliffe
15474,William Sydney Porter
15475,William Taylor
15476,William Theodore De Bary
15477,William Trevor
15478,William Vance
15479,William W. Hewitt
15480,William W. Johnstone
15481,William W. Putney
15482,William W.Crain
15483,William Warriner
15484,William Weaver
15485,William Wegman
15486,William Wells Brown
15487,William Wilson
15488,William Wordsworth
15489,William Wright
15490,William X. Kienzle
15491,William Zimmer
15492,William Zinsser
15493,Williams
15494,Willie Morris
15495,Willo Davis Roberts
15496,Willy Brandt
15497,Willy Breinholst
15498,Willy Vandersteen
15499,Wilma S. Ross
15500,Wilma Yeo
15501,Wilson Rawls
15502,Wilton Barnhardt
15503,Winifred A. Harbison
15504,Winifred Elze
15505,Winky Cherry
15506,Winn
15507,Winn Schwartau
15508,Winnie Smith
15509,Winston Graham
15510,Winston Groom
15511,With An Introduction By Hu
15512,With James Southwood Saunders
15513,Witi Ihimaera
15514,Witi Tame Ihimaera
15515,Witold Rybczynski
15516,Wladimir Kaminer
15517,Wladyslaw Szpilman
15518,Wole Soyinka
15519,Wolf Haas
15520,Wolf J. Siedler
15521,Wolf Schneider
15522,Wolf Von Lojewski
15523,Wolff
15524,Wolfgang Butt
15525,Wolfgang Büscher
15526,Wolfgang E. Schl
15527,Wolfgang Hohlbein
15528,Wolfgang Kriege
15529,Wolfgang Neuhaus
15530,Wolfgang Schüssel
15531,Wolfgang Thon
15532,Wolfgang W. E. Samuel
15533,Wolfram Fleischhauer
15534,Woman'S Day Editors
15535,Woodward
15536,Woody Allen
15537,Woollcott Smith
15538,Wout J Hofman
15539,Wrath James White
15540,Writers Digest
15541,Wu Ningkun
15542,Wu Wei
15543,Wulf Bergner
15544,Wyatt Blassingame
15545,Wynema Mcgowan
15546,Xavier Einstein
15547,Xavier Patier
15548,Xenophon
15549,Xinran Xinran
15550,Y.L. Harris
15551,Ya-Seong Ko
15552,Yaakov Shabtai
15553,Yahiya Emerick
15554,Yankee Magazine
15555,Yann Martel
15556,Yasunari Kawabata
15557,Yatri
15558,Yehudi Menuhin
15559,Yetta S. Center
15560,Yevgeny Yevtushenko
15561,Yin-Lien C. Chin
15562,Ying-Hwa Hu
15563,Yitta Halberstam
15564,Yogi Berra
15565,Yolanda Joe
15566,Yoshikawa
15567,Yoshiko Kakudo
15568,Yoshitaka Amano
15569,Yossi K. Halevi
15570,Yosuke Kuroda
15571,Yozaburo Kanari
15572,Ysaye M. Barnwell
15573,Yu Huan Zhang
15574,Yu Lu
15575,Yukio Mishima
15576,Yukito Kishiro
15577,Yuri Narushima
15578,Yuri Rubinsky
15579,Yutaka Nanten
15580,Yutaka Satoh
15581,Yuu Watase
15582,Yuzan Daidoji
15583,Yves Florenn
15584,Yves Hersant
15585,Yves Ri
15586,Yves Savourel
15587,Yvonne Baudry
15588,Yvonne Lehman
15589,Yvonne Navarro
15590,Yvonne Rees
15591,Yxta Maya Murray
15592,Z. Barnes
15593,Zachary Alan Fox
15594,Zachary Lazar
15595,Zadie Smith
15596,Zander Hollander
15597,Zane Grey
15598,Zecharia Sitchin
15599,Zeke Masters
15600,Zelazny
15601,Zelda Lockhart
15602,Zelig Pliskin
15603,Zena Bernstein
15604,Zenna Henderson
15605,Zhang Yu Huan
15606,Zhi Gang Sha
15607,Ziauddin Sardar
15608,Zilpha Keatley Snyder
15609,Zlata Filipovic
15610,Zolar
15611,Zondervan
15612,Zondra Lewis Knapp
15613,Zora Neale Hurston
15614,Zoé Valdés
15615,Zoë Jenny
15616,Zz Packer
15617,Åke Edwardson
15618,Élisabeth Gille
15619,Ï¿1/2Mile Zola
15620,アン 松本・スチュワート
15621,ジャッキー・デプロスペロ
15622,ダン・デプロスペロ
15623,元阳
