Isbn,Author_id
9780195153445,9883
9780195153445,12725
9780195153446,9883
9780195153446,12725
9780002005012,12386
9780060973124,1913
9780374157067,5182
9780393045215,4206
9780393045215,3849
9780399135781,512
9780425176429,12654
9780671870430,13444
9780671870430,13774
9780679425601,3063
9780743226783,673
9780771074677,3025
9780806521213,8373
9780887841743,13547
9781552041772,6099
9781558746213,6137
9781558746213,9900
9781558746213,6863
9781567407785,9176
9781567407785,7381
9781575663937,12714
9781881320180,7875
9780440234746,7352
9780452264465,14807
9780609804612,14516
9780609804612,13428
9780609804612,10663
9781841721521,2155
9781841721521,6522
9781841721521,11963
9781879384491,6100
9780061076039,10141
9780061076039,491
9780061076039,1027
9780439095020,12907
9780689821165,8179
9780689821165,8001
9780689821165,1437
9780971880108,12354
9780345402875,10398
9780345417626,10398
9780684823805,1830
9780375759772,1002
9780425163092,13910
9783404921034,10806
9783404921034,10526
9783404921034,626
9783442353866,4076
9783442353866,2895
9783442410668,2290
9783442446933,12471
9783442446933,8519
9780375406324,9890
9780446310789,5533
9780449005613,8664
9780060168018,1139
9780380782437,7056
9780553212150,6482
9780671765378,3547
9780061099687,812
9780553582901,3266
9780671888589,10068
9780553582741,3266
9780425182901,11428
9780425186305,6117
9780440223573,9454
9780812523874,8668
9780842342704,14680
9780842342704,6906
9780440225706,7352
9780060914066,1322
9780156047623,12797
9780245542954,5482
9780380715893,9858
9780553280333,11223
9780553280333,6286
9780553280333,13832
9780961769949,2512
9780964778313,3127
9780671623241,8633
9780679810308,14272
9780679865698,14272
9782070423200,10596
9780345260314,1897
9780394743745,248
9780425117743,818
9780804106306,512
9781853262401,7641
9780312970246,3353
9780312970246,9968
9781853260056,14580
9781414035000,2239
9781414035000,13593
9780060938413,14965
9780140067477,1279
9780345465085,8664
9780451625885,11053
9781558531024,5414
9780441783588,12605
9780394895895,11954
9780375410536,10522
9780966986105,13319
9780871133755,11309
9780340767931,10657
9780743403849,13824
9780060930363,13381
9780060177584,2874
9780071416337,3602
9780071416337,3610
9780375509032,3091
9780553062045,9228
9780316769488,6118
9780679429227,7239
9780671867157,10068
9780312252618,6839
9780312261597,6503
9780316748643,10541
9780316973748,13696
9780385235945,15337
9780446677455,12832
9780446677455,13517
9780451166890,8320
9780553347593,7316
9780671621001,12685
9780679763970,9225
9780684822730,11345
9780684822730,423
9780786868711,10746
9780671864767,10459
9780671864767,13003
9780671521516,5217
9780440222309,10997
9780440222309,6090
9780312953454,3177
9780446608657,13303
9780446612548,6385
9780446612548,11805
9780446612616,13303
9780451208088,14084
9780553584387,6000
9780671027360,2852
9780812575958,7164
9780316735735,669
9780743439749,719
9780345372703,8937
9780380619450,11660
9780446325806,8937
9780451406927,2210
9780451406927,14732
9780451406927,7457
9780671042851,13916
9780743249997,1264
9780840734532,1448
9780425184226,14748
9780375500763,2885
9789724119373,13088
9780451205193,1146
9780060929794,4837
9780060976842,12278
9780061099328,14821
9780671004576,10068
9780446601641,12733
9780330484510,12145
9780385721790,5916
9780393020373,10491
9781900850308,12530
9781903019696,11190
9780345425294,9181
9780451410313,780
9780553583465,8271
9780380778553,2966
9780451525222,10988
9780451525222,8860
9780002740234,11081
9780385336772,8698
9780440949428,9140
9780505524997,14164
9780140252804,1173
9780451452757,13641
9780812575484,6515
9780446517478,12733
9780060801267,1391
9780061030147,2756
9780061030147,140
9780140250961,14052
9780446527163,3035
9780671461492,3745
9780385337632,10093
9780395755143,15328
9780451206671,11250
9780330332774,5653
9780486284736,6482
9780486284736,3777
9780671021740,4709
9780671047610,4709
9780671504281,4709
9780399138683,8964
9780785263296,5806
9780785263296,10622
9780830714018,5421
9780345354938,12040
9780553278224,12221
9783150000335,4784
9783150000335,15215
9783257203653,12221
9783257203653,11867
9783257207521,12236
9783257207521,5491
9783257208627,12221
9783257208634,12221
9783257208634,14625
9783257208665,12221
9783257208665,11174
9783257210453,12221
9783257210453,281
9783257212051,12221
9783257212426,12221
9783257214154,12221
9783257214154,7962
9783257214154,215
9783257216417,12221
9783257233056,11706
9783257233056,9522
9783423113601,4838
9783423116718,4547
9783423241489,926
9783426605684,8416
9783426605684,9655
9783453212152,14112
9783462021097,12309
9783492045643,10514
9783492045643,5694
9783492045643,5622
9783498020866,7587
9783498020866,1370
9783499110696,6066
9783499110696,835
9783499110696,5629
9783499110696,4094
9783499151507,6066
9783499151507,835
9783499151507,5629
9783518111000,6337
9783518111000,5491
9783548254265,7120
9783570300091,14112
9783570300091,893
9783596292646,10686
9780060977498,1021
9780312872687,12812
9780316602907,6385
9780316693004,6385
9780345311399,12471
9780345378491,10398
9780345404794,12471
9780345433176,9200
9780375400117,988
9780375705854,8376
9780380717019,11431
9780380718337,11433
9780380754502,1968
9780380754502,14776
9780380766543,8180
9780380807864,8180
9780385316897,1250
9780385497466,7352
9780385508049,7352
9780385509459,9857
9780385511612,7352
9780385730587,676
9780425164402,4401
9780440234968,4116
9780446605489,6385
9780446610391,11070
9780449006528,7495
9780449911006,9200
9780451162076,13916
9780451186645,14002
9780452282155,14856
9780515132908,7795
9780553580389,10525
9780590598842,4647
9780590629713,11187
9780671023614,11428
9780671027384,2852
9780684848785,4690
9780743486224,2852
9780786863983,9482
9780803251717,9683
9780804117937,808
9781400031801,279
9781558742628,6137
9781558742628,9900
9781558742628,1100
9780060987107,5346
9780151008117,15555
9780375704963,13175
9780525947646,154
9780804111355,3662
9781558744158,6137
9781558744158,9900
9781558744158,6863
9780435272685,7444
9780316782500,669
9780061020636,14477
9780060013110,14477
9780060199562,14477
9780060527792,3843
9780060527792,4901
9780060563073,6085
9780060809027,10114
9780061040962,14477
9780061040962,11620
9780061050473,14477
9780061052514,14477
9780061052521,14477
9780064472265,9259
9780140620665,6482
9780312148263,8355
9780312156961,1296
9780312890049,2193
9780345431912,9169
9780345431912,11018
9780373836024,5091
9780375751516,11271
9780375751516,6807
9780375801679,14416
9780375801679,569
9780375814242,12586
9780375814242,12080
9780375823350,11954
9780375823459,11954
9780375823466,11954
9780380730445,14112
9780380973835,12221
9780385327770,3647
9780394586236,51
9780439510110,14386
9780440241416,13750
9780451409256,6030
9780451523419,9239
9780451526274,6482
9780451526274,9607
9780451526342,5055
9780486415864,2194
9780553280586,6024
9780571197637,1139
9780670035267,4223
9780670035267,14459
9780670035267,2266
9780670035267,11017
9780679423072,2194
9780679751342,51
9780684833392,7655
9780743245029,7333
9780749748005,4338
9780749748029,4338
9780963094421,11018
9781401201173,198
9781401201173,8403
9781401201173,1256
9781563892271,11018
9781563892271,13270
9781563892271,10656
9781563892271,9490
9781563898587,198
9781569716205,11018
9781569716205,7243
9781592571307,14893
9780374270322,14797
9780375719189,1620
9780440235507,5811
9780440237228,7352
9781573225489,11711
9781853260674,14580
9780060977474,13456
9780345391698,8005
9780520011175,10031
9780520011175,3817
9780553278743,3044
9780670856046,14330
9780670856046,14333
9780872200760,12048
9780872200760,280
9780872200760,11669
9780937858998,9338
9780937858998,2888
9780937858998,6188
9780671649944,13930
9780590431118,6034
9780064470117,11338
9780553571486,9316
9780972044202,1673
9780312963002,7286
9780345430472,9987
9780345435866,3077
9780345435866,8829
9780380728725,11649
9780380818402,3092
9780380818402,8209
9780449912300,3000
9780553291988,7473
9780671018931,14525
9780812541649,4688
9780312988692,10075
9780486282114,10129
9780486282114,3777
9780670815371,12848
9780385313742,12619
9781575843360,12568
9780684193953,11428
9780345371980,3745
9780345371980,9834
9780380730131,32
9781573228732,13390
9789681500559,778
9780380711109,1201
9780452283916,5329
9780425120279,14748
9780671534844,550
9780380728275,11036
9780446606196,9624
9780771076008,3964
9780771076008,13560
9780771088193,10840
9781559703239,7370
9783596214624,15385
9783596214624,5755
9780062770509,5534
9780671847548,9268
9780060188733,712
9780140374247,12586
9780140374247,8600
9780142001745,14109
9780142001745,14111
9780142001745,13050
9780195086294,1564
9780195086294,1546
9780195086294,13958
9780312995423,2852
9780380704583,2662
9780380815920,7129
9780385416344,7352
9780385418492,14557
9780385424714,7352
9780425098103,10448
9780449005415,6536
9780449202630,3504
9780449207543,3504
9780515128550,11169
9780517577400,3745
9780590450874,6693
9780590450874,15222
9780590450874,1947
9780590481373,6693
9780590481373,15222
9780671036195,1112
9780684177731,11305
9780684180205,1011
9780743411264,1112
9780743470384,2496
9780762188574,12335
9780767905930,7066
9780800706548,14981
9780801096679,15238
9780849953019,10238
9780891091967,8617
9780915811533,1202
9780927545372,1562
9781575024172,4760
9781880185001,11000
9780140345803,15464
9780156528207,889
9780380012862,12369
9780451154910,8405
9780785815143,10608
9780875421285,13427
9781567184297,3026
9781567187960,12522
9781862047624,1301
9780020437505,11395
9780020437505,11395
9780198320265,15462
9780198320265,12971
9780373196982,10306
9780373245581,2325
9780451527745,8935
9780451527745,9966
9780671867119,10068
9780812504200,9898
9780060173289,12278
9780060973896,10046
9780060973896,12405
9780061013515,13456
9780140104684,9013
9780312143374,4589
9780316666343,361
9780394568942,13758
9780440224679,14581
9780449002636,4014
9780449213773,9595
9780452279698,3704
9780553569056,9595
9780679427438,10249
9780679725398,3950
9780802114365,10035
9780803233010,7332
9780803233010,15075
9780819154941,12966
9780897322331,7556
9780940322974,6369
9780940322974,15247
9781573225120,4208
9781579651657,1425
9781878424310,3570
9780600586890,11626
9781853260629,8863
9781857938012,13697
9780060804152,12600
9780140382655,9531
9780152012960,13846
9780312283780,13308
9780345297709,12040
9780345313096,12040
9780345335463,800
9780345416841,3099
9780385333405,8699
9780440211457,7352
9780449212080,9645
9780553582680,9833
9780590947251,11675
9780590947251,14831
9780743458290,12361
9780743458290,1731
9780786913879,2059
9780801491825,4220
9780816729913,1868
9780843136685,13266
9780843136685,7926
9780843136685,12063
9780866119535,729
9780866119535,15115
9780866119535,9502
9780866119566,2194
9780866119566,9703
9780870441660,3648
9780870441660,6346
9781561561421,10140
9781561561421,2807
9781561561421,4486
9780553210095,10988
9780553258523,800
9780688163723,12848
9781569471098,14963
9780553580990,9273
9780316168816,361
9780140238280,14333
9780316314923,4227
9780345424716,7370
9780375414749,14674
9780375726408,12496
9780385503853,9595
9780425156841,7715
9780440226109,753
9780452277335,3477
9780553802481,3266
9780671021009,15170
9780767903578,103
9780805063899,1117
9780679777434,3711
9780553285345,7399
9780486285528,13708
9780671002480,11250
9780812523386,4300
9780895774668,5595
9780020199090,7653
9780385495141,7645
9780679733829,9201
9780842329125,14680
9780842329125,6906
9780345451262,77
9780740700231,7687
9780380973545,14417
9780380973545,6923
9780393321579,4663
9780743424424,13916
9780786868018,4240
9780786868018,7744
9780786868018,14036
9780446610179,13663
9780684854953,2485
9780684854953,11357
9780743229876,10068
9780380617623,12755
9780380732333,14669
9780385337137,7141
9780440235057,4268
9780445402041,4268
9780618119769,9348
9780871138644,7395
9780026329859,4043
9780060621254,14655
9780060915544,1139
9780060917012,1139
9780060925000,15063
9780060932756,6024
9780061000287,14821
9780192815316,4153
9780192815316,4192
9780312195519,665
9780380792665,8717
9780393048971,5114
9780399137808,8964
9780399147395,11428
9780451203045,9454
9780451410559,9934
9780451523310,5713
9780486281964,13380
9780486292946,15357
9780517626399,12341
9780684824444,3950
9780743458306,5562
9780812966664,10685
9780819215635,14274
9780819215635,7676
9780819215635,12121
9780880011020,2791
9781561011520,9612
9781877727085,12860
9781877727085,10045
9780486206172,5483
9780486206172,1183
9780312278588,4325
9780312278588,11095
9780140370904,11613
9780674511255,9845
9780030096181,13909
9780030096181,4699
9780312965747,8626
9780345374653,3222
9780395710906,308
9780805210613,11685
9780823032617,3150
9780679310006,1496
9780312288112,99
9780316171106,6822
9780380710218,11434
9780515118650,2093
9780553289060,3550
9780671000301,2623
9780671673680,10068
9781561672035,7462
9780425178249,1891
9780425178249,3491
9780618173877,7606
9780156027328,15555
9780375403583,4643
9780385721424,7871
9780451202345,14403
9780743418195,6866
9780385335409,2953
9780965746823,8865
9780060923242,13136
9780486272665,13289
9780786015276,1615
9780786015276,1616
9780060913502,1568
9780553272833,11169
9780440225072,8047
9780312145545,4323
9780425181119,3266
9780380732685,4549
9780140286274,6223
9780373484102,11169
9780449907481,6536
9780553107302,3485
9780802138255,1863
9780515127836,11169
9780345441133,8522
9780515134278,10500
9780945586050,431
9780385490993,7352
9780385424721,7352
9780312980382,15306
9780590419628,10674
9780590419628,6618
9780385472951,7352
9780451195661,10558
9780425182871,7494
9780425182871,7259
9780553564525,14376
9780553564518,14376
9780743412629,10068
9780849943720,14414
9780849943454,637
9780849943713,14414
9780590406017,1818
9780020442400,1816
9780553225983,15315
9780425177365,12875
9780671868710,719
9780385498258,3855
9780553202298,9011
9780345313867,811
9780345369949,811
9780671701246,7814
9780345353627,9755
9780308102286,15251
9780060171438,959
9780805056495,7917
9780679401377,11882
9781562827045,6367
9781562827045,13632
9780385306034,2953
9780816152445,1172
9780821772959,9085
9780345379450,13530
9780553576924,8271
9780743206051,10068
9780688169671,2630
9780439319553,13488
9780439319553,9897
9780590870153,6937
9780590870153,2256
9780307001160,7956
9780307001160,1452
9780307001160,12981
9780307001160,15174
9780440441502,11486
9780590687300,1405
9780439061643,7976
9780439569842,6540
9780439569842,9897
9780307118707,5246
9780590418850,10014
9780307201522,2724
9780816728732,5408
9780816728732,12242
9780816728732,7008
9780865050884,1570
9780812519655,10326
9780812524857,10326
9780449211779,3714
9781930722293,10821
9780812521122,10326
9780345251732,2470
9781400077823,2201
9780312995430,7880
9780312312626,7880
9780446394529,4538
9780590021111,8665
9780684842677,4690
9780684842677,1719
9780684842677,7324
9780553578690,9078
9780380709267,1405
9780380709267,14858
9780807565285,5142
9780312986766,7880
9780345413376,11954
9780345413369,11954
9780679893103,11954
9780061096099,9363
9780345369062,13530
9780451184719,13530
9780449209127,3714
9780060938451,4379
9780804119528,14263
9780060575809,4860
9780060558864,4860
9780767912914,4632
9780553298864,14143
9780385335676,3205
9780440122098,9454
9780671525835,7802
9780553279573,12221
9780061009051,6554
9780060930189,14314
9780516076270,5942
9780679450436,12471
9780821775868,4564
9780821770207,4564
9780670855759,1351
9780553562811,1758
9780446364195,6385
9780446519137,13358
9780425179673,345
9780061042942,9100
9780399144462,13761
9780399144462,8348
9780965404563,5916
9780060157814,3080
9780060157814,8090
9780060930707,12374
9780312206765,8250
9780316116022,6275
9780156013963,1525
9780385314015,13352
9780743444163,2271
9780618231614,4124
9781567920048,13799
9781567920048,1714
9781567920048,10670
9780811203227,5716
9781573229142,3239
9780787955670,14562
9780787955670,15231
9780787955670,5354
9780425174487,9929
9780385496902,3427
9780446523998,2602
9780446523998,8514
9780446523998,608
9780140185218,6162
9780140185218,680
9780684717258,9959
9780684717258,15197
9780486272740,11054
9780486272740,10857
9780062507242,11642
9780684801223,4432
9781576737354,10317
9780060083298,378
9780446672214,1495
9780140293241,10300
9780807070710,12308
9780807070710,5603
9780743213837,10805
9780345305473,14420
9780061080517,14231
9780142000205,5387
9780316735025,4100
9781931561464,1039
9780156007108,669
9780062517852,14672
9780679767787,9890
9780449911686,2163
9780425169629,13443
9780449207758,2163
9780449245699,2163
9780140029406,14949
9780140021561,14949
9782253004028,6678
9782253004028,827
9782253005278,166
9782253005278,2928
9782253006701,4398
9782253006701,453
9782253006701,11252
9782266084376,13095
9782070362387,12323
9782266029469,289
9782266029469,289
9782253007104,2182
9782253007104,9744
9782253007104,15583
9782070417742,12221
9782070417742,6227
9782070417742,5701
9782266033688,12161
9782070384341,4286
9782070384341,5700
9782070538805,6678
9782070538805,15331
9782070334360,9229
9782290314951,2657
9782290005101,12602
9783492207003,13830
9783499177750,2315
9783499177750,3931
9783889774019,2385
9783502670001,7242
9780905762487,2436
9783499222603,2385
9783746670058,11782
9780140620429,6482
9783596144433,5728
9783442724680,1021
9783442724680,626
9780385504201,2852
9780446525503,11070
9780385500760,6501
9780399147012,6156
9780670892969,5653
9780688180638,32
9780316789080,669
9780451197276,10231
9780425184127,3000
9780151001002,3105
9780385505833,7352
9780679442790,1316
9780679442790,1942
9780525943860,4364
9780609605929,8522
9780060191924,11440
9780743206044,10068
9780684864846,1112
9780684867816,12481
9780743406178,9533
9780380978533,8601
9780679603351,7370
9780679410430,15111
9780446523561,11070
9780671042554,6855
9780679450443,12471
9780140107647,7167
9780609606728,6758
9780446527798,11070
9780446531337,11070
9781570717253,14829
9780060192631,6518
9780385420167,8660
9780385420167,2124
9780385420167,1932
9780385420167,491
9780385420167,14547
9780345339713,6130
9780525944638,14995
9780393040166,13456
9780399147128,11169
9780670031047,6465
9780394574745,2706
9780316969444,6385
9780743230056,10068
9780743230056,1963
9780316693202,6385
9780316693202,575
9780684868912,12481
9780842336215,14870
9780399148583,7436
9780399148583,7377
9780684864327,1112
9780525944836,4364
9780345428905,13250
9780451176813,9024
9780671525798,11660
9780718144531,3504
9780446602082,6552
9780394551425,2584
9780394551425,13703
9780064407663,8842
9780064407663,1648
9780007100224,10202
9782253148531,1600
9782253148531,11213
9782253043973,4837
9782253043973,2581
9782020315494,9310
9780747549925,5857
9780743462334,6206
9780140253580,3154
9780947782146,8976
9780571203543,11929
9780349101774,5890
9780743222228,6206
9781854795496,3064
9780140292916,7509
9781854795557,10521
9781858813097,12384
9782871290919,15478
9782871290919,6711
9780198604020,12123
9781842151051,4796
9782253063339,1313
9781860198595,622
9780767908474,411
9780767908474,4166
9781842040157,2224
9780140622065,5259
9780571209521,11929
9782264009302,1600
9781841952932,205
9780890877562,5680
9780890877562,8018
9781405200677,2
9780416196771,10
9780747538066,4382
9780375501340,4202
9780060927240,13136
9780316776967,3210
9781563410291,8911
9780060934712,11018
9781886383425,2354
9781888451085,8723
9780451450258,4855
9781555835958,8721
9780395877562,1938
9780962893865,6707
9781555834531,4316
9780393318432,3304
9780889740822,8057
9781563410444,3704
9781563899386,6992
9781563411144,7149
9780553579680,9505
9780553579673,9505
9780451181374,3266
9780786889167,6781
9780345370747,14463
9780553574173,42
9780553574166,42
9780553574159,42
9780312287245,9450
9780679801146,14379
9780446300100,2035
9780821750414,13351
9780425142486,3266
9780451456540,10298
9780060006044,6041
9780312906559,4768
9780312906559,1813
9780440117292,15120
9780425049983,7537
9780374386672,10900
9780786886463,2496
9780345395375,11094
9780380788491,6515
9780307215345,7903
9780374343385,10900
9780345403339,8820
9780440226697,6222
9780440219606,6222
9780767903288,11406
9780345429179,12375
9780385299299,14581
9781573229579,11079
9780345418777,3745
9780517201657,2662
9780743211383,13916
9780399143700,12619
9781884777806,582
9780312977900,9697
9780812521337,8196
9780812521337,15137
9780451205421,3266
9780894342783,11645
9780440218531,11827
9780449207598,4426
9780670844593,7448
9780394575131,3870
9780394559483,13700
9780804001946,4703
9780590897983,8024
9780689832871,8363
9780689832871,13218
9780689829697,1982
9780689829697,12460
9780439042918,7968
9780064409452,1818
9780064409452,11698
9780064405058,1818
9780064405058,11698
9780439221658,13580
9780152162443,3469
9780152162573,3469
9780152162504,3469
9781562477523,2007
9780439221672,12154
9780439221689,13573
9780439221689,12154
9780439221719,12154
9780439221702,12154
9780439221733,12154
9780440415992,8850
9780895872104,6190
9780689835858,567
9780689835858,1687
9780345391803,3745
9780440219071,9152
9781854245977,1723
9781854245977,11608
9782080105431,8153
9783499133589,10691
9783257201765,11454
9783404121687,8320
9783404121687,4844
9783404121687,9173
9783404118960,8320
9783404118960,7966
9783404118960,14656
9783404118960,4843
9780345356574,13937
9780345346971,13937
9780753804704,1316
9780451155757,13916
9780786890439,4240
9780786890439,7744
9780786890439,13916
9780415928083,14728
9780415928083,13293
9780521427159,7244
9780812923278,12813
9780884111344,1621
9780345428547,10362
9780671694043,3745
9780809015825,8605
9780449006559,808
9780373250332,1974
9780380820443,2002
9780385497671,6215
9780385497671,12240
9780385497671,10210
9780451454249,9798
9780941423045,558
9780373871568,2056
9780553101430,9228
9780898151916,6138
9780835949361,872
9780880701105,2249
9780399145636,14748
9780312853235,11264
9780688048730,14947
9780688048730,6077
9780425161722,14748
9780425161722,13993
9780385493802,7352
9780849916397,15210
9781928791102,1735
9781928791102,10007
9780671751456,13129
9780440211723,7352
9780877192824,773
9780380002450,8100
9780793133956,8466
9780793133956,8466
9780394178011,3617
9780425134351,14748
9780385479684,15454
9780385479684,10383
9780380754854,1890
9780380538508,12482
9780446611626,10395
9780671742560,7802
9780515122404,8964
9780440222811,7402
9780451204059,7373
9780385333344,352
9780449131541,5772
9780440120476,5827
9780451188205,6946
9780451188205,3591
9780440130918,1250
9780449001950,9645
9780345404770,12471
9780451185273,4039
9780440224822,2953
9780671779337,962
9780515134360,2093
9780380759491,12040
9780380759491,12039
9783442098422,811
9783442098422,10553
9780394578798,15184
9781558505377,14775
9780373245697,9144
9780743201070,13518
9780689835711,13712
9780553256789,124
9780892967995,9839
9780061064500,13605
9780061064500,1353
9781551668789,5670
9780836230864,3365
9780381999865,6014
9780380817146,4189
9780380752119,13625
9780553212587,4295
9780446364768,13663
9780425166611,12875
9780613129756,4698
9780765341976,7219
9780590514774,6462
9780373037438,12280
9780064472777,10267
9780553581270,14383
9780373750016,2135
9780393030341,12387
9780553561616,14376
9780312422158,6807
9780425139066,1407
9780450029950,13415
9780450029950,4830
9780130139160,6279
9780373196746,14446
9780451524485,8100
9780451524485,1131
9780140065176,7786
9780440221654,7352
9780373123483,13312
9780373123100,5644
9780590225175,1521
9780590225175,1520
9780399143168,12875
9780441322312,5037
9780425124345,3270
9780786889709,6348
9780312282998,10392
9780425137949,1147
9780425128923,1147
9780425113899,1147
9780394820378,11208
9780394820378,7861
9780449134481,10379
9780140363364,7237
9780375821813,1891
9780812516821,2004
9780345348036,15386
9780679420118,9541
9780871137388,9826
9780741409690,7602
9780741407214,7602
9780759612273,7602
9780741402851,7602
9781585007363,7602
9780741411273,7602
9780741403476,7602
9780741403780,7602
9780741403056,7602
9780741405784,7602
9780741402912,7602
9780553568769,10525
9780345381842,12471
9780140620122,4294
9780140620108,6482
9780375420825,161
9780671745530,3745
9780805062977,2515
9780553211412,4294
9780671510053,3842
9781573229388,83
9780945397410,5566
9780385334037,11062
9780060914653,10686
9780345347534,12040
9780553213133,8578
9783473540426,5757
9780375507250,3175
9780060529703,7606
9780876850862,2187
9780140274158,6162
9780679743460,5580
9780375704024,5580
9780375704024,6644
9780874067392,4627
9780874067392,4842
9780590484756,11424
9780451527035,6168
9780451527035,263
9781590520772,1761
9781590520772,3137
9780590484671,11424
9780975311257,9488
9780743237185,728
9780553586121,6000
9780553584516,9078
9780345341204,4564
9781551662749,9019
9780440175629,1250
9780440216841,1250
9780345443281,14108
9780553285659,13589
9780394800134,3805
9780394800134,14523
9780060972776,14719
9780064401470,6021
9780064401470,10226
9780156001946,9858
9780553263824,4945
9780345418012,7370
9780684801469,4432
9780393961195,316
9780393961195,5747
9780393961195,15503
9789997522054,4286
9780872203495,12048
9780872203495,7415
9780872203495,2812
9780872203495,7414
9780312420147,7587
9780911104547,1067
9780375401312,7833
9780140253603,15477
9780671789428,366
9781566193962,13889
9780140169300,15168
9780140077025,3559
9780679732761,12179
9780553273601,6024
9780553273915,6024
9780060256678,13559
9780060256678,13559
9780395927205,6963
9781859671504,9124
9781859671504,14491
9781859671504,14053
9781859671504,13256
9780810935624,2259
9780060928339,12278
9780671003753,15170
9780553268447,14783
9780684844725,14930
9780395051641,13288
9780395051641,5069
9780375705229,14968
9780380015030,4837
9780835607865,5164
9781585742189,7447
9781585742189,10849
9780806996028,14136
9780440215622,3445
9780316777735,3210
9780375501852,15595
9780877733751,10973
9780805019360,14102
9780140070200,15406
9780140236583,1561
9780140042399,7509
9781590520659,12206
9781590521991,10892
9781590521991,2676
9783446202214,9675
9783446202214,5688
9783499134449,959
9780671425173,2839
9780671726881,2617
9780446601245,6385
9780451124340,13916
9780345384461,811
9780446604802,6385
9780345422392,811
9780679734772,13307
9780440414711,4933
9780689715624,9678
9780689715624,15297
9780812539387,14383
9780152013363,13603
9780425124819,1147
9780345409461,1897
9780345409461,684
9781558747340,8453
9780373250172,937
9780763615383,10455
9780965975407,3251
9780965975407,11362
9780965975407,9682
9780965975407,10963
9780141001777,13496
9780689309359,10996
9780451523365,10140
9780786884629,8051
9780449005569,2570
9780671027346,13869
9780786927081,9650
9780786927081,14860
9780684831053,6047
9780060194918,6024
9780060194918,9635
9780684819068,14313
9780375420672,5435
9780140368550,4169
9780395353417,5507
9780066211619,6024
9780066211619,9636
9780312254162,3160
9780312254162,3795
9783453147249,15527
9783746611228,2451
9783492229333,4853
9783453177802,2052
9783423009157,2386
9783596133314,14556
9783822813393,12043
9783426871874,2458
9783453171978,12821
9783423620000,7715
9783423620000,4845
9780345375223,6130
9780345375216,6130
9780345375216,2505
9780345458292,5433
9780140042528,6162
9780380789030,11018
9780446677578,11356
9780345358790,981
9780060964047,959
9780380558483,6635
9781558171398,6057
9780425121047,10456
9780441317509,7451
9780804102278,12255
9780812551389,6183
9780345298980,13937
9780345316998,13937
9780345310422,13937
9780345310309,13937
9780345310293,13937
9780345310118,13937
9780679734055,11855
9780451130440,6156
9780553266504,11619
9780440206156,14581
9780345370778,10398
9780441366941,12890
9780441366941,11475
9780441366941,7103
9780441366941,6253
9780553574838,5464
9780553574838,2019
9780915950836,4265
9780060242381,1426
9780452265349,1044
9780743457941,4564
9780373484225,11169
9780553205756,9768
9780060171513,13673
9780312421007,11569
9780786000982,467
9780380789016,11018
9780451135988,7326
9780380018178,2662
9780679004783,4603
9780684825823,7
9780517395752,3718
9780671014209,7768
9780679457312,1021
9780394557434,804
9780553571653,8762
9780312169787,665
9780942257328,6752
9780805008951,9248
9780786866274,10296
9780151000630,1247
9780151000630,512
9780140266771,1984
9780156444507,366
9780679723424,15111
9780441004010,14689
9780671500542,6688
9780140620337,11271
9780460878265,13289
9780460878265,7235
9783257061260,11706
9783257061260,2699
9783453210998,1118
9783404126668,829
9783453177628,11070
9783453177628,14250
9783453863590,5481
9783499108518,6896
9783518367063,5753
9783453199767,13869
9783746670140,2598
9783746670140,14641
9783453088436,15527
9780425137017,9023
9780425137017,737
9780425137017,4054
9780425137017,3437
9780553572490,6493
9780553576979,9228
9780451450609,15453
9780441001330,13762
9780451454676,3402
9780373257072,13128
9780441435357,9061
9780373092239,1996
9780373057290,2439
9780373058440,1509
9780349103235,5890
9780571197774,10686
9780679745655,14895
9780571200382,15063
9780785268482,1342
9780785268482,2987
9780785268482,13995
9780140445039,7198
9780140445039,10449
9780140445039,10432
9780851707778,14567
9780006276197,112
9780551031128,112
9780551030688,112
9780551032514,112
9780551032514,1698
9780006498407,4690
9780140431261,14580
9780099771517,988
9780486265865,13934
9780671025359,719
9780876855577,2187
9780330376136,6324
9780140272659,15473
9783407780027,6614
9783407780027,6614
9783407780119,6614
9783407780119,6614
9783257250398,6670
9783257250398,6672
9783257250053,6670
9783257250053,6672
9783257250466,11974
9783442435951,2593
9783442435838,4529
9783442435838,15543
9783608919721,964
9783608919721,2616
9783608919721,2455
9783453132269,2573
9783453132269,10158
9783794116645,15081
9783794116645,3672
9783407805737,6614
9783407805850,6614
9780385720922,2515
9780385498722,2515
9780972948500,7463
9780972948500,195
9780380813810,2485
9782070372294,10596
9782264030542,5853
9780030615320,4813
9780836217636,4927
9780140099836,4896
9780385314749,154
9780316107419,1292
9780894803703,1097
9780449221167,3504
9780553801033,13884
9780590457224,11424
9780316929196,5071
9780553052848,12578
9780140390698,9239
9780140390698,4067
9780140390698,4066
9780439404372,2709
9780439404372,11245
9780939766024,13779
9780939766024,6053
9780679741015,1858
9780345307675,6340
9780425071427,12605
9780345297686,800
9780766607118,9239
9780766607118,3431
9780766607118,12356
9781573225786,6368
9780380754847,9233
9780380754847,87
9780345368942,800
9780345331601,800
9780425050804,4385
9780441009626,12615
9780553296983,778
9780553296983,1087
9780553296983,4080
9781895383126,9924
9780375724572,11163
9780671638849,1729
9780553140439,15384
9780029087107,2607
9780425050750,5432
9780345285546,14463
9780345285546,2986
9780345290243,14463
9780345301871,12040
9780451169532,13916
9780671683900,8633
9780385335881,13750
9780385335485,13750
9780553258004,7370
9780671679620,7837
9780375704048,11246
9780373871278,2056
9780373484072,836
9780805063882,1117
9780689860201,12141
9780671568801,2046
9781573228565,12151
9780553582659,9273
9780515133998,6650
9780373218400,11169
9780449217863,7100
9780671573027,8279
9780671573027,8279
9780517006450,1776
9780786867080,11837
9780786867080,14723
9781569471807,4109
9780374216498,5833
9780312274573,7350
9780316825337,9917
9780871137630,7391
9780679419150,10774
9780060192891,14821
9780826308795,4608
9780140259193,14921
9780345435248,5312
9780441003259,11018
9780441003259,14477
9780451202505,13530
9780446606813,11070
9780671028374,8246
9780451181466,6805
9780399149757,11036
9780345384737,9962
9780671759360,14954
9780830724987,13899
9780399146008,12875
9783442720002,3876
9780515132632,3642
9780449906712,6756
9780688124403,1180
9780929587080,6313
9781559701174,12301
9781559701174,9719
9780688105402,7944
9780871130297,12806
9780440500094,8308
9781570362088,8628
9780060930530,1139
9780375702709,4434
9780449909287,792
9780671038182,1644
9780060916503,15613
9780756401450,7769
9780963270702,13260
9780399242564,4826
9780552996006,1427
9780708881293,800
9780708881293,12997
9780142000663,7509
9780590542449,11954
9780590112895,11954
9780590660549,11954
9780345361790,7370
9780552999519,7831
9780416195132,12928
9780855030223,9644
9780855030223,9644
9780861638529,4338
9780861638529,10214
9780575073319,6268
9780575073005,6268
9780394404288,7983
9780006369882,8955
9781578562336,6512
9780345458919,14487
9780385312585,11242
9780060929886,1391
9780140317930,10415
9780140317930,12185
9780743225403,855
9780553256697,2713
9780553256697,7502
9780553256697,4198
9780785263784,1573
9780785263784,1711
9780802433244,9915
9780375413087,9890
9781400034772,279
9780385333030,10527
9780451163752,7326
9780440414520,3724
9780786885688,13984
9780671880187,1093
9781558506459,716
9780895773531,12254
9780385247740,7640
9780385247740,1466
9780385293549,1250
9780802069344,3831
9780671721039,6020
9780671311896,1731
9780345387004,14463
9780375705045,4021
9780767902526,1427
9780892967049,7179
9780553377866,1019
9780553377866,9613
9780472113651,13552
9780609608449,4408
9780670032426,13412
9780915811335,2868
9781558744608,6137
9781558744608,9900
9781558744608,6863
9780804107532,512
9780451526502,9898
9780345325815,6130
9780440237679,11007
9780141310886,8756
9780439090131,2382
9780140244823,10107
9781556430688,1684
9780964782600,1684
9780964782600,10332
9781556431524,1684
9780553346763,3187
9780884043140,8569
9780743221993,6800
9780312983215,13871
9780553486414,7549
9783478088534,11842
9783821807058,14295
9780865532168,15279
9780590406406,3728
9781566197151,4627
9780805210316,1079
9780805210316,15558
9780312279998,8094
9780385508414,7352
9780385510431,7352
9780848705459,14190
9780380723638,11036
9780718001049,14606
9780307132666,3486
9780812515725,12627
9780373169870,10768
9780890842799,5275
9780385324052,7832
9789505470013,12221
9780609602539,7604
9780425185711,2623
9780061030659,11542
9780425178775,6156
9780553575613,12830
9780671578398,4742
9780425095584,12467
9780451409089,10408
9780312982508,13871
9780061095948,11542
9780671527211,3745
9780486203072,15313
9780671522810,12201
9780618074716,12344
9781400062881,1845
9780618045990,12157
9780312303037,11078
9781931520034,1950
9780671318314,13762
9780553377873,14783
9781558612815,3941
9780140254488,6465
9780060934415,712
9780671793487,10068
9780174434641,15462
9780174434641,3837
9780679772675,7591
9780312983826,6839
9780449149676,8522
9780449006344,8522
9780553568189,9273
9780451191151,1065
9780451191151,8879
9780440224624,11062
9780451523068,6482
9780451523068,5295
9780451523068,5295
9780743418171,6866
9780451526298,6482
9780451526298,9607
9780440214427,4268
9780451187901,6482
9780451187901,9607
9780385491051,9595
9780671036508,1112
9780553213508,299
9780446605892,3713
9780394758282,12236
9780671004569,10068
9780345370808,15303
9780375703058,8279
9780156006521,669
9780156006521,15082
9780446673549,1863
9780140256369,4837
9780140256369,3938
9780312243029,10399
9780316789844,669
9780679761839,3463
9780385490443,9595
9780380725397,2966
9780345316776,14173
9780375700750,2201
9780070212572,4538
9780385480017,792
9780061098369,11440
9780061093098,14173
9780821758953,6503
9780679729914,12586
9780451411013,9934
9780446611237,3768
9780446611237,8982
9780553580075,8441
9780425189412,6156
9780812909371,15457
9780812909371,15073
9780451410917,8913
9780316781268,669
9780486280615,9898
9780743405973,2128
9780671032654,13916
9780446607834,5286
9780446607834,542
9780451402103,6908
9780373250226,6534
9780380817689,9701
9780671701055,13884
9780671000387,10311
9780061012532,6189
9780671689230,3812
9780380814022,10267
9780373711024,2060
9780373710997,9192
9780373711109,3343
9780440217800,3316
9780373711123,12280
9780373711116,9649
9780373711130,9799
9780061098796,14821
9780791423547,3969
9780791423547,1580
9780375725784,3006
9780465016143,5758
9780465016105,5758
9780373226511,7916
9780380012770,11271
9782253139225,1313
9780142004036,6630
9780452281783,15276
9780375704550,13455
9780385336567,14107
9780743230216,3671
9780345436917,13585
9780452284487,3477
9780802135193,6220
9780440217527,13352
9780373834983,13845
9780679450542,6519
9780451135551,9452
9780345339706,6130
9780345339706,6130
9780380395866,12363
9780670030644,6630
9780060929596,7272
9783499232879,5935
9780374516901,7441
9780440131489,8539
9780609600740,15013
9780609600740,4391
9780375707421,14324
9780375707421,1942
9783453151932,14748
9783453151932,9968
9783453151932,5626
9780231105590,9819
9780590317825,10909
9780140562323,6994
9780590447317,717
9780440940005,13437
9780440401117,14621
9780440203155,9256
9780812565959,11264
9780345366283,3130
9780880387484,12368
9780880387309,12368
9780880387309,6780
9780425163382,7213
9780743444057,10231
9780061056109,11462
9780671042264,6800
9780425157534,7494
9780553585681,8271
9780553585117,8271
9780886777692,7907
9780743212007,10068
9780743212007,1963
9783426650752,4487
9781854877178,6468
9780380803521,4974
9780373152650,1387
9780373152650,2003
9780373152650,12280
9780451404039,1114
9781583140352,15102
9781854879073,7843
9780821728321,8940
9780373483976,11169
9780380773152,858
9780380773152,1231
9783404100262,8320
9780679731146,11857
9782070417704,11946
9782070417704,12956
9782070360079,4432
9780786889372,3761
9782207245811,11946
9782207250471,11946
9782207250471,12769
9782290331408,11946
9782290331408,1766
9782070426812,11946
9782290305256,11946
9782070364282,7509
9782266128568,236
9782070363100,3922
9782253152279,11706
9782207252000,9904
9782207252000,2579
9782253170457,12875
9782723409827,9480
9782723409827,15029
9782070415687,92
9782070415687,6663
9782258036994,11946
9782207251751,11946
9782266000482,12323
9782070360420,220
9780394822860,13777
9780394822860,6451
9780874493801,46
9781569870945,14122
9781569870945,12437
9781579730277,3536
9781579730277,12047
9781579730277,3534
9780307177094,9473
9782253004899,6679
9780812094275,910
9780812094275,600
9780812094275,6823
9780380600120,9378
9780380600120,1710
9780451522382,5432
9780451522382,7258
9780425169322,2053
9780821768280,4564
9780316693325,6385
9780553283686,2877
9781841215457,13024
9780064410359,12112
9780007108640,14000
9780007108640,13961
9780064472937,6041
9780590629829,7976
9780743412278,13916
9780140089585,7448
9780316140652,10173
9781559277785,6554
9781559277785,9175
9780345367891,811
9780205280858,9761
9780205280858,15364
9780553110722,1666
9780553110722,8394
9781558534247,1796
9781558534247,13954
9781558534247,8621
9780553580273,1666
9780553580273,8395
9780553580273,13952
9781560980087,10059
9781560980087,1981
9780679412274,12200
9780803281738,4340
9780345396525,14463
9780440455332,7280
9781860462993,13458
9781860462993,4327
9780679452287,11537
9780811807159,15423
9780393029192,15069
9780393029192,1726
9780385425681,9887
9780312169657,1258
9780785324713,9269
9780449912553,10050
9780449912553,10050
9780934257343,9436
9780312205874,8773
9780312205874,10903
9780670867141,8916
9780670867141,12944
9780805051735,12563
9780449300022,15035
9780449300022,2200
9780449300022,6338
9780684835983,10068
9780440226437,7832
9780385721356,6843
9780312316167,3543
9780764504501,3738
9780894808296,945
9780894808296,5617
9780894808296,13291
9780767912235,6499
9780971453210,4918
9780971453210,12635
9780971453203,4918
9780971453203,12635
9780785268031,3407
9780785268031,1159
9780743201735,3097
9780743201735,14758
9780894805776,945
9780894805776,5617
9780894805776,13292
9780440177494,7103
9780553232059,12090
9780312269104,1718
9780062502179,11706
9780688177751,671
9780345438324,114
9780345401120,1235
9781593160159,1109
9781593160159,1745
9781593160128,499
9781593160128,10351
9780451209436,4390
9780451209436,4390
9781551669502,3454
9780375707971,1316
9780375707971,1942
9780618126989,6130
9780618126989,2505
9780060094850,12263
9780060192303,15251
9780142000366,9138
9780872860179,421
9780312191269,10129
9780312191269,7204
9780020518600,4432
9780345446862,818
9780446310499,5533
9780373482856,11169
9780373482856,703
9780373482856,2843
9780515090505,8964
9780399145087,11428
9780812590241,585
9780963641328,12545
9781574551105,2125
9780879739300,325
9780879739300,11226
9780879739300,227
9780965712514,13142
9780670829941,12863
9780670829941,7818
9780060192112,7272
9780836218251,1490
9780898707120,6214
9780805420463,1818
9780140140354,13260
9781575666525,8919
9780312990459,6554
9780440221104,2704
9780316969680,6385
9780316969680,11805
9780449207468,333
9780689109867,1781
9783518368541,10235
9780312423209,14616
9780141180632,14616
9780140283389,14616
9780786248681,11569
9780773762077,15012
9780773762077,15011
9780884041092,8569
9780884040804,8569
9780786887842,3691
9780450542916,13887
9780192817266,12768
9780192817266,4324
9780751522730,4026
9780091850401,3588
9781853260315,7863
9780140016826,8758
9780140016826,7543
9780440418566,11954
9780786014217,13274
9780441005666,7162
9780553259834,8868
9780312965334,524
9780312965334,4832
9781888740059,13978
9780061008023,8843
9781931646383,2842
9781931646383,934
9780399501487,15385
9780399501487,3852
9781575665597,15408
9783423125550,7715
9783423125550,4845
9780060514945,9100
9780425188361,8712
9780066210155,6393
9780395177112,6101
9780375411991,811
9780060287801,7771
9780060287801,1565
9783442730063,9511
9783442730063,626
9780394718965,15060
9780394718965,6322
9780192820754,8460
9780671744007,9851
9783596129386,5728
9780915308781,13445
9783423620192,2090
9783423620192,14717
9783423620192,14909
9780743203319,2664
9780425177174,2623
9780425172551,7183
9780440224761,7352
9780553572995,1840
9780345430762,13861
9780380727506,1427
9780312423797,1047
9780743249881,9844
9780316089746,15358
9780375422171,279
9780345440778,3077
9780345440778,8829
9780440208914,1250
9780061093104,14173
9780373218196,11169
9780515120004,11169
9780515127393,8964
9780345433084,7263
9780345416261,3666
9780385494786,7568
9780385486804,7568
9780385512107,9857
9781555973988,10545
9780451180209,12739
9780895871985,7772
9780895871985,8309
9780895871985,7756
9780895871985,3814
9780198811022,5410
9780525237709,7370
9780399142550,11831
9780399142550,2118
9780340649763,5681
9780440236672,7352
9780553295078,5979
9780316291163,7326
9780449208397,4426
9781590171011,11195
9781590171011,11954
9780060505271,2414
9780752999951,10398
9780702229961,10893
9780679771470,2355
9780684848594,9417
9780312151256,9411
9780064405171,13509
9780684821191,2396
9780061056871,3264
9780061056871,12960
9780061056871,13989
9780590988308,3267
9780883659656,10544
9780883659656,10455
9780440235163,11062
9780767903820,1427
9780330357807,7954
9780425158616,11428
9780307001382,9653
9780307001382,2759
9780595157938,13563
9780702231087,463
9780140143591,1886
9780062502186,11706
9780060175405,1139
9781573221771,11216
9780913367049,8823
9781888698350,13242
9781888698350,12594
9780913367179,343
9780933121249,11273
9780312168148,524
9780312168148,4832
9780451528186,857
9780451528186,1788
9780451528186,11015
9780671537456,14476
9780786014743,3568
9780517573822,7050
9780517573822,2318
9780877732907,8344
9780743437813,6800
9780385240406,1432
9780060116187,13159
9780394742595,4580
9780394742595,13244
9780517149256,3745
9780374517885,6021
9780850315332,110
9780312964856,3587
9780743222006,6800
9780684863320,8918
9780618127450,12814
9780618127450,10606
9780884053668,7173
9780812590234,585
9780515127225,3700
9780425161241,12875
9780451200990,124
9780679765127,662
9780312982195,1408
9780312982195,5126
9780312982195,4658
9780312982195,10782
9780451195920,2917
9780425169865,11428
9780425169865,11434
9780345380371,10398
9780446609326,6385
9780316690614,6385
9780446610032,6385
9781551432342,663
9780891074755,13982
9780449222270,808
9780440224600,12901
9780451201553,13949
9780061032073,6802
9782253004240,5375
9780679459620,7596
9780812566628,12646
9780816614028,5165
9780816614028,4559
9780816614028,1681
9783518390474,11895
9783404145782,14574
9783596113354,11269
9783453189447,14364
9783462031256,5502
9780671001704,7768
9780782125559,955
9781555217532,4311
9780843943764,3593
9780553583083,6493
9781892051004,9504
9780805019377,14102
9781587991035,81
9781587214769,1553
9780802130495,6162
9781857931464,8731
9781857931464,10222
9780380717088,6795
9780380712175,6795
9780380706723,6056
9780380706723,6795
9780767904285,2309
9781558747470,9900
9781558747470,12230
9781558747470,8452
9780440512158,8848
9780130179623,2718
9780130179623,7535
9780273649946,3090
9780072453904,13327
9780130305060,14956
9780130219190,10361
9780028626956,683
9780028626956,7479
9781884822735,4563
9781884822735,11394
9781884822735,10051
9780140272949,8758
9780140272949,7543
9780375700385,11198
9780006550785,4986
9780140004427,5293
9780812517033,2004
9780385492089,7568
9780451524829,4946
9780451524829,10234
9780877287384,8086
9780465090976,13839
9781931412674,8704
9780670848546,3662
9780684829746,9335
9780425130216,8539
9780061000171,14821
9780312971366,6503
9780061097652,11250
9780060179359,812
9780679764021,3105
9781558532168,7753
9783125918108,8738
9780064408325,4642
9780743457354,13916
9780743456869,1963
9780743456869,10068
9780440235460,597
9780312251895,3803
9780440227731,15283
9780345425706,497
9780765342294,11264
9780451821973,4896
9780670894499,14229
9780060394448,175
9780385508988,2500
9780385508988,428
9780375411816,546
9780060933951,181
9780385491327,4553
9780345434692,800
9780553131895,800
9780374177027,13241
9780767903516,13144
9780452280908,12927
9780425167311,345
9780316314640,4227
9780345402882,10398
9780061073090,618
9780786808779,10392
9780553234602,800
9780553258547,800
9780802713667,13070
9780440237686,9152
9780679884392,9526
9781582970264,15540
9781566091442,4070
9781566091442,11851
9780553577396,2257
9780671698416,9154
9780425167724,5896
9780061056604,7231
9780609610596,6690
9780446519960,3035
9780374281601,13444
9780140251838,7073
9780399519833,13683
9780425159798,13615
9780140255379,4678
9780394543970,12770
9780060970796,11248
9780156787338,15098
9780448095301,2046
9781569314197,149
9781569314197,7982
9780060908546,3494
9780060908546,13286
9780028606354,342
9780028606354,2866
9780028606354,5731
9780028606354,11048
9780316182546,6557
9780553343878,11402
9780553343878,7821
9780881845907,12394
9780446355223,3713
9780061030956,15400
9780316919890,3089
9780553299502,7596
9780446611619,10395
9780446604659,1891
9780553282474,9595
9780449212608,9595
9780684867625,13916
9780451147370,7596
9780345413901,7596
9780451178039,7596
9780590634274,2996
9780330294379,2625
9780061031564,2513
9783257228007,11545
9780553582147,6000
9780743202961,719
9780060002497,6396
9780399148620,10720
9780786866465,2496
9780679426158,4538
9780671020316,14954
9780316569323,6557
9780671690717,719
9780679732242,15377
9780451117670,11615
9780451402257,7106
9780425133019,2886
9781558175327,12097
9780449214985,7534
9780515090178,8964
9780515095821,8964
9780515111279,8964
9780671555238,2401
9781570719585,14653
9783492232982,13189
9783492232982,9984
9780553580877,8375
9780385475716,9595
9780345290236,14343
9780345441751,15346
9780425045251,1251
9780689825231,10962
9780553375404,2938
9781863714082,3226
9780151006908,14921
9780151006908,15484
9781931561280,14729
9780380803507,8175
9780679744474,6744
9781562477677,14973
9781562477677,11074
9780789414700,2452
9780789414700,5304
9780789414700,8071
9780425115800,3266
9780345454072,7495
9780312983659,14959
9780671024246,13916
9780553582932,3266
9780671034023,7910
9780440208143,9446
9780440208143,7146
9780451151254,13916
9780375727139,711
9780446607711,3035
9780765301956,5343
9780140296457,8634
9780445085619,15065
9780345416889,11264
9780312874001,2193
9780028621234,4861
9780028621234,2535
9781593080747,3950
9781593080747,10217
9780380771295,4223
9780380771295,14459
9780805051582,13857
9780312314255,4223
9780312314255,14459
9780445202719,10513
9780316136778,15062
9780385483506,2344
9780590486101,757
9780060187279,9248
9780385497282,2344
9780385489515,2344
9780345386250,1486
9780879517984,14383
9780131554252,12439
9780679725169,6732
9780618302451,13354
9780060154561,14932
9780060154561,9601
9780312278670,5753
9780312278670,1215
9780060512804,11003
9780060901011,236
9780060901011,9967
9780060930073,9248
9780060972455,9248
9780805012477,5753
9780805012477,7668
9780060975548,9248
9780375704000,488
9780609806500,13034
9780965624770,13792
9780060977504,9248
9780553263961,1201
9780812505160,4294
9780440234821,13360
9780393312805,6012
9780446525800,3035
9780446516570,11032
9780312868307,11995
9780380752294,3450
9780345434777,4865
9780786005994,15545
9780385254526,12521
9780060170448,12706
9780590431538,15500
9780712646222,2310
9780749318369,1112
9780515122497,2093
9780515129021,6652
9780812530315,1147
9780552138222,3417
9780515131093,6117
9780515131093,8712
9780515131093,14185
9780515131093,9459
9780380791385,8263
9780091880958,256
9780563537328,14813
9780563537328,1193
9780140265682,6465
9780140257939,6465
9780140254549,6465
9780446603706,11231
9780446606721,11231
9780451524935,5055
9780451524935,4394
9780679721819,5238
9780345392824,10117
9780060182793,7458
9780393038446,7584
9780737020120,6564
9780737020120,2521
9780737020120,12406
9780679745648,14895
9781569470909,14112
9780671027124,10068
9780375412974,7673
9780449225158,8320
9780590449731,12573
9780590449731,4271
9780892816569,14394
9780765342409,11264
9780345350497,9798
9780689837074,5799
9780671041175,2474
9780671041175,10906
9780312976279,6554
9780767905183,6499
9780743482899,9019
9781551666204,9019
9780373242320,11169
9780373709106,3343
9780517077740,13303
9780449210192,2195
9780373709618,4546
9780373510221,12862
9780373301522,8816
9780373273195,9734
9780373301621,11348
9780373271863,8436
9780373240227,11169
9780590353427,6122
9780590353427,10067
9780373764143,8150
9780373259281,3650
9780446529785,13303
9780446527675,13303
9780743246910,10068
9780373301843,836
9780373708352,7779
9781551664699,5605
9780789491862,12975
9780789491862,14138
9780373835423,6650
9780373835423,469
9780373835423,12283
9780373691159,10949
9780373301539,12262
9780373258673,6439
9780373301744,2755
9780312968250,14282
9780451205650,3470
9780316089692,669
9781551669403,12903
9780373708314,9670
9780373706549,6610
9780373871940,8126
9780671671136,2623
9780449287095,12870
9780671700089,12480
9780821724231,11313
9780380804672,5415
9780812516197,6682
9780425109267,5020
9780380710003,8556
9780553126914,2738
9780553209235,5561
9780140348101,6668
9780884092094,7940
9780884092117,7940
9780803263727,15328
9780803263727,2237
9780803263727,8059
9780060506674,8676
9780375701429,11958
9780553135459,15472
9780812504361,9898
9780380000838,12956
9780380014309,12956
9780895773579,9489
9780330312363,11857
9780330312363,7781
9782277238928,14477
9782277238928,11018
9782743606787,12035
9782253001270,778
9782253001270,11280
9782253001270,11977
9782253001270,6035
9782253047421,11545
9780553255140,9228
9789500703208,4837
9780345406514,2743
9780312281250,10960
9780385490467,6585
9780060936365,6024
9780380821013,6024
9780849943669,637
9783453099616,11169
9781574534108,11264
9781574534108,3039
9781574534108,13426
9780380977741,2043
9781558747029,6137
9781558747029,9900
9781558747029,8452
9780618050147,10393
9780312774844,1156
9781579213404,5602
9780671708634,13936
9780812970104,124
9780812970104,4154
9780375727566,7673
9780373630462,764
9780671676650,4622
9780553250657,3727
9780399139123,2680
9780553377880,14783
9789679787832,14899
9780609605622,2255
9780451195500,8913
9780061012280,1172
9780451195494,1153
9780061092084,1172
9780425162781,6902
9780425162781,14748
9780425162781,9969
9780451208811,14084
9783404920914,1015
9782070419876,250
9782070419876,4725
9780345342966,12221
9780192860927,12396
9780812550702,11264
9780553580303,1666
9780553580303,8385
9780553580303,13952
9780441102679,4685
9780441328000,4685
9780441294671,4685
9780441104024,4685
9780345443687,811
9780061012143,11852
9780890420256,484
9780345378484,10398
9780671758899,10068
9780345348104,10556
9780451177094,13916
9780778800224,3667
9780345422385,811
9780441328093,12890
9780684818863,6428
9780525463313,10
9780525463313,4430
9780812513752,12736
9780812550306,12736
9780812513738,12736
9780312852481,12736
9780765348449,12736
9780765348432,12736
9780812511819,12736
9780871401182,13671
9780871401182,6408
9780394712444,4470
9780671722722,15462
9780385029551,13769
9780385029551,7376
9780070419360,13798
9780070419360,7493
9780070419360,10229
9781929194193,14121
9780553351705,10756
9780285632653,12218
9780804832465,8361
9780804832465,6197
9780375705090,4470
9780375705090,2832
9780312269586,4259
9780099244929,7352
9780340612842,8954
9780413588104,14112
9780099455202,11659
9780099455202,12183
9780099455202,3178
9780702228841,6373
9780880385367,2870
9780812515602,8196
9780812515602,15137
9780451183682,13949
9783502517955,13752
9783442424627,10720
9783442424627,10264
9783310005842,7691
9783310005842,13384
9780595258932,12119
9780425122129,14748
9780812530483,2174
9780812530483,491
9780812530483,9972
9780812530483,12058
9780812570601,1791
9780812570601,7231
9780446326483,585
9780446326483,4966
9780804108829,818
9780446609982,1344
9780375726620,14413
9780892882816,6512
9781577487371,10134
9781578562329,6512
9780385484510,10746
9780060951719,14751
9780060922535,1139
9780786864133,5022
9781568360102,13362
9781568360102,846
9781568360102,501
9780062511195,10316
9780440236702,5506
9780671795931,12461
9780345380272,15346
9780440224037,581
9780767903967,1717
9781572241381,11519
9781572241381,1997
9781572241381,2084
9780345443410,8732
9780345443410,13813
9780192802545,3121
9780060928209,10647
9781592400874,9380
9780140282375,11667
9780435240769,7060
9780435240769,1051
9780316779494,3210
9780767902519,1427
9780385318099,154
9780688152529,15304
9780786863518,3813
9780375706417,5435
9780753811467,7715
9780452266681,7575
9780340697689,15232
9780130289223,13602
9780806957050,11657
9780806957050,3421
9780806957050,11657
9780517084731,15457
9780205309023,15470
9780205309023,3843
9780205309023,12925
9780735203136,13028
9780130891341,9413
9780130891341,14076
9780465021437,3158
9781565115224,14982
9781565115224,4896
9780380810338,3067
9780809225033,8836
9780618197293,12852
9781565122796,4447
9781565122796,7039
9781581820546,5524
9781581820546,10509
9780425166796,12472
9780452284050,10299
9781564146731,7522
9780767910071,11148
9780486401461,11271
9780811201094,5716
9780140621402,5478
9780140620283,7641
9780201895292,2556
9780201895292,2551
9781585420612,15234
9780553211979,6482
9780553274509,2924
9780440224655,4116
9781841492087,14765
9780345308238,1174
9780330357197,4694
9780413537904,14112
9781860467776,12719
9780671757052,2946
9780671511425,15208
9780425133545,14748
9780743469807,11366
9780590110228,12922
9780835902243,5227
9780425173756,124
9780451199874,124
9780963144836,6762
9780373196906,9012
9780373196968,14446
9780671822200,7370
9780064409438,1818
9780380752102,13625
9780425194492,11036
9780531103098,9451
9780380728121,4916
9780671722814,15462
9781563521027,6781
9780312267810,7234
9780842361712,4680
9780446527286,1610
9780743457903,7397
9780394830148,13777
9780394830148,6451
9780345384355,3266
9780060175535,11250
9780811200707,2479
9780671023379,15064
9780679748083,512
9780830819225,2317
9780425175408,11428
9780380731855,3404
9780749930721,15592
9780380009565,12699
9780380009565,8357
9780345298362,2004
9780380776511,7203
9781570422829,6392
9781570422829,1933
9781570422829,2638
9782070368075,6732
9780312874995,8441
9780425185704,15070
9780425185704,8780
9780886771560,8075
9780684862712,2102
9780552998338,1258
9780517489048,8582
9780517489048,15353
9780872260023,12071
9781855853904,11298
9781850630128,1837
9781850630128,7430
9780385304368,14477
9780385299848,14477
9781555910402,10451
9781555910402,7638
9780714113937,10654
9780713723076,2721
9780713723076,13716
9780486243450,1518
9780684859262,7397
9780684836492,6306
9780671614461,9822
9780345452559,7596
9780399147357,5323
9780740704536,13423
9780836221978,13423
9780836228793,13423
9780836221961,13423
9780836232233,13423
9780345452535,7596
9780312717414,7562
9780312717414,179
9780316602051,6385
9780316602051,575
9780688156121,4549
9781552976241,13083
9781552976241,2789
9781552976241,3787
9780440221425,12561
9780553573978,14635
9780684867588,10371
9780684867588,9796
9780451197870,13916
9780380796090,9701
9780446604666,1891
9780312860950,3756
9780312860950,8982
9780340792650,10657
9780061015724,10398
9780593043998,8801
9781855681873,15139
9780553579758,3266
9780425181201,2838
9780425181201,7009
9780451163493,8320
9780425157169,2838
9780449221488,14102
9780316154062,10395
9780312958459,10395
9780515120868,1979
9780345353146,10398
9780553348972,14783
9780446516532,12733
9780440214045,7352
9780679446484,10398
9780802116826,12413
9780846705673,1617
9780841502437,15166
9780380717972,11642
9780312028787,8644
9780807079201,12393
9780878670314,8844
9780896082175,10382
9780226067117,7245
9780393011227,5739
9780060167080,4371
9780415907415,9933
9780415907415,12060
9780415907415,7348
9780472095971,8729
9781565842106,11525
9780385239066,9926
9780385239066,5876
9780525943730,4940
9780802130259,12647
9780802130259,5584
9780802130259,15434
9780877736516,12702
9780151002238,2651
9781895857054,14875
9781895857054,10436
9781895857054,3788
9780525480372,9297
9780812822625,3103
9780890876091,10660
9780890876091,12212
9781560238768,4354
9780062507563,6442
9780553476583,11706
9780760711507,7433
9781561707232,14311
9781561707249,14311
9781561706211,14311
9781561706211,894
9780525945048,9049
9780525945048,14311
9780743400725,13637
9780553274387,13637
9781880032626,13485
9780915811892,2868
9780385315289,12369
9780440108269,12369
9780440204329,12369
9780440205623,12369
9780446676489,6392
9781577310457,4851
9781577310457,7407
9781577310457,649
9780140298475,5653
9780694524631,11261
9780694524631,11261
9780912365572,3047
9781882591275,5447
9780811812009,4992
9780809237623,9222
9780809237609,4264
9780806514093,9222
9780786860647,12592
9780671777357,4264
9780670844876,7571
9780670844876,8600
9780821211229,860
9780062508485,10279
9780062508485,6479
9780062508485,6479
9780062508485,1587
9780912776415,14
9780892132706,15
9780553255959,7747
9780385484107,1466
9780140422221,15178
9780140422221,4656
9780062509598,6250
9780062509598,2633
9780062509598,7449
9780446673716,6326
9780062500281,9366
9781577311867,13485
9780062513342,11706
9780030020780,3744
9780030020780,4527
9780030020780,14700
9780133502817,7440
9780133502817,12640
9780716724025,11314
9780525462323,10
9780525462323,4430
9780060256661,13559
9780060256661,13559
9780794505004,14245
9780794505004,13205
9780786889020,14660
9780786861323,13776
9780688149796,11649
9780671519759,1743
9780399505966,11430
9780812090383,1966
9781563057007,2774
9780889652064,2758
9780889652064,10892
9780140386646,4238
9780345337665,811
9780345351524,811
9780553205589,6325
9780449003787,14102
9780867202076,10149
9780867202076,6339
9780716723981,2818
9780716723981,11324
9780716723981,2696
9780765347534,6208
9780965921503,3338
9780471485520,2480
9780765345042,6208
9780385265706,6501
9780156935807,12079
9780713442540,12237
9780945470694,8500
9780945470694,7310
9780486293554,12115
9780020083511,12244
9780020083511,1302
9780140376418,10897
9780452281295,14239
9781573229326,11079
9780380729302,13905
9780684833767,13403
9780684842707,9722
9780316754316,8255
9780671672577,11131
9780671672577,11299
9780679743248,1643
9780151003396,11491
9780151003396,2218
9780151003396,15299
9780385424738,7352
9780060923716,9869
9780060923716,4870
9780060923716,9817
9780671617028,366
9780440224778,2953
9780345406033,10117
9780871132383,6640
9780345421821,6345
9780061057984,5317
9780373245512,9734
9780525440635,5008
9780373196500,14196
9780425130315,731
9780373123513,3447
9780373123537,9295
9780375433467,7352
9780380752126,13625
9780671704636,124
9780671543181,2401
9780671700911,124
9780671705992,124
9780671704667,124
9780373805211,9045
9780671696511,2401
9780373123087,4314
9780140390834,9898
9780140390834,7500
9780373123520,5644
9780821758175,10079
9780821758175,7054
9780821758175,1163
9780821758175,8019
9780380896936,7203
9780971942318,2377
9783455059557,4420
9780553275865,5753
9780553275865,14940
9780739307311,2852
9780739307311,2652
9783423105514,14921
9783423105514,1784
9780812090284,4479
9780812090284,9367
9780590254717,11847
9780449210079,6027
9780446605236,11070
9780553295979,11169
9780380470846,8766
9780380715305,1671
9780553291025,7795
9780812549294,14459
9780812549294,14217
9780440162049,7373
9780671739775,7768
9780679770237,349
9780312875497,14383
9780553130287,989
9780440212720,11242
9780061054266,6171
9780553299748,14464
9780671016760,14487
9780553276732,4758
9780786889044,6348
9780380720194,9851
9780380898176,8180
9780345314246,12040
9780671646578,13173
9780060955779,11706
9780679723370,2372
9780679723370,1482
9780716744481,14411
9780395629499,11868
9780395629499,3142
9780140259988,11865
9780140259988,5134
9780743458030,11760
9780743458030,14654
9780441225699,4310
9780671721725,3235
9780679745969,9476
9780679745969,11761
9780671875961,3235
9780142003404,8634
9780671577728,15255
9780451451682,14477
9780684867809,8859
9780743224574,14313
9780671010119,15208
9780671004545,10068
9780375509285,8362
9780812971064,1066
9780312422608,14823
9780802139252,8827
9780553565911,1380
9780553565911,2754
9780553561609,14376
9780439240703,12203
9780439240703,5402
9780345317582,14463
9780345335289,14463
9780345362278,14463
9780373512065,3454
9780812505047,5408
9780486270715,5408
9780140022650,7863
9780140022650,12621
9781558504189,4183
9780590629805,7976
9780590629775,8139
9780590466783,11847
9780671740900,9347
9780671740887,9347
9780380570003,97
9780380570003,4061
9780380570003,8449
9780451077233,1785
9780807842614,3223
9780345283559,1655
9780345260628,178
9780345283924,3601
9780688085278,11836
9780929634067,3888
9780898863536,2537
9780898863536,14726
9780679023753,2537
9780394707747,5355
9780425165409,13507
9780671695309,7832
9780515134384,8964
9780515124637,8964
9780671529710,12112
9780671751173,12112
9780671001865,11145
9780671001865,12132
9780345375582,14463
9780671802288,774
9780671668655,42
9780671668655,8878
9780553492415,9757
9780590109710,8140
9780590629782,7976
9780590629799,7976
9780439164566,5260
9780590448598,702
9780590448598,14227
9780590448321,708
9780590448314,708
9780553295696,2040
9780553562750,2040
9780515120615,11169
9780971766716,12733
9780201731354,8413
9780380812028,13845
9781551668420,4053
9780553583076,6493
9780804119740,4856
9780446611107,2548
9781551669465,4053
9780821772256,6552
9780060009243,12144
9780380819614,4126
9781551668529,13060
9780312989200,10215
9780451208293,9085
9780843950519,2079
9781551665962,4053
9780843950670,8830
9780451208156,9921
9780060001452,15043
9780060002053,13845
9780373123216,3447
9780843951349,2679
9781551666761,10879
9781551666853,12260
9780451208415,2079
9780061032097,14151
9780312989439,1633
9780446611299,11349
9780843952056,13318
9780380812974,7793
9780345447173,1869
9780553583564,9449
9780804119955,9007
9780843950809,9447
9780553583908,7711
9780373292226,7819
9780060502317,14098
9780743436830,7109
9781551668925,5604
9780060001445,15043
9780451206756,11487
9780440236405,2548
9780380814794,7203
9780843949636,2079
9780843949728,8830
9780821771204,10285
9780312979492,11249
9780440235965,2677
9780380811069,9089
9780440224051,2953
9780140255089,11855
9780684866048,8043
9780688164300,4285
9780060392703,2338
9780671743222,15149
9780385483810,14549
9781556590412,11325
9780399517402,9739
9781885171016,1394
9781583940679,1545
9780804110860,7925
9780446400688,4262
9780425102312,5091
9780393048568,7233
9780399143335,8964
9780962455742,13908
9780441001866,1671
9780441000319,1671
9780515118247,8964
9780743456821,9576
9780312311353,15517
9780671743567,1927
9780385335836,8698
9780743262170,200
9780515130386,11169
9780804119351,4538
9780142004234,7509
9780515135060,11169
9780595197125,884
9780595197125,7331
9780689859373,5799
9780689859373,14815
9780689859373,14815
9781563524318,4747
9780140065008,12863
9780156881807,10766
9780156881807,12524
9780006476337,12770
9783257233025,9992
9783257232738,9992
9780743412025,2113
9783442429431,3662
9783442429431,12173
9780061056772,8395
9780061056772,2358
9780425169698,345
9780452269576,3704
9780515132878,11169
9780618002214,6130
9780553576399,1758
9780451458377,15264
9780441374236,1758
9780887307881,13423
9780887307881,13423
9780252068508,7492
9780804108447,10808
9780671721046,4182
9780441117734,15384
9780553576429,1758
9780915035175,13094
9780915035175,13285
9780915035175,14587
9780060914257,9211
9780441003709,1758
9780886776152,1829
9780553294613,15384
9780553294613,1758
9780553575491,1758
9780553373806,13806
9780060392451,10514
9781568650418,10513
9780451455789,800
9780963401663,10199
9780963401663,12676
9781566393522,1590
9780153895159,8971
9780345412454,12671
9780590353403,6122
9780590353403,10067
9780671877286,9131
9780671877286,491
9780671877286,13422
9780941104180,4441
9780380815937,11003
9780930878139,1740
9780932130099,13592
9780312263126,2852
9780446532235,10514
9780806511603,15187
9780007103997,4573
9780671877149,10808
9780671877149,10554
9780886777845,14390
9780875424965,3764
9780892813131,10043
9780877285311,3808
9780765341846,12736
9780380789115,14440
9782877141666,5371
9780312243357,11939
9782742702459,10908
9782253182382,11316
9780385498807,10844
9780141002071,10082
9780394757650,12236
9780812579567,13959
9780898655292,12615
9780449904626,3000
9780831750060,13728
9780446674331,10876
9780449702932,2783
9780449702147,2783
9780449701300,2783
9780449703342,2783
9780590477321,2783
9780449701874,2783
9780590471572,2783
9780449702543,2783
9780156005777,1129
9780375727436,354
9781550223965,2100
9780312291631,4325
9780312291631,11095
9780140431872,11271
9780140431872,11780
9780425101452,3266
9780192816481,15152
9780192816481,15084
9781892514158,13504
9780140188691,13828
9781401068042,10220
9782070374632,4745
9782070374632,994
9782070374632,9386
9782070374632,9386
9780375505294,10194
9783423350020,963
9780345366627,11153
9780553348989,14783
9780486251776,4256
9780671541019,7804
9780684874357,4690
9780451207586,11492
9780446611213,6385
9780316168687,2050
9780452264793,14807
9780679448808,865
9780425189085,9330
9781566492782,3053
9780553254457,4764
9780553130256,4279
9780451451279,12092
9780441816538,6954
9780879977368,6941
9780671002381,3466
9780380561438,5118
9780879831226,7950
9780425155943,12875
9780553240306,12578
9783257229530,1316
9780553144284,12821
9780440241539,7352
9780345384751,811
9780671004248,8530
9780671004248,3272
9780671002404,10459
9780671006754,8548
9780553274189,3044
9780345419996,3000
9780345388674,9999
9780345277930,11846
9780671824174,9928
9780441354955,10538
9780879977986,7055
9780879977986,8341
9780441239191,5403
9780441239191,10478
9780671822842,4768
9780671822842,6184
9780880387156,11082
9780880387156,11916
9780451163035,10529
9780394718224,804
9780345280220,6418
9780345280220,10443
9780345280220,12820
9780875421988,10314
9780875421988,11267
9780871002402,2730
9780874771411,6477
9780886777630,14359
9780425098646,3266
9780061008429,13944
9780425181102,3266
9780786001699,2837
9780380718344,11433
9780451153555,13916
9780142001806,6630
9780380014033,12956
9780553277838,12239
9780375706066,9890
9780060981181,12985
9780061051098,13939
9780425147627,11428
9780451180414,5323
9780425143346,11926
9780446360852,11032
9781593100827,6990
9781593100827,14851
9781593100827,11355
9781593100827,14374
9781591451129,5156
9780800758578,8839
9780812589832,8196
9780812589832,15137
9780451212191,2079
9781593101671,3386
9780312993566,6841
9780373791422,14181
9780373227785,1077
9780373273720,15092
9780373273713,8056
9780380400485,7203
9780964894204,341
9780964894204,1582
9780964894204,6050
9780964894204,6745
9780373273690,6829
9781551666686,9467
9780778320227,9467
9780553582765,3266
9780425188804,3266
9780425092170,3266
9780345384362,3266
9780345396570,3266
9780020532101,200
9780671623937,11715
9780020519102,4432
9780425144428,3266
9780345468390,178
9780312305062,10399
9780743493543,8404
9780821770597,4144
9780310466628,9018
9780446363518,12260
9780373291687,14537
9780440206705,5604
9780425144565,9023
9780821764466,4144
9780451204943,14476
9780486290492,6482
9781566193016,1621
9780060175962,13702
9780399144134,14748
9780743436748,1613
9780330352253,3504
9780609600566,13175
9780786404018,6448
9780345451040,9429
9780394756820,3755
9780300069044,2716
9780300069044,4999
9780399146435,512
9780312186753,9872
9780312876517,11264
9780809015481,1846
9780809015481,6344
9780809015481,4436
9780809015481,11979
9780803287105,15416
9780879520380,10029
9780520077805,8037
9780295955254,7460
9780824811723,10707
9780385482387,2344
9780312275563,602
9780820319629,12834
9780820319629,7760
9780820319629,9307
9780767901260,12996
9780385470148,733
9780870238567,4979
9780870238567,15163
9780870238567,10780
9780870238567,14990
9781558850484,9312
9780679733768,8710
9780395874653,7974
9780399141140,512
9780375706776,2355
9780451525079,10643
9780679722311,12235
9780553213607,3958
9780553213607,1670
9780679745587,14895
9780679741411,10956
9780679729259,4805
9780679729259,12484
9780679729259,8612
9780452260115,14807
9780812533552,11264
9780020442608,1818
9780312978365,12770
9780380798933,5036
9780380798933,5035
9780061098017,11542
9780061098017,3168
9780425177693,11508
9780812517729,12736
9780380818198,14477
9789721013414,3892
9780743467711,3466
9780399134883,2223
9780316037440,2610
9780316037440,9065
9781878067746,14159
9780399138744,3266
9780571069132,8771
9780811816588,15020
9780811816588,552
9781588512680,877
9781573228749,6519
9780446528757,15047
9780451191144,1065
9780136714897,13028
9780689823510,12481
9780689823510,7599
9780875093666,136
9780671510121,11715
9780671510121,11802
9780440403272,9152
9780803722903,12482
9780060987565,15170
9780842314299,5471
9781880089859,14409
9780312265861,6554
9780553284249,5830
9780373250295,1877
9781844262557,11662
9783442411580,14385
9783548600864,5682
9783596124169,15098
9783596124169,8493
9783596124169,8493
9783257227802,3652
9783442443925,5653
9783442443925,935
9783546001571,8482
9783546001571,14248
9780525945178,7286
9783462029918,132
9783423203661,5697
9783423203661,15524
9783423204200,5697
9783423204200,15524
9780152008772,717
9780312150600,8094
9780671899615,7847
9780061099694,812
9780446603300,13303
9780345302748,13175
9780671881955,2046
9780786881857,12388
9780310240976,11538
9780440170372,8539
9780345245755,7655
9780345413871,7596
9780380726264,4549
9780671881962,2046
9780671881986,2046
9780671881931,2046
9780671881948,2046
9780590419291,8584
9780671896768,10459
9780064410120,8842
9780064410120,1648
9780064410120,10477
9780553267730,980
9780553256369,12385
9780553254723,4013
9780553254723,3188
9780553801309,4154
9780445210219,7148
9780375719356,11946
9780345334305,8635
9780345334305,3633
9780380773947,7291
9780345373410,3562
9780345348173,13175
9780679802617,11182
9780590428095,702
9780671702922,5310
9780380757893,11186
9780440400752,7832
9780590414975,9410
9780684874319,10399
9780375703874,15595
9780451452924,14221
9780451452924,9971
9781559029834,7863
9780590414654,8711
9780671674915,2046
9780441048861,15122
9780553271546,3040
9780553272000,13992
9780451450784,12786
9780451450876,12786
9780451450821,12786
9780451452542,11218
9780451453020,1898
9780451453020,9531
9780451453723,12786
9780451453693,11218
9780451453709,11114
9780451456991,13915
9780451459954,10362
9780451457479,9101
9780451453686,14755
9780451457370,10284
9780451451897,7617
9780451451996,1898
9780451453716,2031
9780451452382,14755
9780451458391,13915
9780451458186,9101
9780399143816,15154
9780441004911,4888
9780671578374,2257
9780440234944,12661
9780671023188,15066
9780395390337,9674
9780395390337,5401
9780395390337,188
9780679746041,14237
9780684803142,558
9780451459244,9798
9780743417723,12271
9780446610100,3035
9781857027792,6673
9780440216742,1250
9783453151727,10395
9783442429790,3140
9783442429790,4212
9783423241014,1501
9783423202343,7100
9780312966973,6554
9780671730178,3030
9780671568481,15463
9780345352231,3878
9780345334312,800
9780671876937,10036
9780671876012,10036
9780812533668,12040
9780893757830,3509
9781575663104,10123
9780679766759,13337
9780874869224,10745
9780967224916,13493
9783492215411,4716
9783499431005,2641
9783499431005,8065
9783442440245,12009
9783746618951,2599
9783746618951,15002
9783257228441,14241
9783570204757,13672
9783548680293,7674
9783442450145,5918
9783442450145,4243
9783442727759,1725
9783442727759,3781
9783426620687,4777
9783596505425,1505
9780307100221,13284
9780886251789,5430
9781590383148,1798
9780061066597,10273
9780671522728,12132
9780816735785,14197
9780689835759,11801
9780689835759,11801
9780152017972,184
9780152017989,184
9783596271085,999
9783596270958,999
9783596270958,15117
9783596270958,4594
9780394577739,6536
9780151104505,5238
9780425175002,13685
9780345426277,7378
9780425186855,9357
9780671003517,7910
9780515123173,11169
9780515114690,11169
9780060507404,2341
9780679767398,5580
9780679767398,11936
9780553212761,6482
9780425174463,8539
9780440129295,8539
9780345367426,7370
9780060004538,11001
9780380002931,12363
9780802151858,8377
9780802151858,7453
9780718143046,11051
9780670858729,15406
9780486280486,10988
9780486280486,3777
9783821829494,15207
9780312876913,12731
9780684148571,12605
9780553562965,2683
9780446363174,15436
9780804110372,808
9780449003183,808
9780449204740,808
9780449244975,808
9780449210956,808
9780312971342,6554
9780399147104,12619
9780449146385,10543
9780446603065,14210
9780446603829,4499
9780449149379,10543
9780553378269,12578
9781556614439,9346
9780312850586,11264
9780140280555,2997
9780930031060,6678
9780060958022,7129
9780385474016,8660
9780380804702,6113
9780500280676,135
9780486400761,883
9780349109930,638
9781562451912,13598
9780140124491,11319
9780553210118,13873
9780553210118,320
9780553210118,12293
9780156658997,3718
9780375503344,662
9783518396001,9996
9783499123665,7534
9783548603209,4342
9783548603209,2589
9782253057833,11545
9782253057833,13466
9782253057833,1305
9782020482363,3971
9782264027757,12780
9782264027757,1696
9782264032188,12917
9780525945277,14856
9783257204834,11454
9783257204834,820
9783596156962,4595
9783596122271,5728
9783404141975,15527
9780029281116,10552
9780517559550,13551
9780345338549,6260
9780375701047,8132
9780316158725,9932
9780007154616,1984
9780375412820,711
9781558743663,3013
9780842366618,6277
9780842366618,6277
9780708842102,11211
9780590453677,12112
9780590453660,12112
9780590427616,13156
9780385721615,7890
9780694013227,5617
9780694013227,8687
9780441005765,1671
9780553582130,6000
9780671034061,9019
9780451410771,780
9780345418838,458
9780671026806,189
9780671024055,4956
9780684869827,7922
9780399147777,14084
9780440237419,13949
9780439101332,2194
9780439101332,8024
9780399147289,7494
9780684832388,10068
9780399142109,8964
9780380730353,3404
9780374166564,1683
9780451150639,13916
9783596132768,6967
9783492225922,9432
9783492225922,9715
9780060187002,14706
9780684836485,5966
9780571174454,3299
9780312848842,4939
9780442043247,7329
9780880381734,9650
9780880381734,14860
9780767907811,6499
9780385720106,6501
9780553208849,5753
9780553208849,5779
9780064400589,6668
9780064400589,7497
9780571142743,5461
9780898861785,4967
9781586480455,621
9780306811883,14721
9780688155025,7705
9780880642194,13119
9780880642194,10682
9780880642194,5593
9781904095392,4663
9780743204156,4236
9780310225119,8549
9780800758356,11572
9780385050753,4267
9780842329217,6905
9780072430950,8631
9780072430950,6361
9780684823782,1818
9781576738443,1761
9780449219287,15050
9780553574968,7481
9780440225690,2953
9780440221470,7352
9780394541549,6256
9780877958925,9024
9780440235750,2420
9780743216456,13878
9780061007125,6802
9780886773786,10326
9780440228202,6407
9780883657638,12924
9780425143322,14748
9780425180969,14748
9780812520798,7823
9780312109394,5010
9780399148019,8237
9780373063123,10334
9780140620863,8935
9780553801583,12578
9780743411257,1112
9780590129985,11954
9780590129985,8887
9780375700682,1891
9780375700682,1465
9780375700699,1891
9780375700699,1465
9780312955519,15405
9780345396532,14463
9780452272095,516
9783518383629,5012
9783518383629,14937
9783518383629,834
9783499262968,5691
9783407808837,973
9783407808837,3699
9783423085717,8010
9783453159921,13916
9783453159921,11874
9783499137907,11828
9783499137907,653
9780747563723,8974
9780451518842,2281
9780441009701,808
9780345395191,7892
9780553265576,12126
9780451521286,15462
9780451521286,3997
9780812566352,12111
9780060502256,12278
9780440911715,9446
9780140298444,13725
9780395869468,11744
9780064407724,4316
9780684859781,14597
9780156806473,14346
9780553266054,6325
9780345441447,13516
9780802132956,15456
9780441535774,14337
9780812552980,4742
9780451521354,15462
9780451521354,14310
9780140089363,5678
9780451455123,2621
9780451455123,8768
9780451455123,3177
9780451455123,12220
9780380723454,11043
9781580173148,1140
9780671025571,8633
9780553274868,1830
9780553274868,2162
9781888604184,12961
9780805064360,8172
9780330336215,12664
9780061020711,14477
9780440204886,12369
9780345339683,6130
9780812572292,13762
9780345272577,6101
9780385199575,13916
9780156007566,1920
9780156007566,324
9783426776544,11839
9783404701704,2834
9783404701704,5824
9783404701704,7964
9783404701704,8207
9783423205207,5697
9783423205207,15524
9783453169241,7352
9783442541751,15516
9783423202947,5697
9783423202947,11574
9783423202947,1169
9780374332655,9233
9780553298499,4649
9780553255379,4649
9780451528018,13712
9780451528018,808
9780842321945,6906
9780842321945,14680
9780842321938,6906
9780842321938,14680
9781562475871,14973
9781562475192,14973
9780590997263,7976
9780590997294,7976
9780590762618,7976
9780590213042,7976
9780439061650,12203
9780439061650,9740
9781584851653,1720
9781584851653,14863
9780141304700,12586
9780679866954,1152
9780679866954,3381
9780590485753,8262
9780590485753,9076
9780590485753,7293
9780440484745,13092
9780440484745,7832
9781568657806,9114
9780140309577,1032
9780140309577,9231
9780140309577,4590
9780671028046,10906
9780671019808,3444
9780671016951,12203
9780671019792,2136
9780448095530,2046
9780671023812,11421
9781561565603,13820
9780448095547,2046
9781584850168,14973
9781584850168,14371
9781584850168,15212
9781562470753,2682
9781562470753,2829
9781562470043,14973
9781562470043,2850
9781562475154,14973
9781562475154,11719
9781562475154,6697
9780590448253,708
9780590386043,14982
9780590386043,7832
9780590386043,11472
9780590386043,2936
9780877191179,7472
9780689817212,3853
9780671015190,2136
9780671024277,11421
9783453025424,14581
9780553141405,7398
9780517580493,6690
9780312863401,12040
9780865476424,3109
9781558744639,6137
9781558744639,9900
9781558744639,8452
9780140380361,6570
9780140380361,10862
9780394588162,10398
9780316143462,3210
9780385336321,2953
9780385333481,8539
9780553294385,6020
9781573222624,15616
9781558746169,6137
9781558746169,9900
9781558746169,8452
9780553583861,1350
9780553214222,3950
9780394569963,9778
9780553568912,8461
9780671721299,800
9780671721299,10326
9780553563528,7596
9780553572308,7596
9780399142284,11428
9780140193381,7558
9781890159016,3731
9781890159016,2085
9780446670623,6020
9780446670623,5507
9780590429894,3162
9780782123814,14731
9780782123814,6283
9780782123814,3576
9780782125351,14731
9781561703241,14432
9780812513714,12736
9780671004101,1897
9780553213539,5432
9789681905200,7765
9780449200391,7534
9780425173619,15061
9780684186450,7728
9780060161859,7530
9780060161859,12026
9780800730369,1922
9780671766825,6098
9780671766825,11906
9780671683993,366
9780425098684,818
9780553245691,14783
9780874775631,11937
9780060907211,11232
9780385302272,10935
9780670873685,12482
9780425168707,345
9780375704901,13175
9780020519003,4432
9780345426024,4461
9780060973278,11269
9780439064873,6082
9780439064873,10067
9780679751601,1091
9780688127169,12369
9789722110198,9776
9780714832524,3955
9780440784746,7832
9780812551532,15137
9781573247023,7484
9781573247023,3269
9780451132154,1065
9780553157543,1578
9780312263447,389
9780060904456,6417
9780671734541,10372
9780671734541,12451
9780812580358,12731
9781400076215,14807
9781573226103,12151
9780373263677,8932
9780553211405,2281
9780679447399,14202
9780380718658,2723
9780373263950,10951
9780515102659,8964
9780312263997,11569
9781400032716,9857
9780595315079,9083
9780595315079,1667
9781594200106,1921
9781594200106,9278
9781589880016,11800
9780553250510,2067
9780374100124,7587
9780452283862,14807
9780446610384,11231
9780061097317,1139
9780743255479,1567
9781589880030,4841
9781589880030,10979
9781573222457,8411
9780140119909,4838
9780140119909,3938
9780395873342,4641
9780446677424,2683
9780446677424,13214
9780393308839,14762
9780393308839,3391
9780393308839,6416
9780451524034,11127
9780451524034,598
9780451524034,8867
9780060548537,2230
9781885266484,4601
9780060987046,3750
9780571169344,14792
9780060504083,1139
9780679749868,2708
9780684853703,14313
9780374521400,4088
9780140445275,4805
9780140445275,3170
9780684831541,855
9780345404473,11946
9780375404924,10982
9780684857824,361
9780140051315,12586
9780553291896,981
9780586213339,9245
9782080707598,9725
9782715223523,5874
9782246567615,4798
9782253153429,11763
9782883531710,3570
9782266083300,5814
9782266083300,6767
9782070383320,7620
9782290045794,15072
9782264010995,908
9782264010995,9106
9780449207338,6256
9780449207338,12840
9780060092641,2409
9780451207371,15089
9780061031755,13845
9780812551587,2193
9780743410656,7301
9780684864716,1501
9781582430744,5177
9781582430744,5177
9780684846866,912
9780743200349,12516
9780761521099,723
9780761521099,13391
9780446674102,4410
9780849937361,3498
9780140124378,5308
9781853811265,9608
9780450411434,13916
9780749309633,5298
9780375704970,13175
9780345430595,3550
9780375413094,2831
9780375413094,5950
9780752848013,9242
9781580083416,12382
9780140236712,6873
9780380973491,2269
9780380973491,6254
9780380973491,9790
9780684867182,13878
9780312241162,2685
9780385319621,9726
9781557507426,1010
9781557507426,38
9781853673115,6353
9780917298554,15491
9780891415947,12857
9780804100038,5080
9780440236306,3619
9780440236306,13878
9780060937119,1576
9780060183523,8779
9780812885187,12252
9780385495653,5455
9780743201988,15481
9780767908245,15532
9780743203395,13878
9780688158941,12989
9780140018325,12586
9780515100075,13450
9780553579604,14376
9780553282061,15459
9780385177252,6020
9780373201457,3715
9780373201457,7084
9780373201457,3537
9780061013430,14084
9780553080230,409
9780679459590,7596
9780393038170,6341
9780553578904,6493
9780446605786,8476
9780609609064,11358
9780500011935,10489
9780531150252,7117
9780805205459,10737
9780425193891,10784
9780345382849,13516
9780312115067,13548
9780345413932,10117
9780345283948,1174
9780060934231,8252
9780060994860,13702
9780306809897,9693
9780060185435,1656
9780060987381,1329
9780306811593,4626
9780306811593,8005
9780789410849,6521
9780684850801,591
9780684841342,6051
9781567310269,4234
9781567310269,13147
9780446520874,4048
9780446520874,3858
9780878911776,14518
9780878911776,491
9780878911776,3972
9780060176624,1853
9780670855032,13916
9780517064627,10068
9780684810386,10068
9780931580437,11861
9780931580437,5514
9780931580437,10290
9780440183051,10068
9780380709335,10381
9780671769208,719
9780884042648,8569
9780671250676,9417
9780553067965,6569
9780440507291,1110
9780553212143,7641
9780671602703,1527
9780843946383,10027
9780439978231,11548
9780743200981,4690
9780425118702,3266
9789510236758,6620
9780349100135,12065
9780349100135,14085
9780349100135,11573
9782070367627,6234
9780811802987,11075
9780486415918,9898
9780486415918,3777
9780380792733,2485
9781877856914,10103
9780571200436,5460
9780446604765,14555
9780446604765,11032
9780060516284,1296
9781590210307,14288
9781573245210,9408
9781567313673,10316
9781878424426,10645
9780553109832,10525
9780316639842,2712
9780140296402,6086
9783442442355,258
9783442442355,12173
9780451192615,12739
9780451138484,7722
9780670891573,10989
9780395264751,11660
9783442431878,11062
9783442431878,1315
9780140259117,9138
9780439339179,7770
9780375401596,811
9780553106671,12770
9780684802985,2623
9780061000041,14821
9780312055141,15462
9780312055141,5079
9780060617226,1777
9780060617226,2834
9780060617226,3625
9781558214293,3844
9780349100371,13582
9780340542668,6126
9780380699179,6020
9780380699179,14465
9780380699179,9968
9780151006724,4316
9780525946243,11750
9780394751047,10122
9782070388424,2393
9782070427116,2393
9782221081723,6721
9782070388905,2935
9782070756315,2935
9782253138914,485
9780553263572,4434
9780441007011,14328
9780553289411,6690
9780553258554,800
9780394717401,6037
9780141300276,6547
9780141300276,401
9789500418607,7646
9780316588034,2931
9780671892470,10161
9780060011918,8768
9780446610643,1610
9780553211801,5031
9781551666839,4393
9780374526894,7441
9781583940631,11988
9780805060201,13877
9780312872403,6208
9780312872397,6208
9780765342980,6208
9780451456724,763
9780451456717,763
9780451456731,763
9780571154913,8280
9780446530521,8587
9780330327916,10720
9780786004881,12102
9780446674348,141
9780060092962,2133
9780060517618,15043
9780553802559,5585
9780425192696,1102
9780760704769,10650
9780760704769,4262
9780671468460,15462
9780440241287,15032
9780020264781,3950
9780743407144,9178
9780345447845,14487
9780312977368,13877
9780312992200,1265
9780312089443,4225
9780965583831,1892
9780965583831,12072
9780965583831,14794
9780140094909,10752
9780345411037,15184
9780345425287,11775
9780688179052,2875
9780451201508,10175
9780380760978,2747
9780553569797,11985
9780380007721,14581
9780446611930,1891
9780446401616,9566
9780345428196,12578
9780553208795,12770
9780821767740,8091
9780446512923,585
9780060955403,1757
9780380793051,2737
9780440419464,9233
9780446359863,13444
9780446602617,10395
9780446612791,6385
9780446612791,575
9780671676254,11264
9780671676254,6280
9780446606387,6385
9780553213140,8578
9780380725588,9378
9780380725588,1710
9780679401032,12684
9780394580562,12684
9780394571027,12684
9780440128991,12619
9780590455763,14166
9780446365505,13444
9780671531409,15462
9780025427303,6306
9780804111898,12684
9780802132154,7177
9780025473904,14942
9780025473904,5589
9780451203892,1863
9780345309013,6020
9780345308993,6020
9780345309006,6020
9780553272536,4088
9780553272536,13829
9780553272536,4668
9780445406483,4189
9780451209719,7688
9780312865030,9798
9780891906728,393
9780449219638,11786
9780425104057,13712
9780425181461,6065
9780425181461,6117
9780515090291,1566
9780345438355,6271
9780060298777,3462
9780449212851,808
9780812505016,4627
9780671888022,12405
9780671888022,7214
9780451458124,6999
9780553213379,299
9780553213379,9264
9780142002056,5903
9780671509873,9858
9780345347954,981
9780425037829,12605
9780553574357,15069
9780553574357,2751
9780553142044,800
9780786889525,3854
9780441006342,9650
9780671721381,10326
9780671721381,9892
9780446356015,4980
9780446356015,981
9780671741396,7539
9780399136481,800
9780671720131,15600
9780394800011,3805
9780345273307,14783
9780446365666,12659
9780749930882,2103
9780440201106,13412
9781857022421,3842
9781561383610,13124
9780684844770,14930
9780393317558,6619
9780684853512,13916
9780375504396,13916
9780375504396,11882
9780452283206,14856
9780374524913,5904
9780316779234,3210
9780875427324,3915
9780385421980,7352
9780892962273,11454
9780393040135,7300
9780679402473,11660
9780553441710,4550
9780733801860,12194
9780733801860,3245
9780875421186,13427
9780553080131,7596
9780460872126,6482
9780460872126,11363
9782020606295,6820
9780345311962,6020
9780451139733,13916
9780553236200,12221
9780380729753,32
9781885167170,1832
9780452261587,15371
9780374230074,570
9780140066906,5238
9780060975210,9677
9780374521356,11378
9780374521356,290
9780226424194,347
9780316085250,7052
9780874771640,3701
9780451185563,4390
9780451185563,4390
9781853260407,300
9780773760554,10244
9780553250534,6690
9780553148008,6690
9781579542085,9827
9780671720414,800
9780671720414,4182
9780345275677,800
9780241898659,3416
9780773671355,5999
9780773671355,12932
9780553284461,2881
9780440213529,7352
9780451188465,13916
9780345258557,12040
9780441135561,800
9783789131202,8471
9780195103793,5167
9780195103793,14822
9780816303632,9809
9780811807289,3088
9780671019440,14954
9780152105327,10113
9780152105327,1341
9780152105327,7170
9780060283124,10477
9780439136358,6122
9780439136358,10067
9780671028367,8246
9780028642338,15553
9780440235644,10424
9780330486705,1706
9780670881871,12876
9780440111818,2953
9780064400558,3843
9780064400558,8104
9780064400558,4901
9780671666071,4560
9780312870584,12106
9783423123228,662
9783453064034,2644
9783404122639,11490
9783596134151,748
9783596134151,13675
9783453061187,7352
9783453061187,555
9783423107426,6045
9783423107426,11275
9783453161399,11580
9783579007335,4728
9783579007335,13481
9783257229370,515
9783257229370,15528
9783453088535,216
9783453088535,217
9783453088535,392
9783453051362,14581
9783257224979,385
9783257224979,11277
9783404139675,5223
9783404139675,15531
9783442353798,404
9783442353798,15543
9783596129393,3698
9783548257624,11899
9783746613536,4490
9783746618166,4490
9789972847011,6244
9789582700317,9054
9783257228038,8736
9783548248844,4189
9783548248844,1145
9783446178694,9675
9783446178694,5688
9783453198845,2564
9783453198845,4846
9783404147298,13939
9783746619392,4767
9783426619858,14241
9783499233043,13153
9783404142620,11787
9780516046426,12093
9780380803156,14209
9780553568721,8248
9780553297980,8395
9780671654207,6920
9780671654207,7314
9780671654207,12964
9780884046813,8569
9780345289070,6381
9780671720407,3583
9780345379801,1655
9780886778699,1810
9780743435345,3235
9780743435345,4356
9780743435345,3074
9780679448594,857
9780345313577,12605
9780671867171,10068
9780425189108,15061
9780061030635,11986
9780446613439,11070
9780449006535,7495
9780061091575,14084
9780440221319,2953
9780553576016,13303
9780451205292,8875
9780345444899,9645
9780446527781,11070
9780375500688,9645
9780375503214,15494
9780755310043,12041
9780752851952,9784
9780747257578,7689
9780563537236,4534
9781853260414,4530
9780312272050,1047
9780142003190,3652
9780425183366,13340
9780613329743,6082
9780613325417,6122
9780613325417,11044
9781563894701,11018
9781563894701,2267
9780439551236,4900
9780582535312,1382
9780836218350,1490
9782842772031,11953
9780836204384,1490
9780345441430,6475
9780812504750,15240
9780836217223,2130
9780030181016,2232
9780064407052,4860
9780553262506,14932
9780689710889,14144
9780689710872,14144
9780689710872,174
9780020427858,14144
9780312862589,6540
9780836217612,2130
9780316107013,1292
9780886777821,1810
9780441068807,12890
9780141309811,12890
9780679032984,4603
9780679408833,2743
9780316096195,361
9780689829659,4933
9780590458993,11675
9780590458993,14831
9780385238618,3274
9780758201607,8675
9781561384754,5290
9781561384754,13118
9781561384754,3557
9781562820572,7031
9781562820572,2376
9781858541761,9238
9781858541761,4950
9780786830428,5181
9780786830428,4645
9780881012705,6085
9780881012712,1918
9780881012712,5321
9780312272784,11311
9780440228318,2047
9781590522264,12884
9781551669304,3278
9780609802021,13970
9780698113954,6504
9780439442466,10163
9780439442466,4578
9780060954888,9614
9780743422963,7896
9780525946786,253
9781558534179,15254
9780609807910,10272
9780060532147,2002
9780812966831,6968
9781885171825,2248
9780820319193,5324
9780446520829,7607
9780373250523,1877
9780811802277,14317
9780811802277,1716
9781871512410,138
9781871512410,138
9780425155172,6156
9780373223480,10779
9780393317381,3128
9780375713750,433
9780312272760,7610
9780446526470,6869
9780689855467,2131
9780689855450,2131
9780140240207,10307
9780764525667,8145
9780679771494,5034
9780130743039,1376
9781856273299,5305
9780842343251,6906
9780842343251,14680
9780201406467,12628
9781895636338,12829
9780140131567,4896
9780446521444,13358
9780062515803,15055
9780684859774,13403
9780684859767,13403
9780609807088,3345
9781556522123,13258
9780440224846,2953
9780671864170,14476
9780060959425,2923
9780373079612,11169
9780440200987,10068
9780671568177,10068
9780449221501,14102
9780446607193,13303
9780671705091,7768
9780505522672,15043
9780515124651,8110
9780373484003,11169
9780451198501,2093
9780440223238,2953
9780679882824,3805
9780399226908,4353
9781558747104,6137
9781558747104,9900
9781558747104,10003
9781558747104,1931
9780786884148,9482
9780767905381,13782
9780767905381,4702
9780671793555,719
9780553574302,5226
9780440211266,9457
9780553260113,12770
9780380775842,4173
9780394900018,3805
9780894803123,1255
9780894803123,6910
9780894803123,10942
9780440225898,2548
9780440236375,2548
9781551660264,3362
9781551665634,6650
9780553575002,14443
9780553563344,14443
9780943233949,2970
9780694014538,7208
9780743411431,6348
9780553347234,9248
9780385152921,13503
9780767900386,4635
9780786889051,12655
9780440212621,12561
9780553265415,14186
9780553265415,14178
9780449131794,7281
9780380804696,6113
9780425178959,11036
9780385485623,8598
9780385485623,3161
9780684865744,4690
9780385313636,13352
9780866119894,13568
9780866119894,4625
9780505523440,12900
9780380772469,8180
9780380899364,8180
9780671728571,6650
9780671469696,9350
9780446392303,7304
9780586207222,14888
9780821762554,12082
9780553275391,6544
9780671034009,7910
9780425116845,14748
9780882893327,12835
9780380817153,4189
9780345302908,4685
9780340565827,7762
9780425191187,14748
9780872169012,13633
9780399142994,8279
9780836218220,1490
9780679882886,14379
9780590251594,702
9780679885306,4557
9780590251587,702
9780590227636,702
9780806903484,4537
9780590224734,702
9780141301075,12586
9780671016791,2342
9780448409313,5542
9780452278905,13916
9780743436274,13916
9780399144653,11428
9781558747692,6137
9781558747692,9900
9781558747692,1778
9780671024239,13916
9781891620485,12606
9781891620485,13797
9780060009229,11293
9780380820870,11293
9780380797394,11293
9780060198527,10531
9780345334534,811
9780515103991,2305
9781550130997,4770
9780316316965,9487
9780062506085,6965
9780142001004,15367
9780060920432,10647
9780786884063,11609
9780691005416,3821
9780060505264,2414
9780864427434,13402
9780864427434,10616
9780864424570,13103
9780813812861,5957
9780842372183,3732
9780842372183,7700
9780842372183,3181
9780399143946,13916
9780066211084,13243
9780425174760,11658
9780440237266,13949
9780380713332,11879
9780195002232,15153
9780195002232,8589
9780195002232,13717
9780140043877,12863
9780895772626,12768
9780895772626,4684
9780517618141,7208
9780192833877,5706
9780192833877,6370
9780192833877,6370
9780192833877,6876
9780393960570,8100
9780393960570,9665
9781551113074,7641
9781551113074,2799
9780486264783,11271
9780060809836,236
9780441172665,4685
9780156711425,3872
9780553206517,11855
9780553550030,6024
9780345390455,9962
9780061091872,1296
9780425090787,8780
9781929317998,7317
9780553268881,11392
9780385008914,11170
9780688042875,12830
9780671027100,14284
9780399145865,11036
9780375405426,14968
9780446521581,1495
9780151002634,712
9780316666008,6385
9780316890199,12595
9780446675253,11775
9780345451323,4374
9780330284141,14921
9780345391810,3745
9780140620528,9898
9780312186111,9411
9780671516925,6650
9781586607258,10405
9780671015206,14585
9780671015206,15365
9780440216544,13052
9780449209592,9645
9780140062595,12109
9780582349162,5049
9780140041071,13763
9780140400113,14613
9780140400113,5709
9780192815460,6482
9780192815460,7452
9780140431353,14580
9780140431353,3217
9780140431353,11
9781575664057,23
9780451209115,23
9780743236775,23
9780373484812,13526
9780373484812,11726
9780373484812,11676
9780553208313,5361
9780446611862,11070
9780385336178,13750
9780972380690,9742
9780972380690,7721
9781550544398,1478
9780609806197,6974
9780440900795,9152
9780553560664,8157
9780373483884,11169
9780061042003,1112
9780425046111,3950
9780156619189,15098
9780553582758,3266
9780486282695,13614
9780486282695,3777
9780061010910,508
9780061010910,1
9780452268067,7866
9780439099400,9898
9780525405221,7832
9780671759216,15170
9780446516525,12733
9780312050634,4589
9780452254268,5055
9780380786053,13060
9780446364287,13303
9780385337274,2495
9780140291902,10039
9780142002261,13814
9780671640927,10473
9780425099643,4385
9780960809608,5727
9780439368032,3276
9780439368032,9570
9780785272984,3783
9780060520229,12544
9780590443517,4459
9780440409946,4933
9780590438063,2010
9780380720132,9378
9780380720132,14776
9781841952970,11052
9781841952970,7595
9780440967842,15186
9780842329279,14680
9780842329279,6906
9780842343299,6906
9780842343299,14680
9780440439882,13437
9780842343282,6906
9780842343282,14680
9780842343282,2362
9780590424165,9233
9780590302715,3843
9780590302715,4901
9780345339737,6130
9780440413769,4933
9780590461009,12112
9780688149581,14212
9780842343268,6906
9780842343268,14680
9780842343268,2362
9780842343275,6906
9780842343275,14680
9780842343275,2362
9780395280065,6364
9780590451147,6034
9780064407311,15186
9780816707973,3945
9780345410368,12754
9780517187760,15168
9780446679596,6385
9780679441557,818
9781567315653,10316
9780849916519,857
9781565120310,6609
9781565121041,2527
9780446690294,5469
9780446690294,5715
9780886774264,10326
9780886773526,10326
9780886774011,10326
9781892065162,7013
9780609808344,12819
9780609808344,11257
9780609808344,14516
9780307157850,12501
9780141186153,12863
9780141186153,4865
9780451121905,10636
9780679417798,1840
9780684833668,7385
9781573225519,11079
9780449909331,3110
9781550548914,15316
9781550548914,5902
9780679311386,1980
9780393966473,8863
9780393966473,5038
9780393966473,9254
9780393966473,1063
9780380973651,11018
9780375414480,875
9780316346627,9487
9780802130204,7380
9780802130204,15164
9780312988999,12380
9780842373197,9068
9780842373197,8311
9780043510742,3225
9780340821190,7274
9780333906309,6125
9780156004992,13349
9780156628709,15098
9780752844053,5918
9780440208457,13352
9780752848228,5918
9780752851112,5918
9780449208670,808
9780060808242,3718
9780380725830,11036
9780751514018,4262
9780751511055,3585
9780751511055,4262
9781869413583,12319
9780886775872,10637
9780451458681,8811
9780060199654,1139
9780345413895,7596
9780684871585,7805
9780684871585,13881
9780684871585,15351
9780738203546,15064
9780805033205,14345
9780316284950,6557
9780801855924,10596
9781563526008,1484
9780679427650,2387
9780345412218,9778
9780345441706,9778
9780451147363,13916
9780451147363,12370
9780595168446,15307
9780440416685,5894
9780451170538,9971
9780375501371,7370
9780064473354,3462
9780316155106,12875
9780312283704,1047
9780060987527,5346
9780312951429,10720
9780312953614,10720
9780671567828,7301
9780670820559,11897
9780553270938,14783
9780449241110,10131
9780394561233,5268
9780375703768,9904
9780553092622,4154
9780812545135,10770
9780812545135,15236
9780446523325,3035
9780441004164,1671
9780066620992,7001
9780553277470,12798
9780385494601,14884
9780345433107,7263
9780345443021,2339
9780684872179,4690
9780684853154,5890
9781573228282,2168
9780446608268,11032
9780385503976,14742
9780316120326,7044
9780440214434,4268
9780440225775,581
9780385501675,85
9783446180857,14921
9783446180857,1784
9780312242732,15058
9780440935742,9129
9780380804559,11018
9783257229738,1093
9783257229738,830
9780099245025,7352
9780970880819,2803
9780595256778,3770
9780741412782,10698
9780684855387,8751
9780525946236,15282
9780399513008,9981
9780399513008,426
9780425161616,818
9780140149296,13107
9780553565027,14574
9780375410840,11798
9780505520685,2525
9780505520685,11987
9780373710348,12280
9780451115454,13032
9780373079711,13351
9780861782352,9239
9780515097030,10108
9780553560244,3485
9780836135473,791
9780836135473,10344
9780312974220,10945
9780345416605,3000
9780684856476,5877
9780800757731,8050
9780887309106,13423
9781593080259,11271
9781593080259,1854
9781400041985,15111
9780151010639,9317
9789504604730,10643
9780802714350,5686
9780802714350,13534
9789500720410,6024
9789504910367,1921
9780340697085,12390
9782742739356,6631
9782742739356,4096
9782742739356,245
9780671008666,2277
9789509009059,6066
9780312154547,3370
9780312154547,305
9780064408639,8842
9780064408639,1648
9780064408639,10477
9780954290108,10462
9780553295771,10525
9780312858957,2492
9780345330123,12605
9780743410243,12823
9780743445641,10360
9780743445641,616
9780743445627,5606
9780743445603,3194
9780812575712,11264
9780812575712,13426
9780812575712,4849
9780671026356,10906
9780743427609,2474
9780671039288,2474
9780671026363,12222
9780671526108,15463
9780671526108,7812
9780671526108,4891
9780671021252,15463
9780671021252,7812
9780671021252,4891
9780671008826,15463
9780671008826,7811
9780671008826,4892
9780671008789,15463
9780671008789,7812
9780671008789,4891
9782253007906,4661
9782253007906,6237
9780671874346,3750
9780394838472,4946
9780394838472,8116
9780743439770,6455
9781567311198,3904
9780590482370,702
9780590482233,702
9780451179708,10359
9780449219416,1891
9780446609784,11051
9780679454441,1891
9780515126082,11169
9780373262328,2427
9780451124388,8320
9781565122208,8939
9780312978334,6503
9780345294456,15369
9780451408884,6030
9780671524968,6189
9780515115482,7870
9781563841132,15018
9780060008772,4268
9780553574678,3485
9780061057816,6324
9780761513773,9002
9781565078246,1537
9780449908112,10012
9780312956127,10720
9780385334723,1250
9780805044690,3754
9780750500593,5273
9780140165524,911
9783257231397,3652
9783257231397,10795
9783453149878,13423
9789681500603,7764
9780670883004,10300
9780786869213,13984
9780670878109,6465
9780446528382,6182
9780446528382,7217
9780943233437,2669
9780943233437,3256
9780943233437,2970
9780375727344,533
9780156001458,4933
9783440066737,12347
9780446608893,3035
9780061059131,10284
9780061059131,11040
9780590443166,2010
9780316781466,14786
9780316781466,6261
9780425188781,11036
9780345382320,13530
9780312983291,6554
9780312983291,2287
9780553270242,12693
9780553275858,12655
9780440201335,9934
9780449147399,6837
9780747546214,751
9780006513407,6030
9780312980344,8250
9780743437646,7768
9781551668918,3278
9780688009380,12890
9780380017607,4401
9780671024413,13217
9780671024406,13217
9780671024420,13217
9780671024390,13217
9780140346848,7571
9780140346848,8600
9780140346039,7571
9780140346039,87
9780613286626,7571
9780613286626,8600
9780553568059,7517
9780425156018,14748
9780425156018,13993
9780425156018,6792
9780333782255,7867
9780333782255,11633
9780333782255,592
9780435120962,5533
9780140293449,11079
9780571097104,3836
9780140293463,11079
9780920668375,12784
9780920668375,13550
9780375703867,15595
9780060391539,12896
9780156011044,3105
9780812566635,12821
9780060391447,5346
9780684829975,14930
9780451099648,13916
9780671776978,11197
9780440967699,13199
9780060801113,7353
9780553149661,6066
9780425152256,7715
9780312924584,14581
9780684718637,200
9780385479561,12488
9780876056356,8849
9780375714382,7719
9780375714382,5057
9780441718214,13589
9780385499095,10874
9780385499095,14363
9780743421577,15259
9780140132700,13260
9780312309299,2106
9780671578107,10036
9780756401368,14390
9780886779757,14390
9781931561235,460
9780807085462,12139
9780807085462,9025
9780060504076,1139
9780345460950,3745
9780312274924,14819
9780007134496,9046
9780440408901,9129
9780380816583,13589
9780380791972,13589
9780345397805,8064
9780345409676,811
9780441007394,513
9780441006328,513
9780380791989,13589
9780886771546,9798
9780312974480,8669
9780312979584,8669
9780553380958,11003
9780756400804,9803
9780886779016,9803
9780886779016,9804
9780886776886,9803
9780886776886,7147
9780886775742,9803
9780886775742,7147
9780395272237,6130
9780380819003,7981
9780380731800,7981
9780142300602,3056
9780879516024,12153
9780425186275,4304
9780380731794,7981
9780970851710,10741
9781557504647,15033
9780811209588,15357
9780811209588,2265
9780534525071,10023
9780534525071,127
9780553583892,7711
9780684849737,10412
9780312171834,1478
9780688175719,7499
9780743467605,1957
9780671042509,9023
9780743205412,14791
9780399147852,13516
9780425162446,13587
9780966482010,1577
9781400060054,114
9780451181404,5237
9780060505554,11405
9780312104474,3628
9781551667539,2755
9780425183236,1273
9780425183236,10898
9780553802245,9273
9780373711642,3278
9780345423290,4125
9780515132021,11169
9780684864365,13084
9780515131222,11169
9780451192974,15330
9780451192974,1433
9780446679367,8754
9780345445735,770
9780553581430,11382
9780451410153,2087
9780373441327,11126
9780373441327,8197
9781551662909,2843
9780373834747,7835
9780373834747,10838
9780373834747,14713
9780843943313,4313
9781570613814,10933
9780743228022,14694
9780385494144,5916
9780312199364,14674
9780312199432,7012
9781570089954,11264
9780452282100,12199
9780060193683,7028
9780486272634,4022
9780486270616,15474
9780486270616,13490
9780330330374,10720
9780671318406,6381
9780743440356,2644
9780571135394,10686
9780571135394,10442
9781557250216,15252
9780451183743,14348
9780316134316,1859
9780316134316,873
9780789467744,6885
9780789467744,13690
9780789467744,5170
9780071408394,7040
9780380794874,11714
9780684872155,4690
9780684872155,1719
9780060926311,9914
9780961937904,4930
9780961937904,5236
9780140179750,4433
9780571152810,3355
9780140622508,12933
9789038802985,13826
9781857238983,14765
9783800622368,5578
9780312421274,7587
9780679454458,1891
9780743480567,10231
9780312986216,1155
9780778320296,3525
9780425196458,1350
9781575668574,1332
9780821776124,8242
9780821773420,9095
9780060555887,1836
9780380811083,9089
9780373250592,8713
9780373285044,11169
9780399147029,11036
9780062512666,849
9780062512666,13727
9780440241164,15024
9780439233842,14824
9780785917137,12313
9781930353008,8336
9780874831122,9123
9780874831122,9123
9780874831122,12914
9780786866588,13984
9780140254747,14591
9783250600527,5498
9783446190290,1603
9783250102342,4415
9783423100014,5629
9783406426537,4774
9783354005099,12305
9783354005099,5494
9783250300021,5498
9783608958706,2421
9780061092022,4426
9783718501472,6239
9783453017979,12770
9783492230469,4758
9783492045179,10514
9783492045179,10374
9783492045179,5694
9783492045179,11172
9780072521306,8993
9780072521306,11943
9780072521306,12208
9780679756972,11246
9780517886687,11631
9781570625190,4788
9780670866564,14092
9780375405044,7498
9780316845441,9062
9780140291728,5445
9780029023105,4428
9780802134257,14055
9780688156817,14664
9780762403004,13990
9780140250848,14682
9780679723226,6355
9780679722649,2995
9780380732180,1276
9780156007757,7630
9780156007757,5195
9780553371017,6203
9780553371017,15309
9780553371017,6186
9780553371017,6186
9780312054366,3750
9781573226523,258
9780671027636,1001
9780385497091,15198
9781573226882,11079
9781573228213,11079
9780316780810,669
9780515119787,4125
9780736909679,13085
9780786011964,15273
9780811825559,7707
9780141390970,5869
9780062736307,2536
9780062736307,14265
9780071352437,1455
9780071352437,13960
9780671798550,5528
9780060953492,8899
9780060953492,13089
9780306810640,5906
9780393318920,6452
9781882114986,12459
9781882114986,8775
9781882114986,7701
9781882114986,8650
9780471415800,14985
9780471415800,8406
9780471415800,10386
9780380788699,10064
9780515134445,8712
9780596000981,11942
9780134843469,12378
9780064407670,8842
9780767902892,14685
9780812213126,13950
9780879238612,11160
9780879238612,9816
9780618134786,10968
9780618134786,14673
9780312135652,8762
9780375726446,8775
9780375758959,868
9780061092350,15463
9780061092350,2370
9780060934729,10454
9780375403675,13914
9780670888214,8634
9780380977789,11018
9780380977789,3012
9780441304837,8712
9780375421723,12197
9780609805008,12911
9781891053429,6785
9780393049275,14596
9780140099188,8630
9780385319935,1263
9780684853208,3159
9780609802434,2323
9780765347411,3108
9780425071083,4482
9780393956573,4008
9780393956573,13783
9780393956573,12669
9780805324303,14006
9782710305088,15547
9782070368372,6236
9783462025378,5689
9780553571813,6000
9780441790340,12605
9780812550399,2492
9782877141512,5371
9780965881197,9898
9780965881197,3578
9780965881197,10512
9781573928274,9898
9780140119060,664
9780920109021,5206
9780920109021,6774
9780345377494,15138
9780590960366,14840
9780152009601,15107
9780393038026,15208
9780771014925,4859
9780060931803,13702
9781566199698,4713
9780451527493,857
9780451527493,6186
9780451525420,857
9780451525420,6186
9780451525420,13719
9780553573404,5063
9780553579901,5063
9780553573428,5063
9780440211150,8137
9781885211279,3736
9782290044063,9914
9782290044063,2027
9780821739518,13213
9780553280142,7797
9780821730898,12477
9780553245714,7202
9780345391056,10398
9780553243055,2738
9780312979478,124
9780375760914,8761
9780449244678,14404
9780671681036,8633
9780684800875,3842
9780743407069,7722
9780515131086,3700
9781585420650,7868
9781587430664,9854
9781587430664,14540
9780684843117,4194
9780684843117,507
9780684843117,9446
9781569550281,9255
9781569550281,5180
9781569550281,4561
9780446679763,14100
9780446679763,554
9780867162790,12494
9780867162790,7666
9780452274662,6252
9780064403641,11595
9780064403641,8214
9781400032808,7568
9780140262773,9671
9780385317047,2119
9780393029871,9629
9780743243315,10783
9780743407052,7722
9781400061594,4125
9780452283282,8029
9780743407083,7722
9780446532440,11070
9780446532440,10357
9780446533041,9162
9780375413278,14199
9781892738349,2297
9780743483018,9454
9780743483018,9701
9780743483018,2132
9780393029604,3970
9780312093006,6601
9780451184146,7788
9780380005239,6335
9780380005239,1231
9780231121002,6662
9780231121002,7884
9780064401777,449
9780064401777,13888
9780380732234,10318
9781571740564,11005
9780399142789,11005
9780375406539,5435
9780060004385,9511
9780679411260,9934
9780375412554,11305
9780312169862,6575
9780374129989,7587
9780670031788,12608
9780688176990,913
9780688176990,10710
9780312032975,4731
9780394561615,4837
9780394561615,3938
9780786866472,4637
9780385318785,4125
9781879941205,2015
9780060920074,13136
9780679437451,4125
9781931561648,1039
9780060517793,12278
9780553296129,14708
9780345413352,11954
9780380701346,2662
9780373260478,11220
9781588515285,8629
9780679450047,10392
9780241130520,5112
9780413722300,13962
9780413725400,13962
9781853830853,9828
9780859533560,14806
9780413624505,14112
9781857141290,5704
9780745321998,10687
9780140350746,13118
9781853912351,9510
9780201050714,6686
9780802116178,15324
9780140185010,5293
9780140298369,7392
9780451146427,8320
9780877738510,10809
9780877738510,7514
9780877738510,7514
9780380817443,14034
9780440862802,1085
9780571197279,9209
9780345300201,12471
9780451167309,8310
9780440154730,8539
9780553579833,12770
9780449224779,7281
9780345379337,3745
9781576737330,1738
9780590371254,8024
9781573227223,9588
9780670871759,12885
9780151446476,14921
9780670813025,13916
9780810922976,3083
9780761520931,1834
9780785281757,3721
9780785281757,12246
9780345405739,9293
9780451197412,14476
9780761522553,9002
9780316601955,669
9780399151514,14084
9780399151439,2942
9780451210227,7402
9780399148514,2942
9780886777777,14359
9780445406513,4189
9780671697976,12607
9780671697976,8327
9780441317486,12040
9780345405623,5575
9780345406149,5575
9780061006623,12709
9780553563696,9650
9780553563696,14860
9780345431615,15217
9780553567717,9650
9780553567717,14860
9780553286397,9650
9780553286397,14860
9780345301291,11946
9780345382412,5575
9780345389978,5575
9780345402219,5575
9780345405500,5575
9780671654344,12607
9780671654344,8327
9780671832179,15220
9780881845532,11946
9780765341280,11264
9780441662388,12040
9780345384683,5575
9780345353740,11037
9781586481841,2686
9780881843897,11946
9780460872584,5432
9780460872584,1651
9780385333498,8539
9780425043233,11946
9780345313157,12040
9780345314253,14463
9780345305183,12040
9780380004935,15217
9780451132345,13916
9780345279255,12040
9780451131317,13916
9780345272843,12040
9780786884469,6861
9780061031427,9100
9780060977337,10514
9780446693790,10514
9780553380163,13897
9780140285000,1680
9780671041557,12360
9780060987268,10514
9780684835693,2946
9780684835693,7681
9780380701001,5751
9780671504397,15035
9780451522306,5055
9780441005154,2918
9783518366752,5753
9783518366752,5367
9783453172333,1708
9783453172333,14572
9783453172333,8080
9783404136018,3270
9783453131163,3270
9783453092006,3270
9780553582925,3266
9780441008766,7162
9780812545241,12646
9780446606714,11812
9780553572421,4758
9780373320134,5991
9780803728493,498
9780525941675,3704
9780812522402,3074
9780553102048,13834
9781567183597,15479
9780671722944,15462
9780140191554,10730
9780140009934,7553
9780140279443,15349
9780140051629,7448
9780713910377,7413
9780713910377,9859
9780140510492,2804
9780140510027,15155
9780140510027,15156
9780140442076,4783
9780140442076,12104
9780575075542,49
9780091816872,5399
9780330020701,11037
9780851123554,10457
9780851123554,3176
9780743220637,10798
9781903402917,11789
9781856053310,13216
9780752521459,11383
9780696204807,1368
9780696204807,491
9780696204807,4886
9780696204807,7088
9780696204807,9343
9780273002352,1654
9780877540953,2805
9780751514858,14764
9783404143207,5223
9783453869806,7352
9783453869806,5626
9783453869806,1222
9783629002013,219
9783629002013,5819
9783629002013,14711
9780877147725,6986
9780674955219,10975
9780452283930,15276
9780553382228,3650
9781573227339,11079
9780679767954,11164
9780451526762,15462
9780596001933,5936
9780596001933,1548
9781565928619,5937
9781565926738,5936
9780804119184,818
9780060171407,10899
9780553293173,466
9780316812474,5241
9780440222910,3445
9781551668659,6839
9780380799602,9073
9780440237303,1172
9780373292943,7136
9781568842400,619
9780399133183,12875
9780066214122,10398
9780684803135,15403
9780451404305,12479
9780312192334,14873
9780060802165,171
9780394744322,10349
9780375507526,10774
9780375507526,9213
9780140266900,8825
9780140266900,5172
9780836221190,13423
9780446386401,13860
9780446386401,6194
9780688088002,9381
9780140444209,4582
9780140444209,1388
9781878825001,5268
9780070037489,7886
9783499102271,5716
9783499102271,8540
9780872203945,14644
9780872203945,14021
9780872203945,14021
9780385721400,8005
9780375410598,12467
9780440125082,989
9780446604277,857
9780446604277,7168
9780671501747,7076
9780805040906,14725
9780465006939,14016
9780670804542,11022
9780679741831,10774
9780688103910,3110
9780849912900,11401
9780345317988,6020
9780812968378,4577
9780312961299,13041
9780345450715,8522
9780451188472,2123
9780060195410,4650
9780446527699,3713
9780446609746,15370
9780375502231,753
9780440202042,13041
9780345285553,14463
9780821723241,13109
9780312156497,7292
9780938077114,14541
9780938077114,11849
9780312975227,13877
9780590452038,6925
9780451183668,10398
9780451183668,6810
9780061097263,1165
9780553111538,336
9780439137416,14852
9780312155858,9611
9780380758371,6113
9780345441768,15346
9780399150890,11428
9780449911167,9220
9780671868642,4205
9780553247374,12335
9780553247374,9766
9780061043505,3718
9780811828963,1851
9780811828963,14242
9780671624347,6802
9780786890163,14341
9780743225359,12782
9780399148729,2623
9780399148729,11618
9780071349291,6561
9780071349291,5256
9780312869069,12040
9780812968217,4358
9780312264376,12770
9780312264376,4956
9780684841182,8246
9780749005498,14080
9780679463078,4358
9780399146862,12730
9780312873080,4912
9780875964249,13865
9780875964249,8370
9780875964249,10324
9780028625751,13968
9780399146688,12619
9780553800999,11382
9780316693288,6385
9780670861941,7571
9780670861941,8600
9780399146237,8801
9780684842103,6401
9780439164849,8520
9780060174057,72
9780373484881,11169
9780099521013,7239
9780750005814,12883
9780750012034,12883
9780330261876,2640
9780140302394,14938
9780060086244,9701
9780451180421,5323
9780373250127,13379
9780060723897,10376
9780373250196,8052
9780758204936,9027
9780451410948,2545
9780385509268,8726
9780061010705,7346
9783462031119,13678
9783499187803,11246
9783499187803,3532
9783446203969,14223
9783446203969,12306
9783442727360,11838
9783216303219,4790
9783442444021,4154
9783442444021,10264
9783257229363,3652
9783499611186,14785
9783795116071,15227
9783795116071,2122
9783499232107,886
9783499232107,2592
9780552998000,7129
9783499114175,6162
9783499114175,15289
9783442439737,10720
9783442350483,4076
9783442350483,15001
9780671004538,10068
9783421056054,5620
9783442720149,8487
9783257225754,5967
9783442413331,7722
9783442413331,10264
9783499129728,13041
9783499129728,7961
9783442435364,11428
9783442435364,626
9783442441389,11428
9783442441389,2948
9783499613630,5338
9783499134418,959
9783257224306,2156
9783462025866,11079
9783462025866,9580
9783462025866,5698
9780811811651,12565
9780811811651,12565
9780811811651,7126
9780811811651,1650
9780440226413,1250
9780060233532,11670
9780060959036,1139
9780553278866,12578
9780805036374,14102
9780688156138,4549
9780374232412,353
9780140280098,5653
9780060697020,11966
9780060697020,11616
9780140254587,3395
9780375708275,4408
9783442541034,5362
9780340581230,13720
9780425187067,12619
9782264032201,959
9782070407675,5083
9782253171393,10068
9782070408504,890
9782253054740,5769
9780002258579,2506
9780446361309,5312
9783775713320,8533
9780451524065,5706
9780451524065,12967
9780451524065,12967
9780451411280,6903
9780743246347,7285
9780312865047,12464
9781928556398,9808
9780517676042,9414
9781562054373,7999
9781562054373,2365
9780735700734,15269
9780028604039,4797
9780028604039,11421
9781573220255,2834
9780345470638,13916
9780345470638,11882
9780425181485,10664
9780405054617,5944
9780405054617,4478
9780405054617,4518
9780312280765,3981
9781585673391,15552
9780886778965,14390
9783596154760,12350
9781561631469,1532
9781561631469,9864
9781841950143,577
9781852428112,2111
9781852428112,113
9781852428112,113
9781418447298,231
9780451457813,6999
9780553342499,9248
9780374525644,776
9780571167920,2472
9780590433440,3921
9780590433440,5359
9780590433440,6010
9780140043136,1844
9780874775136,1377
9780738846507,1308
9781552633212,9160
9780375701313,11537
9780340265451,11119
9780441004959,5263
9780312244262,7729
9780786889099,8733
9780373169887,10601
9781551660530,7084
9780373076376,10340
9780373259649,5607
9780553445015,3335
9780373256686,3334
9780373098002,1996
9780373095247,10091
9780373885213,703
9781565970519,7195
9780373075287,8544
9780373223459,8663
9780373031115,4320
9780373115457,5247
9780373164554,14861
9780821756676,8707
9780373291014,3446
9780373168712,7997
9780373168828,10838
9780373169795,12574
9780373169474,10768
9780446364294,13303
9780373482955,13985
9780446600347,13303
9780445205512,13303
9781551666013,13303
9780446356855,13303
9780446603089,13303
9780446360517,13303
9780446364317,13303
9780446364157,13303
9780446356879,13303
9780373288465,11137
9780373166626,9069
9780446360708,13303
9780373222285,4509
9780373169306,7835
9780373169634,10601
9781551660905,1102
9780553440843,1101
9780373098675,2717
9780373451913,8181
9780373096589,547
9780373169177,7997
9780373169467,10717
9780373255504,12570
9780373243433,1623
9780373165049,3258
9780452282827,7733
9780452281097,2980
9780679781578,12377
9780380728534,14583
9780395754122,6947
9781585673780,11947
9781585673780,5382
9781585673780,3684
9781585673780,14688
9780879757892,1297
9780803251731,9683
9780803251731,5672
9781582431611,9455
9780873382663,10047
9780931122743,2312
9781562800291,6027
9781562801465,6027
9780934971010,544
9780934971010,10112
9780553149128,9453
9780761504368,10712
9780673523242,953
9780673523242,6898
9780395354841,1245
9780553258950,14137
9780061040184,825
9780816513338,2234
9780816513079,2234
9781888277173,11104
9781555833565,12872
9781555833565,13476
9780688037123,13150
9780688179090,459
9781879960213,7959
9780345367563,2773
9780066214689,10413
9780785268833,7311
9780871135803,11309
9780590436847,11329
9783442352708,4032
9780449219140,808
9783795115838,14618
9783442721658,9280
9783442721658,9044
9783499156939,12586
9783473540341,10816
9780345407610,12471
9780061057793,8
9780330288132,2644
9780859696708,11450
9780859696708,11444
9781844261086,7222
9780385031387,15343
9780875420035,472
9780141001821,10989
9780380785209,10048
9783492229890,5807
9780385468060,10407
9780312420024,11939
9780553293401,6020
9780060929879,236
9780393312836,866
9780553211757,4804
9780553211757,2689
9780553211757,7649
9780060931919,5753
9780393318685,6012
9780590409438,15186
9780138700980,13702
9780515093551,811
9781412014052,6400
9782253003960,124
9780399151859,1019
9780802117823,2333
9780802117823,381
9780380897186,7620
9780380897186,5348
9781573240925,4147
9780385722209,2831
9780385722209,5950
9780702221989,6589
9780061095542,11250
9789879630136,10644
9780679732419,804
9780446606240,1610
9780316785266,7150
9780140049978,7509
9783701712410,254
9780809139606,13927
9780139483998,1318
9780139483998,8171
9780385494663,13648
9780140620801,10988
9780425174807,14748
9780425174807,13993
9780425174807,6792
9780061002861,124
9780140390841,5749
9780140390841,570
9780140390841,14781
9780451202857,7402
9780451405883,6389
9780312274979,2877
9780914171775,14706
9780914171775,10447
9780914171775,15025
9780914171775,1931
9780964849907,14303
9780964849907,14559
9780886777463,10288
9780886777463,6864
9780886777463,8107
9780375406959,11259
9780375406959,4344
9780743202039,5245
9780767902915,15063
9780395710913,8194
9780395860311,1028
9780192833648,5031
9780192833648,5264
9780192833648,3523
9780750514835,8478
9781860463310,11827
9780142001431,5116
9780609809549,12573
9780440218661,4529
9780142000670,7509
9780425192795,11302
9780821774359,8081
9780821774359,7775
9780821774359,5397
9780505524133,14164
9780345463401,14263
9780449006375,4856
9781885840042,13369
9780060580209,9463
9780060580209,6740
9780425191064,11301
9780743458122,9441
9780312984823,13600
9780380764006,6973
9780060549275,6828
9780505525307,8253
9780373218226,14185
9780373218226,14383
9780373218226,4517
9780679777601,14354
9780060505240,9089
9780060505240,8462
9780060505240,7877
9780425191255,12283
9780451458926,6999
9780805426182,13855
9780553800913,6000
9780804105262,12684
9780312422271,1047
9781555836573,15233
9780553250251,6118
9780451520791,3950
9780306803956,229
9780440241812,13750
9780767914765,8726
9780451528698,2194
9780451528698,4180
9780060989279,175
9780374232108,10872
9780140061406,10872
9780393310320,3857
9780679721031,7361
9780140433982,2194
9780140433982,8109
9780140433982,8109
9780142437209,2282
9780142437209,10502
9781560235132,14594
9780440219897,14539
9781555834937,15475
9781555836030,8508
9780553272161,1187
9780060930905,959
9780942361599,7741
9780942361599,9738
9780942361599,12003
9780553211481,1621
9780385334945,12569
9780345355560,8870
9780553210323,15035
9780964109964,11478
9780553212525,7863
9780553212525,864
9780553251500,6931
9780393321098,6718
9780553574135,13992
9780380716814,14841
9780880292610,984
9780517053584,3921
9780375706684,13287
9780140270594,6465
9780679445623,9239
9780140862126,12928
9780140862126,13875
9780140862126,1541
9780140862126,13626
9780740735752,249
9780440235590,9454
9780440906155,1226
9780345404985,12470
9780671619374,6189
9782070419654,250
9782070419654,4725
9780943734316,12442
9780943734156,11710
9780898861099,1164
9780803267350,9177
9780803267350,4879
9780964858404,6267
9780679826712,11954
9781885211682,6379
9781885211682,14395
9781885211682,765
9780767904896,8901
9780679733164,6744
9780679436683,3098
9780743411202,14626
9780618162215,6130
9780375724626,15147
9780375724626,13735
9780140077810,14349
9780590455633,10881
9780590455633,8028
9780375504907,1066
9780312087357,14964
9780156907385,15098
9780142000489,1765
9781584790662,13320
9780812910384,12648
9781573245036,5867
9781573245036,5100
9780618104505,358
9780441231942,800
9780886773762,6864
9780345291790,800
9780449231999,14631
9780192820570,8579
9780192820570,11872
9780449907894,5138
9780345301062,800
9780226462110,10476
9780425062340,7330
9780806967318,2181
9780944031070,1135
9781567182446,7011
9780380776320,1130
9780380776320,15059
9780440504719,8398
9780525942269,9319
9780062508157,13806
9780140195361,9668
9780380816552,2485
9780684848068,6051
9780449211823,12363
9780441627400,14435
9780553562736,2683
9780812555035,10808
9780812536508,10808
9780812553994,10808
9780380708895,13939
9780380706136,13939
9780380805426,14965
9780425171264,8155
9782277219514,11973
9780441794294,7996
9780375708701,8376
9780802134479,8473
9780151003082,3993
9780553274066,9650
9780553274066,14860
9781897783108,10633
9780340767276,10322
9780679750932,15324
9780425160985,11428
9780375701160,14598
9780375701160,7306
9780446613262,6385
9780385490818,9595
9780312267469,10421
9780140329353,13979
9780140329353,5914
9780743243964,15323
9780552998482,7129
9780099759713,6323
9781853260193,15435
9781853260964,14564
9780140440157,5371
9780140440157,203
9780749930875,3762
9780671041786,13916
9780439139595,6122
9780439139595,10067
9780439064866,6122
9780439064866,10067
9781575665375,8228
9780441005482,1671
9780924171550,12444
9780924171550,8812
9780449909058,753
9780330412308,291
9780064470056,1431
9780064470056,14997
9780821222348,2507
9780821221556,8992
9780380726295,3404
9780553292053,14783
9781860119194,2880
9780821221549,14614
9780553213515,5432
9780060933579,7733
9780440236726,2953
9780394839127,3805
9781573220217,8978
9780440180296,8539
9780140445824,12048
9780140445824,5529
9780140445824,5529
9780140445824,5872
9783423071000,8935
9783423071000,4710
9780884270614,4108
9780884270614,6778
9780425170052,14748
9783458324027,1371
9783499613425,14657
9783548021027,4396
9783518366059,10235
9781573229081,11216
9780805058246,6642
9780345400475,7370
9780140255843,396
9780380805990,6113
9780425169377,7120
9780671727314,7076
9780449003794,14102
9780553578744,4298
9780671896324,11990
9783379017152,10576
9780374190774,7441
9780972660204,2701
9780939165377,3060
9780060935467,5533
9780446322188,14921
9781551668994,10020
9780515116175,3504
9781575863269,3598
9780425168288,12619
9780440910558,5300
9781853261091,757
9780889950955,10000
9781562477578,13378
9780312876340,2257
9780446519083,6392
9780446518628,6392
9780688002305,12773
9780394708225,6155
9780394708225,11198
9780195085143,10628
9780195085143,12792
9780671765972,15610
9780922729616,4136
9780922729616,11485
9780767902335,8942
9781577311522,3895
9780425166802,4402
9781567185126,4976
9781874166184,6508
9781874166184,1594
9780875425016,12330
9780875426631,6044
9781882723003,1380
9781882723003,10320
9780764809323,4542
9781892137036,12107
9781892137036,12107
9780883681053,1722
9780874776942,7868
9780875422466,11993
9781869928186,6461
9780439358064,6082
9780439358064,10067
9780345400024,3388
9780399507915,6152
9781570627194,8112
9780439313896,11005
9780609608043,4935
9780760710043,7585
9781855381124,9700
9780875421209,13427
9781566199643,5818
9780738700335,9128
9780875423241,3618
9780738702797,11267
9780425158647,15384
9780553236620,13637
9781863739153,589
9780684831831,8274
9780713715163,5374
9780671532543,4015
9780330360432,4254
9780380723331,7032
9780006498001,10409
9780553210828,4991
9780395771556,10721
9781932560497,10923
9780140304770,14931
9780140444575,15079
9780140444575,3237
9780140444575,3237
9780140029611,6701
9780553213119,5749
9780743489065,15302
9780440225928,8022
9780099993803,7352
9780914457282,509
9780914457282,10466
9780914457282,7051
9780738702346,12234
9780892132928,14
9780892133260,14
9780060988258,749
9780345406415,7564
9780451184962,13916
9780440220602,7352
9780821766927,13492
9780671721138,12040
9780671721138,12747
9780786864515,9015
9780425135259,3266
9780060688240,13567
9780883960042,14205
9780883960042,13942
9780399149429,1624
9780440972327,9446
9780451156600,13916
9780449132470,7281
9780373111350,382
9780373114085,12904
9780590298360,702
9780689107733,10863
9780380016693,15250
9780880010726,4606
9780671760328,1622
9780671760328,6636
9780345309884,12605
9780380728183,15320
9780140298925,15514
9789722105248,7630
9782020239301,9311
9782020239301,4721
9782742743698,11569
9780769613291,8597
9780671628826,665
9780380716258,297
9780380716258,9542
9780806509020,6732
9780767901642,9669
9780439173032,13418
9780439173032,4235
9780590187558,1262
9780609807484,10294
9780609807484,12626
9780393049510,869
9781400031351,279
9780007106134,12454
9781572241312,8457
9782268013985,9546
9780451202789,7393
9780486277905,12190
9780394578194,9962
9780262192620,12825
9780399135415,7334
9782290318324,4746
9780553278118,4401
9780310478010,5985
9780590477413,12112
9780671868314,12112
9780425170342,14748
9780425068069,124
9780312975128,124
9780590433860,702
9780486270555,13712
9780486270555,13786
9780590433853,702
9780486296340,9239
9780380709533,1405
9780380709533,14858
9780743400527,10745
9780451188496,79
9780671656584,609
9780671695163,14954
9780671695149,14954
9780671729462,14954
9780446608954,11070
9780312287863,591
9780809293247,565
9780679417392,5055
9780679779155,161
9781550546002,15316
9780440204190,9454
9780451408723,8875
9780064472579,257
9780884042693,8569
9780141439693,11271
9780141439693,5922
9780764548574,10377
9780764548574,13440
9780449203668,2163
9780586087060,11077
9780449221037,15306
9780449218471,6256
9780060926014,10084
9780385018067,9679
9780385018067,4087
9780385018067,12265
9780028600819,7827
9780028600819,3824
9780140248302,12863
9780425065952,11418
9780070064263,5628
9783404149117,8320
9783404149117,14656
9783404149117,2390
9789504001065,8935
9781864501230,2848
9780864426222,2939
9780864426222,14838
9782277229933,2786
9782253150909,11706
9782253048855,9798
9782253048855,1703
9782253044918,9798
9782253044918,1703
9782266067249,11062
9782266067249,14978
9782253033134,14921
9782253033134,6730
9782070380749,9470
9780679728832,4469
9780440414803,9233
9780440414803,15112
9780440414803,1089
9780689825583,8363
9780142302019,13571
9780142302019,6862
9781586480493,2366
9780380821211,14477
9780140385724,13199
9782714303417,7928
9780140621334,6900
9782070389636,4806
9782070389636,159
9782070389636,228
9782070368150,10803
9782864241270,9311
9780440241072,7352
9780553277241,1432
9780140161953,11341
9780553287301,7495
9780451190529,13916
9780451190499,13916
9780679404859,3000
9780399141492,7334
9780553100136,12412
9780553100136,6447
9780671872946,5525
9780449215203,13265
9780440204428,2432
9780440204428,1908
9780553259254,403
9782207305553,6185
9782207249789,12031
9782266102629,10399
9782266102629,771
9782253140580,14090
9782253140580,3551
9782277233619,13897
9782020254625,515
9782277116097,2613
9782253049067,6899
9782266002639,5089
9782253044901,11545
9782253044901,1305
9782253152842,515
9782290312957,2924
9782266104852,4690
9782020579391,5580
9782020579391,13048
9782070366088,5371
9780553225440,8570
9780553225440,8979
9780786703371,1043
9780345350800,5433
9780345350800,12627
9780895551955,13765
9780872168329,6127
9780786705306,4931
9780743203173,13878
9780812550894,13499
9780881849806,3
9780671725259,1619
9780810934306,3877
9780060081188,82
9780312266585,12042
9780312906764,4731
9780312274788,4888
9780884042877,8569
9780884042846,8569
9780445204300,1810
9780380003822,14932
9780879801649,14307
9780879801649,1895
9780553227734,1174
9780486232942,8871
9780553241570,12770
9780553205312,12770
9780671493516,2206
9780828103053,1729
9780812561586,1992
9780670884834,1765
9780449227428,8320
9783404118830,11968
9783442430871,7722
9783442430871,10264
9783426600214,10398
9783426600214,6801
9783809413745,1504
9783442723836,15615
9780967883304,28
9780929141657,10077
9780525244585,1279
9780373706846,7776
9780373706846,1138
9780440414124,2490
9783442441082,4154
9783442441082,10264
9783492238571,8061
9783492238571,4845
9780805010855,14102
9780963622921,7651
9780963622921,1789
9781558506466,15563
9781558506466,7800
9781558506466,1321
9780140245486,10180
9780451167712,9778
9780698116955,11675
9780262121866,14588
9789839236088,14309
9780811830454,6867
9780811830454,8380
9780811830454,786
9780310329916,10703
9780440203438,12619
9780446606325,3035
9780553211238,2194
9781593080075,2281
9781593080075,14204
9780446604086,13663
9780446603287,9566
9780446343015,4469
9780451202475,6455
9780060548827,1001
9780804119931,10701
9781558746985,6137
9781558746985,9900
9781558746985,5609
9780515132182,11169
9780704349469,9149
9780394758435,3869
9780449213445,2163
9780446670258,6807
9780061098734,9852
9780448095141,2046
9780702227776,10853
9781841219264,6925
9780671015848,207
9780140149708,10704
9780434271917,13885
9781840461534,7600
9781840461534,1594
9780563534754,3257
9780563534754,9850
9780563487494,3257
9781862042490,1374
9781862042490,6200
9780330328579,4742
9780330328579,6420
9780330328579,1621
9780751516883,168
9780140622256,2793
9780140622140,15098
9780340765425,207
9780340660492,4576
9780425154090,11428
9780425179611,8592
9780425179611,13247
9780375724374,10522
9780446677677,11347
9780446677677,11725
9780060969912,11347
9780060969912,11725
9783423105163,6045
9783423105163,1784
9783492040686,669
9783502506805,124
9783453127012,7352
9783453172845,8461
9783596505470,15098
9780330262729,7397
9780330253567,7397
9780553057966,7596
9780671014193,7768
9780688171872,13467
9780871136794,2201
9780679400547,13091
9780805009217,3974
9780679406556,12284
9780684814773,4498
9789571315775,13491
9780517881002,10184
9781879181366,11331
9780671518905,3408
9780553212778,12768
9780553212778,6895
9780060392413,1204
9780553380095,10249
9780060391508,1204
9780060391508,1453
9780874779660,2394
9780874779660,10187
9780679726227,7030
9780306810121,2443
9781555834319,10570
9780684841823,14803
9780440504702,154
9780440504702,14082
9780671521134,9954
9780399518461,8339
9780688140717,4071
9780853301233,332
9780553284348,14157
9780345356505,7007
9780440473503,777
9780773674486,6664
9780743423687,6189
9781410798862,350
9780525945932,9454
9780425168769,4125
9780385496094,792
9780385475723,9595
9780385319904,10534
9780425142035,14982
9780061096259,12001
9781551667508,5604
9780553277722,3727
9780425068090,124
9780449146392,14975
9780312421113,7233
9780761514435,1569
9780761514435,10702
9780679405283,811
9780440508977,1414
9780440508977,10934
9780006751502,6710
9780515137118,11169
9780345456939,14263
9780060504113,4173
9780060542795,8069
9780743469845,1112
9780553583571,14376
9780446613880,11051
9780449148235,10941
9780373289271,2325
9780451205568,7112
9781551667379,9467
9781551667393,8695
9780778320326,5186
9780778320418,5669
9780553107388,12578
9780375406188,8376
9780553271638,14102
9781892145055,9474
9781892145055,14651
9781892145055,14018
9780345389961,7370
9780486256115,4697
9780679751526,7239
9780590120722,14733
9781888054552,11354
9780312099046,10575
9780312099046,14285
9780312966096,6554
9780385265560,264
9780670813643,13916
9780892961757,8843
9780345372437,4865
9780399144318,8964
9780786883219,5022
9780375504617,753
9780785263531,10549
9780380896387,6113
9780380896417,6113
9780671252946,1867
9781559722728,5050
9780393046335,4819
9780671001797,6554
9780316526838,700
9780385307888,1167
9780385307888,1170
9780394479705,6256
9780425161289,345
9780156904360,1830
9780156904360,4789
9780743448420,11989
9780140349917,4238
9780440414537,11486
9780061064982,13886
9780061064982,10287
9780553274295,15501
9780590457798,15475
9780689800849,9632
9780590457231,10014
9780689311000,15495
9780590926676,1196
9780671794019,1731
9780671794019,4908
9780440403333,11675
9780440948995,1405
9780689849176,9632
9781586480103,14744
9781586480103,621
9781570282027,6084
9780877950936,4739
9780743490399,11924
9780451524669,5055
9780451524669,1814
9780446600255,13114
9780345386748,14463
9780965894357,762
9780671039851,14954
9780671039837,14954
9780671007690,14948
9780671007676,14954
9780140063837,7448
9780207169519,7325
9780684870816,8266
9781558748040,6137
9781558748040,9900
9781558748040,8452
9780425132982,13745
9780439053860,14139
9780743403610,14954
9780130294425,6804
9780843925029,14069
9780756400958,8107
9781559210867,11715
9780886779962,9798
9780330420952,3504
9780789716392,7169
9780821767245,7054
9780515135350,1979
9780316782265,669
9780525945215,3013
9780786869053,2078
9780446530385,4549
9780688177744,7144
9780375413636,13920
9780425147764,528
9780399149290,14084
9780066212692,6995
9780670031061,2545
9780679439387,3662
9781565123410,9080
9780451179180,11882
9780786867615,1352
9780061098031,8541
9780553572100,7795
9780515129502,9976
9780312926458,14573
9780786889839,10944
9780804108744,818
9780425121634,7494
9780804109055,13562
9780345402301,13800
9780451168696,11882
9780679459606,7596
9780316693233,6385
9780451188618,2093
9780505522085,454
9780380820849,7877
9780425153970,3266
9780425119655,12875
9780553579987,6000
9780399149320,11428
9780425159712,3243
9781583144268,13739
9780446610858,8091
9780821771426,10253
9780671744571,7768
9780373261048,2170
9780743233460,8246
9780804114981,512
9780380808076,14151
9780671793562,719
9780743410502,8246
9780380750849,7203
9780425151884,14273
9780446611800,13303
9780310220039,444
9780553583366,466
9780446600705,3177
9780671019921,11949
9780449150023,6837
9780425178577,6065
9780449907955,6536
9781551669496,13811
9780380814480,8091
9780140069136,7895
9780696214561,1368
9780696214561,4887
9780696214561,9016
9780448089195,4709
9780448089164,4709
9780451626073,857
9780451626073,14299
9780451626073,4762
9781563831232,4807
9781563831232,491
9781563831232,12088
9781563831218,4807
9781563831218,491
9781563831218,12088
9780028620664,1376
9781892051172,2550
9780877201359,68
9780844273259,12247
9780201741643,11918
9780201741643,10659
9781559362320,11133
9780345430786,13861
9780316710572,6385
9780060555511,12285
9780892967544,3203
9780399148651,5160
9780312319144,7646
9780345457585,13883
9780345453419,9019
9780060555658,1052
9780316591126,15208
9780312319519,4758
9780380978830,14104
9780385336208,13949
9780553802528,9078
9780446530682,3177
9780399150852,13352
9780060083953,4268
9780446531429,8982
9780446531429,3768
9780312306816,2886
9780312271787,6426
9780399150876,12619
9780399149825,14084
9780553802498,3266
9780345452573,7596
9781400041411,11305
9780060193881,15093
9780743428682,14954
9780525947653,12481
9780312316693,12770
9780060005559,6315
9780312304263,13904
9780312304263,13867
9780399148767,12867
9780316603287,6385
9780399145667,12619
9780425178102,3000
9780553580518,2683
9780749301019,13489
9780749301019,13590
9780749301019,7042
9780445204225,5862
9781930252509,371
9780515123296,15154
9780312985202,13871
9780312985202,7009
9780449220351,7371
9780312981266,10196
9780671047542,15420
9780385144742,10496
9780385144346,418
9780595175680,10406
9781594082313,9689
9781410777058,9689
9780374172473,10841
9782070394869,1093
9780609807422,7020
9780425122952,15302
9780451208767,5323
9780618129027,6130
9780345423405,8712
9780345423429,8712
9780345443564,8712
9780743454148,5323
9780451210845,13916
9780425152362,8155
9780553374438,4952
9780553106640,3266
9780553057706,9765
9781853263507,2750
9781567185713,9994
9781560251477,6478
9781560251477,8159
9780449223796,7495
9781568846538,13167
9780312144074,4876
9780684869230,6755
9780156007474,4316
9780061031847,6393
9780312267179,607
9780345434944,8416
9781860110887,2082
9780875421841,13427
9780786868612,9496
9780786868612,10602
9780786868612,13023
9780375503030,10258
9780345442741,9200
9780970272706,11507
9780399138430,3266
9780130484710,15360
9780452276369,14534
9780671723651,2839
9780671733353,2839
9780451206527,5323
9780140445947,14982
9780140445947,10364
9781557489296,8486
9780553280432,12224
9780451167316,13916
9780821725993,11781
9780590444644,1982
9780399517433,12916
9780399517433,10634
9780671517649,9239
9781557489197,540
9781577480112,6523
9780451457257,1025
9780394741833,9590
9780394741833,15493
9780394741833,10358
9780394741833,5767
9780394741833,14855
9780394741833,2697
9780345428455,12128
9780671541743,3272
9780671541743,8530
9780345314871,1655
9780140446104,9287
9780140446104,13006
9780140446104,7340
9780140444223,5816
9780140444223,15133
9780140147681,11853
9780452270299,11606
9781560766261,6352
9780140113419,7379
9780155026605,4824
9780155026605,12642
9780155026605,10333
9780312850241,1251
9780312850241,1473
9780786913886,12128
9780766607200,9898
9781884820298,12137
9781884820298,5835
9780140423464,14982
9780140423464,3183
9780140423464,5425
9780440133018,1897
9780140587647,356
9780399144707,11169
9780312859046,8553
9780140444179,8863
9780140444179,13054
9780380769155,5120
9780380769155,11436
9781560760474,12128
9780880389051,12128
9780880389204,12128
9780140193664,14365
9780140193664,1916
9780140194913,10605
9780140255102,3823
9780140255102,11911
9780140255102,11146
9780140707311,15462
9780140707311,4336
9780140445145,4783
9780140445145,10569
9780140445145,10569
9780452010840,7521
9780140048162,14982
9780140390537,5749
9780140390537,4753
9780192713438,5912
9780345396938,811
9780312261917,10075
9780140108705,11112
9780671722845,15462
9780553233896,844
9780553346084,692
9780330306836,11296
9780140181906,3950
9780140181906,662
9780786881277,907
9780786881277,8161
9780394587547,3870
9780020519300,4432
9780345315014,11387
9780590226387,3276
9780590226387,9570
9780590466172,12112
9780006514589,9998
9781578660438,13311
9780761116233,13047
9780761116233,9469
9781580174497,9043
9780380819607,4126
9780312980153,6839
9780821771112,9095
9780451403964,337
9780451403964,811
9780140277746,9554
9780140277746,3282
9781580050159,5959
9780451524195,6482
9780451524195,2014
9780821768099,8543
9780440214861,13612
9780440210047,13612
9780440214854,13612
9780380818952,2403
9780451191885,337
9780451191885,811
9780345423658,337
9780743410267,11425
9780515119664,3644
9780312979850,1403
9780312979881,6503
9780446671330,9195
9780446671330,455
9780425173633,6065
9780451524744,7445
9780451524744,2497
9780451524744,2497
9780553212457,14926
9780553212457,10811
9780451191137,1065
9780451191137,8879
9780451191137,8879
9780553299618,12798
9780679454489,811
9780679454472,811
9780425176306,6065
9780684824482,4530
9780684824482,10189
9780684801551,4530
9780440225638,2704
9780811212472,4530
9780811212472,3963
9780553584783,5520
9780805417760,5708
9780805417760,12379
9780875427911,13679
9780156961585,10339
9780679720201,220
9780679720201,10203
9781852302085,2476
9780140092837,7359
9780679424475,5877
9780373250370,9048
9780312983277,6554
9780312983277,13822
9780312983277,2287
9780060507848,4209
9780345295682,800
9780312204358,11652
9781551669281,260
9780446670111,194
9780020545507,7696
9780385468497,14730
9780312979096,14715
9780385313865,13951
9780323023924,7132
9780323023924,5234
9783257232998,1316
9783499141638,5716
9780702217920,4164
9780373280193,203
9781557735843,2797
9780515111347,7478
9780373242191,9085
9780671631567,5110
9780380541713,2292
9780749300661,7592
9780821221815,860
9780684146010,11023
9780684146010,11010
9780441007165,11785
9780345391827,3745
9780345253880,12956
9780609603086,8320
9780553282818,7683
9780553284782,14102
9780553279559,14102
9780812580143,3902
9780374281946,13444
9780345420435,7397
9780689300547,14935
9780345384911,800
9780345332998,13937
9780451194107,8768
9780451191014,12370
9780553564945,12239
9780886772376,9798
9780886772376,12426
9780671637187,8465
9780140154788,5219
9780140154788,5219
9780751514407,6819
9782070361380,5814
9782070361380,12014
9782070381166,12381
9782070380596,2935
9782070368822,9677
9782020477819,611
9782020477819,10980
9782253151166,2422
9782842054618,15614
9782277220626,3540
9780380731244,15127
9780380731244,491
9780380731244,9390
9780002713276,15101
9780002713276,11515
9780375725845,11544
9780345318589,6130
9780345340979,14171
9780440106449,7683
9780515104530,14609
9780515104530,30
9780553238457,7683
9780671701239,10068
9780553290264,7683
9780380725410,8768
9780449204559,11836
9780446605403,11032
9780061009501,8669
9780142002391,543
9780142002391,13941
9780330328746,11535
9782070376995,9677
9782264034885,7380
9782264034885,6128
9780786711253,210
9780446605953,6680
9781864484090,11233
9780399136474,1432
9780679776819,13455
9780812508420,5210
9780812555332,5210
9780312931124,7580
9780312931124,15302
9781569711248,7034
9780441007882,12259
9780441007097,12259
9780812540031,14475
9780451458841,10716
9780345382450,10926
9780446610773,8063
9780812520071,7980
9780679416777,11454
9780812555172,14689
9780963784612,15105
9780440224716,13352
9780425096444,15148
9780553280418,7385
9780373484232,11169
9780064410137,8842
9780064410137,1648
9780064410137,10477
9780373291106,13527
9781402710650,13801
9781402710650,14746
9781402710650,3419
9781402710650,5883
9780446600378,12786
9780451410610,4181
9780345440761,14108
9780836251821,13423
9780763616083,12986
9783453209619,3745
9780517706817,8660
9780517706817,10646
9780517706817,9634
9780590044936,1405
9780590630931,3050
9780590630931,14054
9780439087964,11344
9780439087964,1687
9780141303789,7472
9780141303789,5102
9780694011100,4627
9780694011100,14399
9780786842438,5260
9780689819346,3265
9780671737290,1731
9780816734160,6576
9780439323734,6502
9780440496038,7065
9780440496038,11397
9780689710681,12641
9780689710681,15603
9780590462310,5260
9780394846651,11088
9780590458078,2663
9780152099909,10113
9780152099909,1341
9780152099909,7170
9780671745677,1731
9780671745677,8147
9781577656920,6305
9781577658047,5408
9780382243578,5990
9780590523462,702
9780140319309,4556
9780816728794,3945
9780440472094,1405
9780439136365,6122
9780439136365,10067
9780688160869,9233
9780688160869,87
9780590673181,12132
9780380712366,1405
9780380712366,11644
9780679804024,9094
9780679804024,4565
9780671798345,1731
9780671798345,8147
9780020418801,1982
9780449701775,15495
9780821730003,12555
9780140348934,10689
9780590483469,12112
9780385498791,10844
9780140366662,4627
9780140366662,12887
9780060278250,4900
9780060278236,4900
9780064471831,4900
9780064471831,8851
9780064471831,3467
9780345366238,8156
9780330262132,3745
9780416052022,10787
9780689867033,1848
9780786885978,12388
9780689870026,2131
9780590769587,13418
9780590769587,4239
9780786817900,3310
9780060595098,4110
9780684832173,8266
9780380807345,11018
9780380807345,3012
9780689859915,2131
9780957881433,587
9780140341775,5196
9780553577129,778
9780553577129,11281
9780553577129,10742
9780553577129,14192
9780307222510,5246
9780671021184,10906
9780064473620,9259
9780061008764,1112
9780684870823,13810
9780375727016,10590
9780375727016,4704
9780425186893,3322
9780380752898,12040
9780807848739,2944
9780813116792,6702
9780394744544,10176
9780385333504,8539
9780316925198,3089
9780425176054,7712
9780425176054,4308
9780330301497,5128
9780297778530,5721
9780812969818,753
9780306803987,11632
9780451163523,13916
9780451194862,13916
9780451194862,3012
9780852073254,4591
9780452280625,14807
9780195042238,14461
9780140187373,7509
9780451166586,13916
9780671019730,9019
9780671026011,6800
9780231120623,3442
9781895555592,6570
9780888992420,14695
9780888991249,1657
9780006479659,8084
9780888991706,9930
9780888990884,1657
9780006479383,8084
9780330375252,5653
9780373834990,7776
9780553379334,14783
9780002245661,3490
9780385503822,7352
9780609804131,6974
9780345439109,2417
9780316852579,5751
9780061031410,9100
9780375757594,10775
9780140071085,13634
9780345248220,12821
9780374423414,13062
9780743439794,7923
9780192833662,10129
9780192833662,9750
9780812548228,8553
9780380784165,537
9780684848402,6217
9780446677691,9052
9780451192998,11885
9780425105696,124
9780441003525,14982
9780451455833,775
9780679742562,51
9780553575385,2683
9780449214176,9595
9780061031076,4173
9780425180631,11428
9781853260049,2194
9781853260049,9584
9781853260049,7246
9782266051323,14581
9780752860176,7864
9780441009237,5548
9780441008537,2170
9780312924805,13041
9781857970449,634
9780786702428,11065
9780590477420,12112
9780590477444,12112
9780440222439,8435
9780451454539,10064
9780316555524,4691
9780688101190,3364
9780241123966,12138
9780060112714,5891
9780671739089,1084
9780821756041,1023
9780786004829,13057
9780751516678,4309
9780297828990,10191
9780061013720,9707
9780451163547,8320
9780735201996,7466
9781414011455,2762
9781564029652,9995
9781564029652,11509
9780307121257,11239
9780307121257,12501
9780671493189,13302
9780671493189,13302
9780679882817,3805
9780671449018,13302
9780399215926,4353
9780394900186,11317
9780394800202,11317
9780395150238,5401
9780395150238,9674
9780953881024,3126
9781852860592,3466
9780521426213,15462
9780521426213,12334
9780859344302,10859
9780859344302,11323
9780671787554,10459
9780671787554,3016
9780671869106,10459
9780812516005,9798
9780394821993,11208
9780449208793,9659
9780393318456,2733
9780192835185,5713
9780192835185,9867
9783518115756,14915
9783442432073,9837
9783442432073,13111
9781853261077,3945
9780786706952,4959
9780345443236,11469
9780688149628,7646
9780399145926,11169
9780316693257,6385
9780373706938,9670
9780804107433,9951
9782070373628,12973
9780375503993,10774
9780375503993,9213
9780688062224,3607
9780688062224,14415
9780937295076,14973
9780937295076,11074
9783540587101,14254
9783540587101,14950
9781565922099,13967
9781565922099,7828
9781565925656,3669
9780684163253,4530
9780843105551,13872
9780672324253,6936
9780672324253,9835
9783442722495,3105
9783442722495,2383
9783442545544,15516
9783257225334,3681
9783257206081,4539
9780312423186,2668
9783746614007,3665
9783746614007,15529
9783548253657,6470
9780140063332,6942
9780679735908,51
9780380716548,6113
9780380792481,6113
9780670881765,6906
9780451523372,1621
9780451523372,8885
9780452281424,34
9780452281424,811
9780553581652,1132
9782290314883,12073
9780380709137,1405
9780380709137,14858
9780679775430,5580
9780345272607,6130
9780345272591,6130
9780345272584,6130
9783499433269,3514
9783871340758,2698
9783498063610,5339
9783423122085,612
9783423122085,12169
9783423122085,2440
9783548252445,7129
9783404242320,15527
9783746680170,12022
9783746680170,14916
9783596215225,13817
9783518379080,4776
9783518373088,244
9783518373088,833
9783404600243,15497
9780748702787,180
9783257018950,11545
9783257018950,6725
9780553240634,14797
9780786817085,4342
9780385334921,3321
9780345445858,114
9780743437134,7768
9783442728725,13650
9783442728725,10742
9780684841212,7655
9781587242588,728
9783746616360,4490
9780140026177,2467
9780449221495,14102
9780679433354,13307
9780670033331,5653
9780060520519,9701
9780425136997,345
9780679407713,818
9780747273202,14107
9780156029438,1039
9780375704857,4092
9780671686154,4092
9780345455918,345
9781931081740,9285
9781931081740,6081
9781932047240,12742
9781930586789,15211
9783401045665,4627
9783401045665,8492
9780156028356,366
9780679733485,12858
9780732269197,11814
9780671877040,12605
9780380761593,15598
9780446609906,11758
9780553281439,9650
9780553281439,14860
9780553279023,9650
9780553279023,14860
9780886773748,14359
9780609608920,9261
9780812549003,10329
9780553276381,9650
9780553276381,14860
9780886771621,14359
9780440223542,8220
9780140186482,11325
9780140186482,15160
9780590416917,11920
9780590416917,1653
9780590457408,2010
9780448095042,2046
9780448095059,2046
9780380728503,3325
9780312916459,3192
9780804106573,1166
9781886910522,12267
9780140818031,6701
9780140818031,5774
9780061032042,13243
9780061032042,2966
9781566471015,5213
9780684825410,5556
9780385475464,3427
9780515126099,3504
9781888608502,10668
9780345387653,7370
9780345384560,8005
9780590440158,6453
9780553287899,981
9780451628640,6927
9781566891059,14429
9780883964200,3766
9780883964712,11500
9781881273622,4914
9780785266099,8615
9781883013851,14508
9781883013851,14507
9781883013868,14506
9781883013868,14502
9780425067864,124
9780812092004,7182
9781586602246,7877
9780736905329,14063
9780393047226,12572
9780061073625,6959
9780688140472,11125
9780609808405,14828
9780609808405,9230
9780609808405,13742
9780743200332,12572
9780743200332,3147
9781931402217,3440
9780966723724,8463
9780875730707,14015
9780875730707,14393
9780972208604,6685
9781884800399,7185
9780971971509,3632
9780397320424,6763
9780553580532,14034
9780425173640,1428
9780451160195,9778
9780679402299,11857
9780811801027,7992
9780679433026,811
9780679446675,7033
9780553212037,4627
9780679463320,1840
9780679444817,10398
9780394589428,10398
9780465072835,5019
9780486268705,6337
9780486268705,3777
9780486275475,13873
9780399145797,15384
9780140714548,15333
9780140714548,35
9780140714548,13854
9780072546408,7191
9780060921149,1139
9781841763101,12315
9781841763101,11414
9781855329812,12315
9781855329812,1491
9781841763118,12315
9781841763118,11414
9780850455120,11941
9780850455120,1772
9780007137503,12430
9780375402906,7370
9780375402906,5040
9780553241723,7495
9780517883860,3010
9780446313933,5877
9780446313933,12188
9780671680787,3504
9781592869626,434
9780800782191,2713
9780821761199,6977
9780061084713,10888
9781551661599,6568
9780515120349,12160
9780821761731,4564
9780812507423,15137
9780812507423,8196
9780425121252,3266
9780061030437,14173
9780840757234,2251
9780553138016,13999
9781586481612,252
9780553572216,10525
9780553288346,7495
9781575668475,2368
9780743467520,13916
9780312950484,10395
9780140123890,4837
9780140123890,4834
9780140123890,4834
9780804106276,2279
9780385487559,3575
9780385487559,9941
9780446353205,11032
9780553208221,7683
9780770103934,10375
9780373970025,8265
9780425160190,4956
9780446357401,13663
9780340223031,11119
9780671809133,10086
9780671672690,8219
9780722150955,11295
9781552780725,9920
9780440223825,15069
9780425095867,13762
9780441090723,13762
9780425097229,13762
9780446675963,1447
9780312867393,1769
9780345300805,3077
9780446517980,12733
9780064648011,10084
9780373834280,11169
9780440224853,2953
9780345404114,9181
9780747230038,3946
9780747230298,3946
9780553579192,8134
9780471407386,5870
9780060984427,10487
9780553567151,9316
9780451211019,12407
9780553283501,9316
9780440219811,2010
9780553570878,9316
9780786813704,13066
9780446361736,13303
9780141007335,11079
9780002261524,3418
9780007110926,11369
9780375760396,10534
9780440467014,7832
9780425129586,124
9780373168286,5970
9780679745136,14719
9780375502811,10775
9780590483803,2783
9780671027667,1112
9781580081238,12469
9780452279087,5380
9780452279087,7855
9780316779074,15460
9780316779074,9944
9780399523304,15021
9780201626902,14329
9780671021764,15021
9780915473564,481
9780915473564,5391
9780553580747,10016
9780553580747,13259
9780553580747,15287
9780553580747,12923
9780451171078,8910
9780671620493,12893
9780688151072,2406
9780425130247,124
9781558321168,4880
9780446530231,8127
9783492256346,6463
9780805067149,11569
9783518383971,6024
9783518383971,8961
9780552133258,14477
9782277241133,6392
9780156011600,10587
9780345335050,7786
9780671742515,3745
9781902881324,13581
9781902881324,11960
9780446357203,14921
9780451526649,4530
9780451526649,6642
9780316198950,14817
9780312244996,6095
9780312244996,6384
9780312244996,4252
9780375706141,10407
9780953327522,14067
9780451149176,4951
9780140065503,14348
9780140065503,6391
9780679759324,662
9780440447672,4627
9780345427632,1840
9780553212631,15313
9780449213766,9595
9780446314985,9595
9780553213102,6482
9780786703227,1333
9780446674164,8470
9780671602543,1248
9780451199973,7054
9780451521071,5478
9780446675369,13114
9780440466093,9239
9780440416029,3027
9780380012053,7620
9780385474542,2340
9781573220538,12702
9780671020293,14954
9780595259670,2314
9780860074380,5678
9780140386080,13235
9780330267380,3745
9781896764092,9512
9781896764092,8794
9780679426141,4538
9780671042578,1644
9780812990324,14565
9780930452933,13945
9780930452933,6347
9780812694215,7004
9780385487399,8724
9780609608098,7419
9780609608098,7075
9780312141479,4761
9780743420372,14585
9780743420372,15365
9780099287926,14199
9781558184022,13441
9780684869742,4417
9783442448791,9914
9783442448791,4212
9780689832925,2775
9780590640862,4929
9780060937683,7549
9780440219767,4933
9780553371840,14029
9780916773199,15022
9780916773199,6167
9780679736660,11946
9780451209900,9454
9780312954161,1203
9780449221518,14102
9780451409645,14628
9780375707094,9961
9780399149788,11310
9780525946281,8320
9780385318075,9454
9780061013317,6802
9781400031368,279
9780804107389,7925
9780140435535,14580
9780140435535,14668
9780072121704,5508
9780307120847,2540
9780307120847,10165
9780689846083,2232
9780689846083,7955
9780689846083,2232
9780689842702,8179
9780689842702,11256
9780786846467,334
9780671038311,1488
9780671038311,1990
9780140381535,6712
9780064472616,89
9780743400770,11107
9780849959301,9114
9780849959301,10930
9780449223611,14102
9780380818815,15397
9780060959944,11191
9780425181867,13154
9780439443852,345
9780061031120,11705
9780824511746,10739
9780875963020,13659
9780399526008,14771
9780399526008,5331
9780440203520,12450
9780156012195,890
9780156012195,12431
9780449221181,1891
9783423703048,5726
9783423703048,10273
9780425179208,1070
9780553107753,14783
9781853260155,11271
9781853262395,15098
9780140010213,11271
9780393314809,6012
9781591291664,8890
9780843944334,3227
9780440403784,12482
9780312168742,6325
9780590897549,3475
9780425155462,5592
9780312266066,8396
9780843952001,14681
9780385261753,14014
9780671014025,7812
9780671014025,4893
9780393093247,12440
9780812549324,12799
9780439101363,9239
9780439101363,11675
9780380731862,3404
9780140621594,2228
9780440195931,10068
9780880387224,11570
9780880387224,14839
9780844295589,12811
9780140314205,1351
9780440998051,9446
9780439319133,5662
9780330352093,2644
9780140014846,2806
9780060269920,13509
9780553299328,9316
9780743464673,4103
9781558744240,9523
9781558744240,13167
9782070414574,4798
9781853262807,4823
9780140328707,12586
9780140328707,10420
9780345396662,12839
9780316181358,197
9780385468701,1466
9780385422932,10649
9780060165970,14604
9780385421942,8233
9781565122963,12782
9780486280592,5145
9780843114799,9396
9780804115612,4538
9780375724954,4360
9780679738558,4360
9780679771838,4360
9780345340429,6130
9780679745204,10522
9780679777489,3711
9780679777472,3711
9780679777465,3711
9780679777458,3711
9780345449344,7370
9780879100360,5536
9780879100360,13082
9780312252922,13694
9780312266516,13694
9780151005345,1020
9780151005345,9635
9780156006392,1019
9780156006392,13743
9780679777441,3711
9780156005203,7630
9780156005203,5195
9780156006248,7630
9780156006248,5195
9780156010597,7630
9780156010597,9604
9780375701900,12496
9780156004015,7630
9780156004015,5195
9780679777540,1019
9780679777540,13743
9780345434791,7370
9780345396457,4865
9781853262715,8863
9781853262715,9254
9781853262715,1064
9781853262715,3867
9780888012050,10740
9780773759695,10740
9781895837612,11546
9780375705199,4202
9781550548167,4744
9780385720328,5989
9780385720328,6833
9780747545637,131
9780374521950,247
9780889951921,2114
9780449910832,6536
9780771079566,13654
9780571212217,7437
9780671439163,2810
9780345419071,2627
9780590419444,5283
9780425166093,8512
9780440227014,5274
9780671887841,6450
9780671041656,13035
9780894808241,14291
9780590475365,5146
9780440218739,13352
9780449223345,7045
9780764227899,4251
9780060244156,10208
9780060244156,9150
9780684829227,6246
9781573060318,12543
9781573060318,12543
9780881337266,12750
9780881337266,196
9780671872649,2492
9780375758584,183
9780061013577,7555
9780061013577,7615
9780061013577,11512
9780449223833,7281
9780394520933,11064
9780394583259,1363
9780316592383,15208
9780439372947,1528
9780439372947,1648
9780399135439,7494
9780517092811,14821
9780679412953,811
9780394423296,14807
9780688156145,4549
9780399137730,3266
9780316955195,5751
9780515123494,12619
9780439139601,6082
9780439139601,10067
9780670894376,6465
9780441007554,15384
9781555910808,14782
9780553271102,6176
9780385495646,5455
9780670031207,6465
9780670031207,3649
9780525246602,11882
9781880238660,3339
9781880238660,2637
9780822315896,13073
9780140100037,10338
9780684870670,15441
9780939149940,7517
9780552143776,11062
9780886193546,7936
9780142004272,2945
9780451192035,12630
9780451192035,7365
9780451192035,7364
9780310217596,14455
9780310217589,14455
9781568654782,1410
9780140434187,4295
9780140434187,11700
9780141182452,6337
9780595140459,437
9780913559482,439
9780517189184,6690
9780374148577,10841
9789681336080,4837
9780375700668,7626
9780743204231,4690
9780192833860,1621
9780192833860,10207
9780679310419,13430
9780805041507,7357
9780380977703,12910
9780967745909,440
9780446531481,8127
9783442353972,4529
9783442353972,5637
9780451207647,7402
9780316092739,8613
9780316092739,2830
9780743428187,5955
9780590598859,10273
9780061000072,3851
9780671670689,14954
9780449000861,808
9780446605588,13303
9780441694549,178
9780446403443,3600
9781572972186,2328
9780345395061,15369
9780425148341,11875
9780515117554,12844
9780425145456,3886
9780553298833,8032
9780425156728,11875
9780425169889,8032
9780380794775,11875
9780671011376,8246
9780515124798,9337
9780515126488,13985
9780679753827,12496
9780380974283,9896
9780684196770,14235
9780399142857,11428
9780399146251,11428
9780316693295,6385
9780892964116,14075
9780671042745,7397
9780385480383,9000
9780385488426,6348
9780553096835,11649
9780425130742,9766
9780553102130,7481
9780345391339,15346
9780345334015,12471
9780553569667,13328
9780553574661,3485
9780451180056,10944
9780812590555,585
9780553579246,3298
9780061093920,9720
9780671898779,6882
9780812571998,4529
9780451199652,8913
9780451197429,6070
9780553102345,4154
9780399146503,7494
9780312143640,8128
9780553099591,14376
9780385300001,13352
9783499233319,15519
9780140620504,15179
9780140620504,13766
9781895565546,807
9780416469608,1279
9781841120683,2998
9781841120683,10177
9781841120683,8513
9781841120683,3262
9780044402442,1132
9780749425623,3125
9780749425623,2792
9780273622215,3918
9780751530322,14062
9780140431025,6482
9780140431025,9607
9780140431025,9607
9780749418229,14095
9780241141090,331
9780450547430,6324
9780340766637,9599
9780860680642,9595
9780140040029,10839
9782253098188,4286
9780312997151,9572
9780786890064,12561
9780553279375,10249
9780440209980,14148
9780380788644,14104
9780380788637,14104
9780380717583,14104
9780684826141,2120
9781551666983,7086
9780425176030,1979
9780156013123,490
9780156013123,11060
9780446610940,10902
9780425083833,14748
9780425135723,8780
9780515130546,6216
9780515090659,8766
9780553292725,14376
9780380721641,11036
9780425183755,11036
9780445408500,9566
9780553270488,12707
9780380798575,4189
9780452282261,3477
9780786867783,821
9780307001252,2688
9780590484138,11400
9780590484138,10943
9780679824121,10118
9780679824121,13239
9780373227273,3369
9780373872411,4864
9780671550578,2492
9780671550769,2492
9780373226917,2284
9780761118695,5558
9780671680084,6124
9780671680084,3155
9780671680084,15463
9780345354624,10398
9780671442682,3745
9780671525804,3745
9780671684020,6688
9780671701307,8297
9780380773060,13511
9780812516210,2193
9780446602297,16
9780446602297,7714
9780312954116,10054
9780671742492,522
9780451511324,10129
9780671441517,15462
9780867211726,15284
9780867211726,12485
9780140111897,11582
9780140111897,12142
9780061054143,2204
9780449220894,11786
9780064420488,4172
9780064420488,1424
9780590939355,4920
9780786882144,128
9780786882144,5724
9780786882144,4431
9780446391306,8149
9780743233026,8633
9783442722402,1702
9783442722402,14253
9783442720118,6011
9783442720118,14906
9780140621877,5713
9780060119072,14821
9780875963235,12446
9780875963235,13865
9780875963235,14502
9780449911464,10966
9780931580581,11861
9780312123338,6272
9780965603690,5555
9780068596028,12730
9780068596028,15372
9780066620732,9058
9780066620732,3073
9780525446057,686
9780525446057,9762
9780440417446,1894
9780440417446,2583
9789706514523,5370
9780613282727,13271
9780802130112,10679
9780802130112,10743
9780440224709,13352
9780312983864,6554
9780451209948,4390
9780451209948,4390
9780345459206,114
9780312955731,11786
9780553205800,14783
9780553541632,778
9780684800714,4432
9781566840286,12481
9780062500267,9366
9780380793228,13453
9780345304650,7454
9780786888085,2511
9780345344465,7454
9780374115548,11827
9780374115548,1133
9780671718435,3750
9780684163260,4432
9781400031344,279
9780754101499,9250
9780446524131,13358
9780446524131,10252
9780446612623,13444
9781565076617,5800
9781565076617,3002
9781565076617,1335
9781565076617,4706
9780316781145,669
9780609801277,8660
9783257230918,6022
9782035877390,2707
9782290301531,14676
9782070374878,3958
9782070374878,11510
9780060008024,9701
9783442725571,5439
9783442725571,2389
9780515112641,13985
9780425052020,13180
9780425052020,3577
9780330491198,3745
9780373709328,13497
9780373710065,7973
9780782141672,14731
9780399526602,9438
9780345389411,811
9780425147580,14748
9780451177032,1153
9780373710294,14156
9780451406071,14796
9780373471560,2843
9780373710263,7779
9780373708703,687
9780373709304,11348
9780373708727,7779
9780373710287,2982
9780373710058,12280
9780373710355,11348
9780373710027,9382
9780373710256,11727
9780373710270,14397
9780373484386,1101
9780373484386,6846
9780373484386,6196
9780795151316,2552
9780940863330,379
9781565924970,971
9780684853529,13916
9780060193393,1472
9780060193393,10402
9780446363662,13663
9780373471645,8648
9780373710201,7779
9780373710188,8224
9780373484515,3278
9780373484515,13825
9780373484515,9051
9780373710218,1636
9780373710072,11348
9780345339492,800
9780671525439,14954
9780060675356,13806
9780345302571,8635
9780812571233,537
9780812571233,10326
9780345386861,6166
9780151002443,5085
9780151002443,1312
9780312152000,9031
9780452283442,15282
9780440918028,6540
9781853260278,7609
9780812549492,13406
9780345404312,811
9780671721886,9154
9780671682835,14954
9780688086886,12040
9780312864668,12040
9780312864668,7900
9780812510485,2492
9780345441492,14051
9780609609019,12937
9782253041931,485
9782020326452,12020
9780671015589,7578
9780140248944,11796
9781894770095,8959
9781894770095,7041
9780571057061,14327
9780670887316,6086
9780425098455,124
9780804105132,2297
9780671664923,12162
9780938665656,10759
9780553572247,12578
9780373834754,1387
9780373834754,2099
9780373834754,9791
9780786885916,9015
9780307101471,1978
9780061000294,14821
9780380731206,4189
9781550130683,794
9780471142423,5919
9780440413288,2490
9780345432476,9837
9780446609562,3600
9780449912102,7534
9780531150016,3959
9780679407126,753
9781896300429,13410
9781882593125,9200
9780609810033,8628
9780670894697,9138
9780452283084,6838
9780553573299,4980
9780553573299,982
9780448168272,15261
9780679810520,7743
9780679810520,8637
9780061000034,14821
9780380810932,6396
9782910188139,11706
9780684867977,13389
9780060924348,959
9780373289172,3326
9780671627751,6552
9780440225119,1250
9780316171632,6552
9780440214007,1250
9783423122030,12166
9783257211948,7370
9783257211948,5480
9783499156717,14783
9783499156717,11130
9783442448388,1021
9783257231007,3652
9780330346269,3652
9780671743482,1917
9780671878764,3074
9780140320435,12586
9780140320435,10420
9780743471527,9989
9780441662517,12615
9780713724042,6875
9780006727491,15317
9780440999195,9446
9780471062189,5440
9780471062189,13102
9780375758454,362
9780843950557,3749
9780553560718,14708
9780451168610,13916
9780028617367,11513
9780028617367,15523
9780886779146,14982
9780886779146,10651
9780886779146,9971
9780385334204,8539
9780671027490,2474
9780671027490,10906
9781853260018,4294
9780449220603,9659
9780553379266,15203
9781853260001,6482
9781853260612,12768
9780553560732,8441
9780671027506,2474
9780671027506,10906
9780671024345,2474
9780671024345,10906
9780345384225,5423
9780345384225,7375
9780345384225,1132
9780449006887,11882
9780060952822,10176
9780553106657,3266
9780671025533,14905
9780345413994,12605
9781853260445,15313
9781853260773,15313
9780312863852,12464
9780312863852,12535
9780671026295,8294
9780425099339,3266
9783442541423,9257
9783442541423,2589
9780679722052,4837
9780679722052,12204
9780446912068,6392
9780802112804,11199
9780399135842,15302
9780813517506,5722
9780679781486,1643
9780871135704,3948
9781551667478,8163
9780671027117,14284
9780671785147,73
9780060007775,3987
9780671891657,8633
9780671891657,3453
9780060391027,7120
9781577330080,6594
9780786711031,7733
9780618263271,1246
9780684853505,13916
9780385492232,139
9780761516736,5966
9780060931353,13344
9780345407085,8524
9781570671227,11759
9780802133380,3394
9780722513583,9912
9780385488945,3606
9780446522427,13037
9780446522380,1985
9780345380678,2143
9780446524186,14214
9780670865796,6223
9780525241607,3224
9780399146299,6593
9780312302382,2033
9780312859589,14436
9780802139566,12793
9780805042153,8588
9781558702752,13804
9780060192952,12374
9780385484008,4208
9780060185718,14669
9780517163122,9294
9780671521004,3252
9781401300067,6641
9780061031540,14669
9780618197330,8261
9780618197330,15208
9780399237232,1671
9780316603577,6385
9780316603577,575
9780312318895,8669
9780312289720,6554
9780671659158,8546
9780553801941,8762
9780811828307,6793
9780765347152,2004
9780740713941,11536
9780836269192,9823
9780836269192,2857
9780060745905,5346
9780425192726,14102
9780553579529,8762
9780380792740,2485
9780688167820,14669
9780812517026,2004
9780399146657,8964
9780060561987,5798
9780553573985,13589
9780312065645,8530
9780312065645,11145
9780312065645,2174
9780671578442,10036
9780671042837,5176
9780312199401,4876
9780393046977,533
9780312968885,11045
9780756401351,14359
9780671656157,9798
9780968288306,7829
9780808514121,7509
9780345450692,13677
9780375412530,818
9780969799153,822
9780969799153,199
9780969799153,15418
9780969799153,10355
9780696218361,11333
9780787123734,10296
9781565115439,14229
9781565115439,9179
9781565115439,13617
9781565115439,9949
9781574533521,1984
9780140285673,11090
9780824518974,12746
9780553569032,11986
9781558008762,12733
9780553472707,11392
9780553472707,11778
9781559273909,11857
9781559273909,14667
9781402511783,5916
9781402511783,6991
9780671779665,295
9780671779665,3538
9780804114608,9200
9780743249270,6383
9780743249270,2943
9780345438829,9200
9780380868766,14112
9780399150791,14748
9780670894505,5638
9780312983741,14147
9780694525263,6223
9780694525263,6223
9780385729345,676
9780517122709,7380
9780679463139,4092
9780375508714,11449
9780892818594,6430
9780752843322,5918
9789724115382,7139
9780451450524,11877
9780752801711,12193
9780330331975,15306
9780006510017,2908
9780586210895,2908
9780864423702,262
9784770016966,15620
9784770016966,799
9780586045442,8843
9780586200964,7665
9780441132447,13207
9780553212426,13712
9780553212419,13712
9780553577778,3044
9780671037307,1835
9780671037291,1835
9780671037284,1835
9780312983284,6554
9780312983284,2287
9780451205629,14084
9780380802937,2409
9780446606455,14210
9780449223048,7495
9780553284119,7495
9780380802920,2409
9780446364621,11305
9780140060898,11660
9780671737795,7910
9780684826127,2355
9780060920333,959
9780345423139,8156
9781556613104,5156
9780373483938,3454
9780142002582,6465
9780142002582,3649
9780425068144,6976
9780891079149,3683
9780684824406,7155
9780373484485,4173
9780373484485,3454
9780373484485,7080
9780764220319,8517
9780684800998,6784
9780451082022,12875
9780802726223,9146
9780156002073,8777
9780764223662,13670
9781564767066,13596
9780800757182,8191
9781556618666,1410
9780891073901,4698
9781878951052,9143
9780373218127,11169
9780380728138,2485
9781586420420,7249
9780060932145,10686
9780375724381,8376
9780375422416,7871
9780764223297,1410
9780449003985,818
9780375709241,15063
9780812930085,14611
9780812930085,8364
9780345435163,4125
9780786886326,5211
9780747541608,3993
9780840775719,11638
9780061009488,10960
9780380730841,4549
9780373243822,13612
9780373164394,11350
9780345441263,14847
9781573227520,11711
9780380789542,12909
9780380819638,2409
9780440221593,9454
9780316782470,6533
9780525947295,5506
9780140115772,1730
9780060198183,1194
9780878332922,11917
9780525947738,15282
9780804119436,6536
9780618118816,6628
9780618118816,5904
9780449906514,3000
9780671038441,6800
9780786884643,7178
9780786865536,7178
9780553263817,2924
9781857988888,8175
9780747256670,12084
9780380767649,4173
9780440222651,11062
9780380569038,866
9780380767632,4173
9780380711987,8474
9780380711987,13813
9780312904562,1874
9780452282063,8978
9780192833174,1042
9780192833174,10542
9780140189353,13412
9780140189353,13260
9780671622022,11771
9780486289991,4530
9780525468639,134
9780441000159,1025
9780671878665,10326
9780070064546,4426
9780897331227,13575
9781557736024,7256
9780440223924,13175
9780446605915,9052
9780553254648,12335
9780553213805,6337
9780553213805,1634
9780451410023,9934
9780804118552,808
9780380808649,1212
9781557735416,7256
9780385722100,331
9781931166195,13334
9780947782757,5161
9780679433019,811
9780394587868,811
9780517150641,3798
9780440136484,10372
9780440136484,12451
9780440136484,5714
9780867163964,8874
9780867163964,7718
9780867163964,11556
9780883781043,3789
9780913866153,241
9780094717909,12952
9781887161121,6748
9780385188579,6748
9780451196804,6748
9780385132787,6748
9780671632946,6748
9780767901574,8590
9780316899987,1626
9783423130189,6632
9780671820473,312
9780843947885,12448
9780385471107,9595
9780140296280,14229
9783473581535,1059
9783473581535,14910
9783473581535,5737
9780590425919,6168
9780394719559,2684
9780441478125,14933
9780060193935,7016
9780743428668,14954
9781568650425,2966
9781571742858,2319
9783462030426,272
9783462030426,272
9783596125722,7655
9780060971410,352
9780380974481,3396
9783257062779,11706
9783257062779,9522
9780517703496,13787
9780739412930,8271
9780739413272,1911
9780821749883,6503
9780373970193,8509
9780553563733,12238
9780515129229,6650
9780671676230,6650
9780553801811,6493
9780380016976,7203
9780380809080,2889
9780609805503,3283
9780886778156,8107
9780886778163,8107
9780671025946,13811
9780441009077,12266
9780375509087,2543
9780449005842,10079
9780449220467,3485
9780671877835,3235
9780671876814,3235
9780441090433,13762
9780425181683,8712
9780743435581,9154
9780515130928,6650
9780553577624,8089
9780380802326,9089
9780425173350,2075
9780553572049,3485
9780671721633,3235
9780345435279,8712
9780380814800,7203
9780399149672,8425
9780671035464,13901
9780778320289,3278
9780451212160,2087
9780671871000,7910
9780373218875,3278
9780755308538,12958
9780451188717,6681
9780974087207,6566
9780316095136,9454
9781573221597,5773
9781573221597,6818
9780064472272,9259
9780440224747,2728
9783492229357,6001
9780140446746,15074
9780140446746,13004
9780140446746,966
9780486285535,11961
9780805210552,4713
9780805210552,10875
9780805210552,7534
9780451628046,2962
9780451628046,7268
9780689839610,2194
9780689839610,15608
9780670878079,4896
9780440114338,14039
9780061059322,2358
9780061059322,4160
9780764228940,14854
9780764228940,7801
9780764228070,1410
9780515128604,2093
9780553583984,9273
9780515121841,11169
9780553560220,11690
9783423130141,4397
9780312872373,4385
9780071364492,13715
9780071364492,7603
9780486292564,4295
9780312952716,13425
9780446357920,13642
9780375714528,2902
9780451527714,10129
9780451527714,15194
9781565049482,9875
9780486270739,15488
9781888054064,3566
9780875420011,5018
9780671474300,13234
9780345432223,15052
9780876544761,4480
9780192830975,5066
9780192830975,13059
9780831705183,12528
9780451525895,6482
9780451525895,9607
9780446391368,6639
9780060965815,10176
9780385044011,47
9780451520951,2905
9780446373555,10813
9780883657140,10127
9780671039417,4649
9780156612067,1823
9780156612067,15144
9780156612067,2070
9780517692004,4867
9780679603306,12273
9780312130275,5833
9780847813759,12585
9780140441031,9471
9780140441031,5754
9780140443219,857
9780140443219,5754
9780140443219,11590
9780871567864,3974
9780871567864,3740
9780375501517,10693
9780679410348,4953
9780399147838,14748
9780399147838,1900
9780553354775,12221
9780515113310,8766
9780399147197,14102
9780312265847,6554
9780743206020,10068
9780380800254,13060
9780515136265,11169
9780425157787,3303
9780553579314,3298
9780380725823,11036
9780380728268,11036
9780684835952,10068
9780786884599,11905
9780786884599,11981
9780312958350,3167
9780316780377,669
9780446611947,3177
9780671516994,4177
9780452280953,5353
9780786015252,12554
9780452279605,13916
9780670272662,13916
9780670451937,13916
9780849911781,4680
9780333568743,15306
9780679436126,6256
9780743436212,13916
9780061098284,9747
9780061098284,8685
9780440236733,5506
9780449902806,881
9780399138256,14737
9780804105828,12684
9780671864415,13936
9780671864415,36
9780671864415,12270
9780553370713,802
9780201101904,6483
9780671536213,7071
9780440224723,11768
9780446604840,3035
9780061044496,14084
9780451204516,1153
9780440220695,11768
9780449230640,1991
9780380564996,8158
9780671570071,10094
9780880382656,9650
9780880382656,5766
9780802730985,6321
9781551665559,6650
9781551668611,9019
9780380817696,4549
9780553582529,14376
9780684859736,8246
9780345426031,4461
9780671887971,10935
9780345401960,810
9780312983383,14959
9780553373967,1581
9780061040559,4036
9780451173133,8320
9780671038564,11428
9780451152190,7596
9780141000190,5653
9780679762683,11857
9780425188217,8655
9780425192122,13685
9780451184788,13947
9780553099997,3485
9780380804740,7056
9780679734161,5717
9780060004699,2043
9780553578317,3485
9780380770335,7056
9780743225328,665
9780446365383,9627
9780804111638,9422
9780804111621,9422
9781930722101,11841
9780553213300,8100
9780553213300,9768
9780060913410,14639
9780446519809,13303
9780446527019,13303
9780399148453,12619
9780451201515,14311
9780451201515,9049
9780671727796,366
9780440194255,1971
9780446523370,3768
9780446523370,8982
9780743456371,7275
9780439043991,3276
9780439043991,9570
9780439043991,7513
9780590481151,3276
9780590481151,9570
9780590481151,7511
9780812504798,13873
9780440009788,8805
9781565540385,5021
9780440229469,8681
9780064440257,10987
9780064440257,967
9780061020704,14477
9780425130223,14004
9780451161352,13916
9780061057649,14477
9780425100653,3266
9780689845932,9188
9780440202080,3620
9780140060324,2794
9780091841843,642
9781900850322,14489
9781900850322,13166
9780440509233,14107
9780373218035,11169
9782070725809,2935
9780349113852,7894
9780671047320,15066
9780451451156,5376
9780061056215,5376
9780451453327,5376
9780451451385,5376
9780451451569,5376
9780451451804,5376
9780399217791,1088
9780785812241,1669
9780785812241,985
9781558747579,6832
9780395311295,1471
9780345427052,10804
9780312860370,12059
9780380762590,7203
9780380774937,7203
9780440202509,13041
9780515131741,6650
9780515136180,6650
9780515136944,6652
9780451206428,7054
9780380790890,2409
9780743477086,7768
9780380752133,13625
9780345388599,1172
9780440202547,13041
9780515135459,10079
9780380812035,13845
9780553581874,6493
9780380818648,3943
9780553583397,466
9780553586190,6493
9780515125627,2093
9780553565249,1350
9780553576955,8271
9780671019617,6650
9780446363730,6650
9780671019655,6650
9780671523077,6650
9780553572322,7596
9780061059834,800
9780061059834,4115
9780061059834,4112
9780425172544,11428
9780743476287,2424
9780553586183,6493
9780061094606,6552
9780486273778,4274
9780931432903,1098
9780060256258,1688
9780060256258,11698
9780679427278,13095
9780553578096,7647
9780380711529,7722
9780553261509,14079
9780446341998,11305
9780140113426,2610
9780821713006,6092
9780061010095,1147
9780061092534,1147
9780449211885,8991
9780590466196,12112
9780811827638,11206
9780140068764,15477
9780553278392,6020
9780345308986,6020
9780743235150,13916
9782867448997,11100
9780515104196,7183
9780441885695,4685
9780451628039,3940
9780140177398,7509
9781570624384,4023
9780760700433,6482
9780486270845,6201
9780486270845,15309
9780486270845,2337
9780802713827,10728
9780517186084,1964
9780517186084,14418
9780486278162,5478
9780140373370,6482
9780140373370,9021
9780486408781,8935
9780486408781,3777
9780451186928,6223
9780451184115,13916
9780446356572,13663
9781551665450,12903
9780553280340,14102
9780553280364,14102
9780679425731,811
9780812570946,12464
9780786889396,3813
9780451176462,13916
9780671894450,15510
9780451186362,13916
9781570431104,14724
9781570431104,3739
9780451405692,10387
9780446607650,6385
9780446611664,6070
9780140067842,14590
9781878379993,14142
9780892811700,9978
9780684150703,8692
9780517463000,11219
9780811204576,11325
9780811204576,3596
9780395120989,4881
9780910395038,15348
9780312901431,6325
9780553212921,15462
9780553212921,3038
9780553212921,3209
9780345354617,10398
9780967231433,525
9780553104035,13303
9780385327480,12580
9780380713806,1427
9780140430721,6482
9780140430721,14836
9780345356642,4019
9780812513400,3074
9780940685598,8342
9780898159318,12469
9780671319823,8564
9780451456496,13698
9780451450951,13698
9780451454355,13698
9780671877477,4182
9780441569595,15384
9780843948301,6821
9781573229104,11731
9780375505140,6968
9780345291400,2613
9780425147368,14748
9780425147368,13993
9780425147368,6792
9780671731427,12801
9780340689486,926
9780449238080,4398
9780747204237,11607
9780385333917,4268
9780449001240,1891
9780449001240,3000
9780449001240,14788
9780061099571,9248
9780061099571,10410
9780936552033,11748
9780375750007,5720
9780425165584,2621
9780380820290,9701
9780451141293,6020
9780451141293,9971
9780451141293,2203
9780312980207,1602
9780743467346,9019
9780679889175,14379
9780679801115,14379
9780871236579,6588
9781410729439,5218
9780395775394,15328
9780743434027,8691
9780440164128,10260
9780515116298,1402
9780812550764,585
9780888011091,12749
9780425183656,2028
9780373765706,14145
9780373691678,8197
9780373250134,15281
9780446363167,15436
9780373153275,10838
9780373153268,3454
9780345375551,1136
9781573221085,8172
9780684801544,4530
9780140430059,6482
9780140430059,2815
9780553569612,7596
9780770104276,4016
9780451172822,4659
9780446613842,6385
9780446613842,575
9780679436447,9225
9780553580938,14797
9781558216846,13726
9780590313186,3313
9780590313186,6330
9780590313186,177
9780590462259,7467
9780590462259,12853
9780671024093,6800
9781565070059,9197
9781565070462,9197
9781556618642,7809
9781556618642,14854
9781556618635,7809
9781556618635,14854
9781556618628,7809
9781556618628,14854
9780890819692,9197
9781565071292,9197
9781556618406,8701
9781556618390,8701
9780849942358,11745
9780849937224,11745
9780849917066,11745
9780849917059,11745
9780373691586,15275
9780385249683,14968
9780060975845,14993
9780590434119,3276
9780590434119,9570
9780439172189,14852
9780590978804,6243
9780439051637,1262
9780439051637,11611
9780439160209,505
9780439160216,3874
9780439160216,5809
9780439160216,5809
9780684822921,7425
9780393308181,13911
9780446676137,6497
9780446676137,11980
9780345394651,11701
9780345301116,11701
9780684852874,10772
9780140450187,5012
9780140450187,2862
9780140450224,5012
9780140450224,2862
9780140450224,4558
9780312980146,6554
9780553211955,9898
9780141301150,12586
9780525934967,1279
9780140189643,999
9780140189643,2462
9780877790389,15257
9780771065170,3426
9780451521293,15462
9780385324137,3445
9780679436331,15347
9780452277502,5055
9780452277502,13135
9780764222290,14335
9780764222290,6588
9780140327731,1032
9780140367621,5048
9780140367621,5674
9780140367461,5048
9780140367461,991
9780764221392,6588
9780764224003,6588
9780764225550,6588
9780764222474,14335
9780764222474,6588
9780764221767,14335
9780764221767,6588
9780440224259,3445
9780764221613,6588
9780764221569,6588
9780440217565,3445
9780385319959,3445
9780773674189,6143
9780773674189,12759
9781556619519,6588
9780446611770,3035
9781853260360,10643
9780006374091,7358
9780374525187,9768
9780749385354,11780
9780099428640,4713
9780349111360,638
9780747273141,6884
9780349109015,2566
9780330244077,7397
9780571216420,3263
9780312974626,9035
9780312974626,11365
9780304357277,3174
9780471293330,10718
9780471293330,145
9781842223734,11041
9780714530383,5858
9780679735298,7085
9780140250329,12281
9781591092742,5557
9783442540358,3750
9780671447489,7119
9780671447489,998
9782070741359,10686
9780345385970,8937
9780373441761,13840
9780373441808,14392
9780373250479,15281
9780312303464,6839
9780671693190,4934
9780670891504,7120
9780312988913,4325
9780312988913,11095
9780140233131,1984
9780972130110,1782
9780972130110,12536
9780425141236,7494
9780812966817,15303
9780671016777,14487
9780923059002,1689
9780373250424,937
9780345470621,77
9780060522254,8202
9780312205966,2886
9780743418706,7144
9780399143564,2886
9780399144684,2886
9780425185506,7144
9780140230277,7144
9780140266924,493
9780525947912,5506
9780345452597,7596
9780757300424,6137
9780757300424,9900
9780757300424,9842
9780757300424,2349
9780767914048,6845
9780060586126,8949
9780440220435,1682
9780446326063,8937
9780671733612,9822
9780440225447,5506
9780575403307,9462
9780375759093,15469
9780590137850,11380
9780590137850,3365
9780590137850,3436
9780786845385,8440
9780786845408,8472
9780064442053,11730
9780064442053,15169
9780064440196,11730
9780064440196,1168
9780590470056,708
9780553480542,4649
9780590417365,2663
9780590442480,15495
9780590440820,702
9780671879464,2046
9780553484007,4649
9780590373982,14982
9780671879518,2046
9780553480559,4649
9780553482843,4649
9780590482288,702
9780553482126,4649
9780380716982,11730
9780380716982,9365
9780590136013,12586
9780590136013,12080
9780590426930,5141
9780590426817,5142
9780590426862,5142
9780590426862,3531
9780590426855,5140
9780590426855,3531
9780590426879,5142
9780590426879,3505
9780590426886,5146
9780590426794,5142
9780380732722,1405
9780380732722,14858
9780380709564,1405
9780380709564,14858
9780380709601,1405
9780380709601,206
9780380709526,1405
9780380709526,14858
9780380709236,1405
9780380709236,14858
9780671955120,2046
9780743437615,2046
9780743437615,6472
9780743437677,2046
9780743437677,11581
9780671001209,2046
9780743406642,2046
9780743437479,2046
9780743437479,6472
9780440158615,124
9780061052491,11668
9780142000397,13759
9780679730347,9956
9780684815022,7696
9780684815022,12623
9780312204266,12649
9780312984861,2151
9780373261130,1081
9780517573198,15107
9780060275105,4860
9780679752455,15423
9780525947349,9087
9780060012038,12639
9780375713347,8149
9780805060225,13877
9780890878897,5127
9780890878897,5115
9780091834173,8443
9780451174291,3857
9780451174291,1277
9783596200269,236
9783596200269,5744
9783518366462,11821
9783129044018,15196
9783404146291,2911
9780140293456,11079
9781891480034,4004
9780553110739,9273
9780375402562,818
9780440207627,2953
9780671004651,398
9780345436306,9714
9780671759322,14954
9780399142499,8766
9780385306058,2953
9780843951042,12448
9780743253970,7385
9781930603400,9913
9780971614505,8467
9780060007805,7499
9780450057069,12448
9780747247838,12448
9780972930949,11109
9780843951844,12448
9780843953831,11304
9780425195499,3700
9781400042074,818
9780670843275,770
9780425193945,3700
9780375506031,4125
9780345435026,4125
9780345453815,7910
9780345464958,8820
9780743412759,550
9780553583953,9273
9780446612807,8048
9780618109616,11767
9781401300319,8684
9781889186283,4004
9781881475736,4004
9781881475736,4414
9780972085922,13972
9780972085922,13687
9781889186221,4004
9781892950109,6164
9780671729417,14954
9789500283595,7631
9780439120425,11344
9789722100267,7630
9780060177225,1172
9789505112036,7932
9789875500532,4554
9789875500044,2962
9789875500525,4554
9780425128459,8780
9780553568707,7596
9781569471234,7390
9781889199030,7806
9780345442932,10792
9780531058374,6054
9780425129616,124
9781856352499,4677
9780688162825,13663
9780060083946,4268
9780679892205,5030
9780679892205,9014
9781590521434,10929
9781586609702,540
9780152024994,4077
9780849942846,637
9781585670741,1148
9782070360024,220
9780451184023,4749
9780553213690,4713
9780553213690,13790
9780140089370,6431
9780140291940,10354
9780921149613,9974
9780460873598,8935
9780889223394,6928
9780138199050,6289
9780771021466,2578
9780446344104,14921
9780743203951,3559
9780452008991,10679
9780316788229,669
9780415902021,9037
9780920057865,3518
9780774803434,10950
9780774803434,7090
9780774803434,4195
9781550170733,5081
9780131167575,5559
9780176035402,5398
9780192815323,10140
9780192815323,6343
9780192815323,9409
9780948984037,14971
9780140024760,6001
9781558610095,8131
9781558610095,2968
9780671740283,8118
9780951426135,9389
9780704339835,6706
9780375421815,5435
9780451519849,5055
9780451519849,4394
9780451519849,15184
9780889222373,1658
9780060913076,14616
9780140067774,7724
9780553211719,8863
9780440160670,13663
9780451158963,6016
9780061095863,1172
9780345345738,1172
9781859671436,9788
9780870407574,10154
9780441172719,4685
9780751510782,4988
9780375803482,11954
9780375803482,3441
9780060956455,7597
9780971400412,9691
9780374266448,11827
9780374266448,14654
9780452283879,2729
9780375506291,8212
9780553156690,4649
9780553156812,4649
9780553156959,6446
9780553156959,4649
9780553157154,4649
9780553156881,4649
9780553156355,4649
9780553156539,4649
9780553157277,4649
9780553156249,4649
9780553156287,4649
9780553156096,4649
9780553157079,4649
9780553156416,4649
9780553155884,4649
9780553156065,4649
9780553156638,4649
9780553484342,4649
9780060961022,12395
9780060961022,11209
9780385134446,11026
9780385134446,8217
9780446342964,13808
9780446342964,14752
9780023672606,8730
9781567615326,14423
9780451410320,6571
9780553569902,6000
9780553574111,466
9783442413508,4154
9783442413508,10264
9780385479486,6501
9783257234015,11454
9783257234015,10289
9780030914560,863
9780425185797,11035
9780879235734,1004
9781573223324,8948
9780399142611,13985
9780375703126,4363
9780553232325,12770
9780440318682,6295
9780345314987,8843
9783455042450,13668
9780380811816,11875
9780452267114,11693
9780451187260,11154
9780425068298,4482
9780553295238,4482
9780743246071,11970
9780743417686,13916
9780385507592,10232
9780345441034,13916
9780345441034,11882
9780345366702,3927
9780441470013,3927
9780441046379,3927
9780553575705,7980
9780812542844,4898
9780553281743,15384
9781572971967,5893
9781572971967,7270
9781565049314,6550
9781565049314,5041
9780061093982,11264
9781569470121,13885
9780312867546,10808
9781573222020,5896
9780879516284,10346
9780879516284,866
9780879516284,12081
9780812571332,12736
9780375412004,811
9780380732036,15193
9780553278279,15201
9780553571882,14376
9780140342949,12586
9780140342949,12080
9781928832447,3515
9780934641647,7406
9780934641647,7212
9780934641647,9164
9781851820443,14924
9780446671446,7474
9780446671446,15090
9780440717942,1405
9780140502343,10834
9780140502343,12758
9780590478342,15338
9780440474654,4075
9780806968537,9893
9780385318419,3869
9781569873298,2887
9781569870389,613
9781569870389,5939
9780307010353,12981
9780307010353,1456
9780439327664,3276
9780439327664,9571
9780439327664,14292
9780439327664,1396
9781885221667,1095
9780064410823,12132
9780590189347,2089
9780590189347,13418
9781561791330,11636
9780553225419,12127
9780451188588,15596
9780451188588,3207
9781561568802,419
9780439210645,14733
9780717289073,3534
9780842341134,1468
9780439057462,7662
9780439057462,7172
9780590425582,6674
9780440402923,15108
9780316142335,10173
9780310202639,9885
9780310495512,9885
9781889733005,10732
9781889733005,4456
9780440406945,5964
9780440406945,3926
9781856975773,7351
9781568222035,8243
9789531530316,6046
9781567186482,710
9780738841946,13203
9780738841946,10584
9780806512686,7986
9780806512686,8383
9780875420486,12234
9780385333139,753
9780345384300,3266
9780553576801,9078
9781551668635,2287
9780060169282,14604
9781551666952,8022
9780553285789,11169
9780373484416,11169
9780064405874,9787
9780064405874,1236
9780060009649,7153
9780060182977,2621
9780399144899,6156
9780061031083,4173
9780312890278,10378
9780446608374,3768
9780446608374,8982
9780449001967,9645
9780743212694,3385
9780385323925,2953
9781551668444,13526
9780446518703,8594
9780451201904,1597
9780812555059,7947
9780441005543,13454
9780312956684,14040
9780373262731,11495
9781551668369,8695
9780451193285,12739
9780553578027,6000
9780449219362,14102
9781842328507,11101
9780446516273,7074
9780380775835,4173
9780440215905,8047
9780380818761,4173
9780446361835,3713
9780517549063,7797
9781567187274,13679
9780373272358,10340
9780446605885,3713
9781567181562,8221
9780140187403,7509
9780140187403,14571
9780893753979,3921
9781853260582,13712
9780590434980,8158
9780671739676,3745
9780843953107,10959
9780345308481,3780
9780393307061,11540
9780380789146,14209
9780451453822,15392
9780440186922,124
9780679783268,6482
9780679783268,753
9780375806711,15189
9780515137057,14538
9780743227445,11970
9780670877997,15037
9780312986285,6426
9780812570908,12506
9780671024109,6800
9780345433497,9714
9780671793883,11342
9780679769446,8060
9780671535452,14284
9781558743311,6137
9781558743311,9900
9780345381439,2743
9780899195131,4033
9780899195131,6287
9780439191050,8658
9780439191050,7036
9780553375060,2912
9780671452179,7370
9780451143426,8328
9780553275971,14797
9780553122503,6325
9780140092325,4896
9780441779130,5560
9780345387813,800
9780345387813,4118
9781562927738,5386
9780553293883,6500
9780671795177,3220
9780449702475,4619
9780553564402,7683
9780441873302,2502
9780812512427,4189
9780553209839,12091
9780553209839,11602
9780553562392,12578
9780553287530,12578
9780312979508,124
9780312979508,2240
9780060199296,14966
9780060199296,2118
9781885365019,6553
9780931580789,11861
9780440214601,15326
9780425191583,6065
9780061097942,10899
9780449207147,2163
9780380704903,6330
9780553278361,7509
9780684717609,4530
9780671666408,2061
9780671434229,1897
9780609609491,9900
9780609609491,12685
9783453136410,7352
9780671742942,13871
9780553582123,6000
9780425169681,6156
9780425132623,2838
9780440225812,11768
9780312982614,12770
9780312982614,4956
9780743456395,7275
9780312270711,369
9780060163280,3752
9780060163280,5723
9780061091841,7354
9780553578300,3485
9780393300499,10248
9780553578355,3485
9780671529987,2595
9781594570841,11435
9781853260063,6337
9780440901587,9446
9780425146422,1147
9781551666235,703
9780553281149,13928
9780684193373,3842
9780345305770,800
9780684827124,3193
9780380792023,7203
9780821770191,4564
9780517593349,7797
9780969522904,3503
9780842357425,5156
9780515132250,2093
9780886773496,10288
9780515129939,2093
9780515120882,2093
9780345387806,800
9780345387806,4118
9780345316004,800
9780345316004,10578
9780441003587,4118
9780441005192,13528
9780441004324,13528
9780441005055,13528
9780590034876,10624
9780425179642,7120
9789070066888,2149
9780553262803,14932
9780679420910,792
9780895948021,11332
9780446515610,9752
9781569247136,4815
9781569247136,5365
9780671657864,1676
9780515103298,14887
9780060956288,7699
9783596142170,4676
9783596142170,14603
9783404142941,556
9783453160781,12709
9783453162358,13453
9783257230048,8950
9783257230048,9044
9783548249711,3485
9783453151789,11542
9783442727100,7003
9783442727100,15180
9783442721443,12721
9783596147830,1176
9783596147830,15000
9783404139965,6146
9783453196643,1758
9783442351473,4551
9783442351473,4551
9783442435289,4551
9783442435289,4551
9783442435289,4552
9783442431373,4551
9783442431373,4551
9783404143481,3035
9783404143481,14945
9783596223947,7790
9783547717655,4551
9783446200487,14921
9783446200487,1784
9783446201880,6024
9783446201880,14296
9780759901261,8105
9780679764007,220
9780812550603,7823
9781560760511,11570
9781560760511,14839
9781560760511,12897
9781560761136,3765
9781560761136,12897
9780345422408,811
9780312194567,1362
9780553570953,9316
9780451121080,5903
9780140345353,6540
9780671644475,7768
9780373122653,4314
9780373292219,11439
9780373259892,8197
9780373122691,2115
9780373122677,2003
9780812507270,4189
9780070506725,5267
9780070506725,3614
9780070506725,8168
9780525932598,12436
9780525932598,4569
9780810913769,2719
9780810913769,3944
9780865470569,4504
9780688159146,4463
9780394494616,11855
9780449908617,6987
9780963440341,8561
9780312045876,14789
9780312045876,10575
9780671769314,10677
9780671769314,8338
9780671769314,3735
9780806515014,13315
9780767900935,6537
9780767900935,10564
9780060965990,6537
9780060965990,10564
9780060965990,10565
9781559581714,6487
9780553213935,3950
9781551668123,5604
9780345444073,13912
9780802137043,15431
9780802137043,4924
9781860461675,11827
9780375410192,2183
9780375410192,7206
9780375700156,9225
9780451190543,13916
9780671553043,14487
9780553232943,12091
9780590106832,9740
9780439420891,2709
9780439420891,11245
9780684849225,2771
9780006392460,12593
9780452283824,4292
9780446610506,3340
9780425176047,586
9780449006153,4753
9780486280387,473
9780671749101,13936
9780687287529,7228
9780142003732,7395
9780451168429,12739
9780060555849,11244
9780060555849,7176
9780312104320,3072
9780552138420,12802
9780425180464,13515
9780060092160,7134
9780061094231,14084
9780425169858,850
9780061099809,14084
9780061099809,1
9780061093494,14084
9780061090806,14084
9780440223702,3546
9781575666914,8919
9780140272857,269
9789057592027,5465
9780373121878,5643
9781583483329,13892
9781551668253,12999
9780151004218,7630
9780812970807,8715
9780830708208,12737
9780385249645,14201
9780590032490,12586
9780590032490,12080
9781863738484,14827
9780749720407,2459
9780330363235,14694
9780553480665,8578
9780140318906,13202
9780553269215,8578
9780671000509,2046
9780671663193,2046
9780671464615,2046
9780440220657,2010
9780440210221,8999
9780064405843,8010
9780671001780,4687
9780743407861,9237
9783548602745,1020
9783795117337,15527
9783548256009,11899
9783548255323,7129
9783548255323,2280
9783548256214,7129
9783548256214,2280
9783716022795,9609
9783716022795,13051
9783716022795,13408
9783548364162,5943
9783548364162,11825
9783548257617,11899
9783548256917,11899
9783426622544,14919
9780060987329,3750
9783453863712,13780
9780192823502,4296
9780192823502,11551
9780679986379,6925
9781740595933,9163
9781740595933,9088
9780609604519,4858
9782070364176,8581
9780062505521,9955
9780449911419,3328
9780072122480,13964
9780452254343,13135
9780807115251,8480
9780807115251,8479
9780807115251,10871
9780486290812,4805
9780486290812,3777
9780880015820,11576
9780449225318,2942
9780553240764,6176
9780609603826,4014
9780765349675,8941
9780553585841,7711
9780425192733,11428
9780060525460,7689
9780446326926,8047
9780449206249,14170
9781551662855,5605
9780449207109,6256
9780385471992,10368
9780553575101,4154
9780895771841,10988
9780895771841,12800
9780895771841,6316
9780451403704,13530
9780812564808,7114
9780380756223,11688
9780812589719,8941
9780812571783,5525
9780449222713,15050
9780449215487,15050
9780345327451,15369
9780821720608,11159
9780913367346,10238
9780892211104,11165
9780671701048,13884
9780688084929,13663
9780440235149,1172
9780445044456,5675
9780446301800,916
9780553573480,11774
9780786889419,2374
9780671496104,11272
9780553257199,12335
9780553257199,8768
9780553212464,5710
9780451526366,6482
9780451526366,9607
9780590433884,702
9780974375861,11398
9780974375854,9071
9780671522643,15510
9780671541002,930
9780933662599,8568
9780863186608,3797
9780525941903,13916
9780525941903,12370
9780767915052,5590
9780385333962,5573
9780394566306,14450
9780394566306,13607
9780394566306,9774
9780842365826,4651
9780736907385,4154
9781576734001,3487
9780375700149,9225
9780452284449,14856
9780312195168,4140
9780446610544,1926
9780679750161,7637
9780679750161,5770
9780517596753,3891
9780671759292,8741
9780671759292,11452
9780440910091,2009
9780590411295,4592
9780684843568,9948
9780553269154,6901
9780553269154,12668
9780486272757,3925
9780671888039,9898
9781562451653,9908
9780099388609,3773
9780743202190,1160
9780441371570,5560
9780440111498,8539
9780553273076,5560
9780345321428,8635
9780345321428,1179
9780553286588,981
9780553286588,4980
9780843952209,2588
9780373227389,9500
9780778320067,5381
9780515121490,13985
9780743456357,7203
9780316804929,7506
9780805062700,1969
9780805062700,3524
9780316130134,6281
9780425132951,3266
9780380759477,12040
9780330303118,2644
9780895888044,12776
9781568849058,7475
9781568849058,9590
9781568849058,8931
9781568849058,9618
9780764550553,9585
9780764550553,8661
9780782903805,13949
9780782903362,13949
9781570641213,12075
9780671648466,3508
9780811833615,1851
9780811833615,14242
9780811821704,1851
9780811821704,14242
9781558747616,6137
9781558747616,9900
9781558747616,8452
9780679755333,9204
9780451526731,4756
9780451526731,11832
9780425083895,2621
9780451525796,15328
9780451525796,13524
9780451188458,6798
9783499136450,12578
9780759615366,11703
9780312874476,10422
9780806516547,9239
9780671704834,5244
9780425166390,8780
9781558745711,6137
9781558745711,9900
9781558745711,10004
9781740592406,2375
9781740592406,265
9781740592406,8103
9780425176931,13992
9780425176931,14748
9780425176931,13993
9780881030365,5055
9781565117792,15555
9781565117792,6797
9781565117792,278
9780553580600,13762
9783407780638,14811
9783407780638,8960
9783791535562,5612
9783442424405,4838
9780440219507,9446
9783446152960,4946
9783446152960,12364
9783446152960,7211
9783746615424,5462
9782070374809,15385
9782070401680,301
9782253006626,1600
9780440216322,12561
9780590474788,2010
9780425117385,345
9780141308135,14539
9780385260435,259
9780860682554,13148
9780553210194,6482
9780060971182,14228
9781580622110,10087
9780743430593,10719
9780060090371,9701
9781582343044,11144
9780520216204,6507
9780380711512,6311
9780890439708,14504
9780689866364,3871
9780312984298,7587
9780575047792,3753
9780800758882,9244
9780743252133,12576
9780812932775,3156
9783551580566,2702
9783551580566,12298
9780399139741,3504
9780679762676,11857
9780679762676,4002
9780140196221,2289
9780140143508,5678
9780671743505,13930
9780345413888,7596
9780553289695,14783
9780671851040,6350
9780140042405,7509
9783442030798,9661
9783442030798,286
9780765303417,7074
9780786000876,9506
9780140179170,3559
9780812550757,11264
9780670873111,5387
9780679721888,10242
9780394575209,1774
9780451187840,1065
9780451187840,8879
9780451163967,8328
9780449911655,7534
9780553571332,9152
9780671041588,4701
9780151189786,14346
9780812564662,7823
9780812564662,5575
9780765302366,585
9780446605908,931
9780525946823,9454
9780399138010,8766
9780880707688,9103
9780152550868,4077
9781556618604,1078
9780590060196,12586
9780671868406,12112
9780553570083,4649
9780671550288,2492
9780671736828,2492
9780671008741,12112
9780671002923,12112
9780812570755,15589
9780812540239,11071
9780553292329,4649
9789813056077,13143
9780671736804,2492
9780671019280,2492
9780671736781,2492
9780553158939,4649
9780553158595,4649
9780553157673,4649
9780553481976,4649
9780553158014,4649
9780553483475,4649
9780553480511,4649
9780553480610,4649
9780553482492,4649
9780553159523,4649
9780553564037,4649
9780553157666,4649
9783423202329,5697
9783423202329,11574
9783423202329,1169
9783442421350,10720
9783442421350,10264
9783404144037,6717
9780312986346,6554
9780399137594,7537
9780060974497,13011
9780553345841,3755
9780553345841,2901
9780553343212,4524
9780809255320,12703
9780922233205,8338
9780863161605,9320
9780863161605,10818
9780553078688,14437
9780062504098,6326
9780062504098,10573
9780155019874,1584
9780155019874,14043
9780679413066,4735
9780425125465,12875
9781583226018,11822
9781583226018,4533
9781583226018,74
9781583226018,12599
9780385495356,3405
9781555835583,510
9781585972623,11176
9780060566685,2485
9780385511629,9792
9780446530071,13065
9780689856082,918
9780689856082,10882
9780689856082,11221
9780802151575,6677
9780812992182,12968
9780385729475,3027
9780373227723,8835
9780373227730,14318
9780373227716,7121
9780373227747,14181
9780373712045,14162
9780373712007,8270
9780373712014,6602
9780373712052,9648
9780373227396,2984
9780373711710,14397
9780373711734,2063
9780451409430,8395
9780875427331,3915
9780738704456,9132
9780738704456,898
9780738704456,8693
9780316281690,14270
9780060965112,270
9780060965112,11784
9780060965112,10345
9780312951917,9011
9780878577385,806
9780843922561,3809
9781592231386,6516
9780517182468,7495
9780553574852,1941
9780875421247,13427
9780875421247,3112
9780671670870,10901
9780875420509,12234
9780801043857,3621
9780785270447,4941
9780785270447,5333
9780451178596,13916
9780671421618,8322
9780380780211,15216
9781590030042,7396
9781590030042,10802
9780451128379,13916
9780451170385,13916
9783036911151,4210
9780451206336,10146
9780156006842,1020
9780156006842,9613
9780395926888,8261
9780395926888,1139
9780446527293,1610
9780786867905,8975
9780425151877,14748
9780425151877,13993
9780425151877,6792
9780553570854,9316
9780553571158,9316
9780440802051,11677
9780373218950,11169
9783442356188,6284
9783442356188,15292
9780671684259,6156
9780425182840,6156
9780486406534,5753
9780590440141,7197
9780812550740,10326
9780671720995,10326
9780671720995,2986
9780553148527,12773
9780802111616,11780
9780670031726,14348
9780385128537,393
9780679405122,51
9780679742111,11073
9780316954990,5751
9780345463159,7370
9781885223173,1953
9780312991463,6554
9780142001325,3490
9781565123670,13677
9780385501415,1172
9780553277906,1172
9780060168483,7346
9780684862927,859
9780060956691,3966
9780156007184,9393
9780451182968,14370
9780449002988,9200
9780373482542,3454
9780373482542,3278
9780373482542,7782
9780865473904,792
9780395859971,11744
9780671727581,7832
9780028604695,9090
9780060176150,812
9780440159001,4426
9780893754006,7208
9780671600402,8759
9780440212560,3445
9780517799956,1188
9780140267679,13634
9780394544748,10483
9780785282143,15424
9780505523181,15043
9780505523181,2972
9780505523181,11028
9780821769270,4564
9780373223107,8984
9780380815258,8023
9780486264646,7641
9780486264646,13786
9780451402066,2093
9780515133301,2093
9780451406903,5604
9781551668437,3454
9780451198945,2093
9780821767856,4564
9781552450246,5015
9781552450246,629
9781552450246,10503
9780771014918,4859
9780771014895,4859
9780446363655,13808
9780446363655,14752
9780684186375,10139
9780006480761,597
9780062514370,825
9780970116505,14427
9780684804019,4272
9781592861514,12610
9780345421883,1132
9780345421883,3633
9780684801056,6146
9780399148408,11169
9780679426097,15267
9780345410139,7564
9780787947354,11381
9780818403804,5266
9780684801520,4530
9780684801520,10189
9780836213102,6922
9780836213102,12551
9780671733346,2636
9780836217810,6922
9780836217810,12551
9780736605670,5055
9780736605670,12418
9780446532457,11070
9781570629709,5753
9781570629709,13583
9780393322446,11454
9780140449129,5371
9780140449129,5000
9780140449129,5000
9780140449129,4981
9780099274162,10964
9780749391720,11150
9780836217445,6922
9780836217445,12551
9780836217155,6922
9780836217155,12551
9780375421112,10266
9780446520652,11032
9780553071801,13937
9780060167035,13136
9780061091568,14084
9780310214359,11984
9780060191870,14084
9780061030994,8768
9780140430141,15313
9780140430141,6078
9780673181602,3076
9781555912291,407
9780020198819,4530
9780140001402,13828
9780385323963,4268
9781881066705,535
9781853265532,5713
9780345448354,5312
9780446527088,11812
9780743444965,5312
9780752816500,5317
9780061059049,13861
9780671656478,15008
9780812520477,5312
9780743421928,5895
9780425173534,14748
9780425173534,9968
9780425101070,14748
9780425108932,2838
9780451457783,8651
9780451457783,6848
9781576734018,9114
9780451203267,719
9780312140908,6843
9780394571775,8213
9780439362139,6122
9780345432407,9778
9780380779321,15425
9780380779321,10185
9780439309318,6388
9780439309318,6444
9780064401500,1383
9780064401500,10226
9780671876579,800
9780671876579,7148
9780373120093,14200
9780671798789,591
9780679822639,5242
9780886191719,9038
9780373764723,4042
9780373764686,10215
9780373764679,503
9780380714711,3242
9780373764761,13351
9780373764655,2531
9780061061431,3092
9780061061431,8209
9780312020316,6325
9780671823887,7655
9780060973612,1242
9780141301235,6988
9780771014239,12016
9781576104170,8646
9781576104170,10120
9780525458630,4910
9780525458630,13856
9780782124521,8521
9780671726522,14637
9780553208658,9228
9780553247664,9228
9780307220066,8575
9780375703423,12957
9780452283022,15276
9781400045020,8278
9781400052158,2355
9780374174071,14068
9780688102258,2196
9780704340077,1831
9780440132110,1251
9780060916121,4362
9780140274387,3655
9780883910344,11236
9780380001019,6020
9781857033700,12612
9780330303286,15204
9780330303279,15204
9780786884278,12345
9780749308582,11205
9780749429003,4218
9783518392386,5580
9783518392386,831
9783518392386,7967
9780425187050,14748
9780425187050,6902
9780425187050,9971
9780970897251,12995
9780316089739,12722
9781589199668,10516
9780385494328,5916
9781566492010,5847
9780802117151,14052
9780060159085,11798
9780803260894,11712
9780803260894,4598
9780446607254,3940
9780374138592,7003
9780375726224,4162
9780316184151,4300
9780316184151,14577
9781555661878,3190
9781555661878,727
9780312313197,6802
9780688177768,3939
9780688177768,14150
9780375760907,3152
9780385721837,13385
9780743234351,14013
9780142001103,13040
9780142001103,1284
9780739306512,7352
9780739306512,14454
9780142003817,12608
9781585422937,11680
9780807012222,14541
9780807012222,759
9780807012222,759
9780805071849,11677
9781585673629,660
9780812967470,13309
9780739307007,14010
9780739307007,3398
9780967002309,1454
9780881001167,10673
9780375726378,4643
9780684826875,4877
9780684826875,7774
9781573229371,14541
9781400030804,15549
9780452282025,13038
9780452282025,694
9780684872834,11693
9780375726347,11958
9780375403705,5189
9780375403705,8527
9781932360066,468
9780006280804,10044
9781573223782,15616
9780140235395,3468
9780385336932,10446
9780399151644,37
9780941781138,3300
9780805063028,11376
9781583224939,5843
9781583224939,862
9780394757773,9741
9781581820133,12452
9780393959017,3950
9780393959017,4117
9780445046368,9595
9780373197187,3454
9780689868276,10267
9780451202628,14995
9781552095737,6596
9780373250271,10313
9780345469670,6968
9780671023539,755
9780312966805,6839
9780446692298,2321
9781573227162,2963
9780505525499,11409
9780842382854,13670
9780842382830,10317
9780842382847,2887
9781591840411,13477
9780007106578,14113
9781556615726,9360
9781556615726,5156
9780974757001,10977
9780060528126,10141
9780060528126,491
9780060528126,1027
9780451188540,14370
9781551667430,6839
9780312983482,7920
9780375724992,11498
9780060089290,9349
9780312984229,1403
9781592680290,8511
9781594140815,123
9780446613057,13303
9780380819652,14370
9780451207470,7112
9780671735937,14151
9780758202307,7127
9780553572582,3485
9780425181836,9497
9780060525019,2043
9780060525019,10048
9780060525019,6509
9780060525019,13640
9780451207654,3645
9780451207654,12908
9780451207654,1632
9780451207654,4657
9780451192318,14370
9780440228929,9152
9781575662459,13958
9780060176563,3630
9781573222235,9895
9780688177850,13467
9780684868868,8633
9780446607278,10395
9780486266848,5713
9780679731801,15328
9780897331579,9603
9780897331579,10639
9780897331579,2711
9780897331579,9521
9780553211436,9898
9780553296341,12221
9780441289882,5507
9780553573138,11649
9780771099847,13925
9780771099847,6158
9780140440034,3934
9780872201569,885
9781577940043,7742
9781555171551,15380
9781558505858,13963
9781558505858,13152
9780385302319,3445
9780884947707,5108
9780385302326,3445
9780142437216,3722
9780142437216,2659
9780142437216,12292
9780805063196,1036
9780140075625,5541
9780743217712,7059
9780609810101,14864
9780670886012,3657
9780060916336,10864
9780451204530,8320
9780812562859,2204
9780698116801,15185
9781858600000,11334
9780964374096,190
9780451205988,11440
9781591290902,2150
9780449211526,4385
9780515101874,2205
9780812522365,3994
9780060988241,749
9780812561883,919
9780451203564,9345
9780688111885,15508
9780060505882,9167
9780679401384,11882
9780440213888,9454
9780515116069,11169
9780679419693,11681
9780743244718,6348
9780425044896,1649
9780140436662,9239
9780140436662,7188
9780140436662,2941
9780394742496,3688
9780670862214,6513
9780670847105,6513
9780586068809,3688
9780553259018,1365
9780670818570,4896
9780060910990,959
9780060955717,5713
9780394462011,385
9780811812696,1272
9780393322200,2183
9780030622090,7385
9780380404100,11655
9780060806415,13173
9781580800365,3688
9780385176521,4204
9780671541903,3689
9780312926298,13041
9781585790081,6349
9780060805944,1157
9780425089002,124
9780345312792,13206
9780394473369,7397
9780689107948,7367
9780312532253,5639
9780448416496,13194
9780807554142,5142
9780525483359,10
9780525483359,276
9780440486053,11161
9780399234613,6453
9780679879244,11954
9780425057773,3270
9780887765193,5992
9780451203052,6800
9780451184733,1153
9780316779982,3210
9780671568184,8633
9780446603713,6385
9780380726288,3404
9780440193616,2953
9780679764892,8782
9780743418164,6866
9780440235774,1250
9780061094408,1172
9780515133417,6650
9780743460521,10068
9780140386332,10415
9780140386332,12185
9780373288892,8705
9780373825011,10924
9780373825028,11408
9780449148402,4549
9780312957926,4176
9780345359322,10398
9780345377678,15490
9780743216029,15423
9782890379305,9529
9780140131611,4896
9780140131611,10665
9780741410061,1175
9780521315449,13557
9780741404541,11740
9780446609951,14675
9780451157447,13916
9781560300021,4035
9780452275669,3851
9780060175689,11250
9780671867089,10068
9780446605366,1963
9780671741204,10068
9780380790029,2043
9780671880316,14590
9780385501200,7352
9780670860746,9138
9780451209481,4219
9780446513067,11032
9780312242220,10458
9780671665494,14976
9780789426321,3542
9780789202819,7690
9780789202819,5645
9780688172251,7813
9780891091165,12004
9780891091165,10706
9780310918424,15611
9780789203922,7690
9780789203922,5645
9781562827977,14175
9780806974101,5992
9780840732224,2780
9780891090663,2770
9780896218642,7397
9780380977727,2043
9780380977734,2043
9780849944765,4698
9780440364573,12366
9780446394000,1259
9780385497305,2344
9780446391580,12955
9780812967241,10343
9780971995901,1500
9781589820012,15366
9780679447160,8431
9780679447160,6796
9780393007312,13664
9780061096648,11852
9780449907573,14965
9780804105149,11660
9780451155818,10079
9781589820685,15235
9780971931428,10917
9780520082564,11891
9781551665306,10020
9780425151426,1993
9780553280074,9316
9780064404778,12890
9781563824852,5523
9780879522599,10029
9780380756230,2093
9780446603850,8614
9780671885656,5512
9780895296955,10883
9780684852041,10066
9780671002824,700
9781582430614,3146
9781582430614,9873
9780812589047,11264
9780060931759,1492
9780966784213,1143
9781931395007,696
9780670031894,1664
9780452011571,15334
9780452011571,12499
9780452011571,14977
9780451200983,7491
9780451200983,10138
9780375505829,662
9780312288549,2626
9780393039597,516
9780571175680,13424
9780571175680,8625
9781588720023,7308
9780316169226,4227
9780785814078,3994
9780785814078,9975
9780785814078,8638
9780345333858,9798
9780060937867,8401
9780060198121,7129
9780525945833,8817
9780345452566,7596
9781582343587,3750
9780020404804,15085
9780425106402,8323
9780597145803,9270
9780061091469,2621
9780671015312,4571
9780912670096,2294
9780912670096,4064
9780385497527,5916
9780312151140,384
9780743203968,3559
9780385247955,6419
9780486284675,3857
9780375701719,11259
9780670825370,13260
9780449217191,3504
9781558611580,2294
9781558611580,4058
9780151009985,15098
9780671788575,10498
9780440127796,8539
9780156106801,6045
9780765108678,6306
9780679724698,10588
9780679724698,12720
9780142302187,2193
9780449212295,15050
9780571199891,14149
9780141304236,7472
9780141304236,5102
9780312863937,2193
9780385468879,13173
9780385502535,2417
9780060928032,14932
9780140252996,7359
9780449002599,7094
9780140286526,7879
9780743236744,11924
9780399151743,466
9781400060733,13365
9780060520618,8689
9780375413599,3317
9780345437396,4125
9780553268935,11392
9780060931957,5810
9780060931957,12534
9780060192709,7852
9780890877036,13403
9780684835976,10068
9780062516985,6634
9780380722709,8279
9780965331920,14110
9780553114270,12770
9780671671495,6802
9780425123454,8461
9780312957889,2867
9780671725952,14258
9780553263220,12770
9780671525422,14954
9780671542740,4373
9780671507398,4652
9780451124685,6156
9780373194070,8049
9780373218394,11169
9780373441617,10778
9780505525338,10286
9780140257342,3409
9780060504137,4173
9781558530980,8313
9781558530980,7000
9781558530980,7874
9780758205605,13495
9780345381712,2784
9780843941982,8830
9780821737187,9935
9780843941814,4869
9780821738450,3859
9780821754863,6957
9780373290161,2038
9780061084751,14180
9780821758687,6957
9780821726792,8727
9780821726792,7135
9780451405289,3319
9780380785612,11106
9780380763436,3368
9780380782529,3290
9780312955052,6104
9780140140859,1429
9780385418218,12993
9780060934422,8212
9780671631987,13667
9780671631987,11996
9780671631987,4051
9780671027407,10604
9780671703615,14199
9781566190305,4300
9780425179888,7494
9780670883516,1774
9780395798652,8346
9780395798652,3842
9780395798652,8261
9780812578904,9663
9780812578904,11025
9780020442202,1818
9780553211375,6482
9780140150704,1889
9780140150704,7640
9780140150704,12100
9780553204575,6325
9780425175118,10784
9780671001131,719
9780671793531,719
9780671868697,719
9780671793548,719
9780671025342,719
9780375713484,5347
9780812572124,12464
9780762102549,13444
9780446601979,11231
9780393307054,11540
9780879735784,12056
9780879735784,9598
9780812550573,12464
9780672320965,15586
9780132267052,2327
9780773761964,5837
9780773761964,12450
9780452282933,4292
9780451203526,10636
9780451203526,10231
9780316289122,1817
9780743474726,12627
9780679722632,2995
9780198607199,7540
9781884550102,14532
9780804109192,605
9780812548112,12464
9780375414053,433
9781400046614,682
9780312868857,12464
9780812519327,12627
9780446526661,5838
9781568655819,7758
9780441001972,8712
9780684810393,10068
9780399143878,11169
9780070064607,4426
9780373272822,6829
9780373218110,9467
9780373218110,4042
9780373218110,705
9780373711055,6665
9780373711406,6599
9780373711406,6597
9780505524430,699
9780373194919,1243
9780373227204,9074
9780373218417,11169
9780440222842,2953
9780373272389,4628
9780373194711,14969
9780399141225,11169
9783426619346,824
9783426624685,824
9783426273098,11140
9783810505156,14944
9783499134036,12578
9783499134036,13730
9783518370087,13785
9783518370087,8495
9783518370087,15218
9783548359694,400
9783548359694,491
9783548359694,1154
9780553379013,2938
9780385319850,352
9780060958305,1307
9780440418320,11954
9780316789974,669
9780394525280,3851
9780020433118,5449
9780671733391,9412
9781568360423,13376
9781568360423,502
9781568360423,845
9780671519810,2623
9780425181096,3266
9780061097867,14821
9780374513115,2635
9780374513115,904
9780446609142,10395
9780553575408,12578
9780380797639,13980
9780140161175,1385
9780141304670,12586
9780141304670,12080
9780553213232,3872
9780767911757,2241
9780679433743,14807
9780060501174,7733
9780375703065,8279
9780345343697,14345
9780838434765,5288
9780838434765,9711
9780838434758,5287
9780838434758,9710
9780136155591,1017
9780553351675,2683
9780140065404,13542
9780449244289,6802
9781573222129,6368
9780451523327,2282
9780451523327,1014
9783492224468,15199
9783492224468,5393
9780140434002,2282
9780140434002,10502
9780756401108,7769
9780380794393,6259
9780553577907,5063
9780553577907,9104
9780451402394,1924
9780451402394,14575
9780395877333,3146
9782746702387,1793
9780847701766,11241
9780671028824,12715
9782070404728,1015
9782070404728,887
9782070415069,2393
9782841722174,4723
9782841722174,4723
9782266091329,11062
9782845950474,1005
9780671447809,1915
9789684113404,1049
9780679409045,7878
9780316782654,6533
9780525945819,14856
9780140141498,10536
9780684870052,339
9780060934910,865
9780375814112,3286
9780899193625,2035
9780060974480,10686
9780060974480,11843
9780679736042,11857
9780679441243,11857
9781558177604,13046
9780156005890,669
9780843952582,8254
9780767905923,10746
9780394711928,7459
9780618526413,2067
9780380815593,9073
9780060652937,1818
9781841953816,14049
9781582341422,6108
9780375709234,3984
9780688174033,1337
9780618246960,3006
9780618246960,15595
9780758206138,4852
9780763617226,8104
9780763617226,14702
9780670032891,6630
9780684804453,4530
9780684804453,10189
9781931520003,8304
9780595149780,10145
9780595193028,10145
9780967986500,10145
9780449216415,6256
9780330319478,11857
9780330319478,8392
9780812504590,10988
9789500406970,13916
9781551110653,7641
9781551110653,2799
9781551110653,2798
9780552997706,777
9783442449897,258
9783442449897,14603
9783453108196,10395
9783453108196,11173
9783442067855,13663
9783442067855,2390
9783442067855,4844
9783442092635,13663
9783442092635,13676
9783612275233,3709
9783784427850,14570
9780945990048,12688
9780945990048,790
9780945990048,6413
9780898620603,14086
9780380807932,8180
9780446602730,12733
9780425098400,818
9780449904077,6527
9780449904077,1960
9780446360586,13444
9780385315098,2953
9780385319607,2953
9780385311922,2953
9780440500728,2953
9780385297660,2953
9780385306027,2953
9780345362728,812
9780446802208,13663
9780446329897,13663
9780399144585,12619
9780671639211,6385
9780679420644,12471
9780786889556,12561
9780312923853,12561
9780786889662,12561
9780804111119,3690
9780553270327,3690
9780821762530,3690
9780440235743,1250
9780304328468,14453
9780304328468,9339
9780304328468,13929
9780345379023,3099
9780310235569,444
9780743458160,12821
9780743458160,8020
9781586606732,444
9781578565672,15363
9781578565672,13313
9780452284203,8311
9780452284203,2916
9783492235624,4961
9783492235624,5960
9782890199026,6737
9781889195162,15213
9781889195162,10164
9781889195162,14778
9781904132073,1324
9782070408450,14809
9780312972950,2016
9780912333632,5866
9780912333632,8418
9780786702145,10650
9780446520836,2795
9780937966181,9871
9780141312552,7509
9789871138012,4837
9780374503482,9680
9780374503482,5277
9782040162092,14493
9782080700322,12073
9782080700322,12034
9780517221082,9898
9780762414192,2905
9780762414192,10865
9780854963782,6422
9780854963782,8769
9780854963782,2787
9782253039396,2707
9781840020830,6700
9780152008673,14531
9780152008673,5385
9780762405442,3921
9780140386356,10897
9783596505333,5125
9780671023256,3908
9780812213232,6360
9780679729976,15111
9781562055080,8623
9780830645510,13903
9780933121539,1526
9780373078813,14447
9780373763801,1712
9780452261457,8133
9780020312758,3259
9781565843523,10588
9781565843523,11647
9781565843523,12720
9780140143454,10491
9780864693259,5860
9780864693259,7295
9780864693259,12886
9780070212145,237
9780070212145,11063
9780192853905,11202
9780553580228,3266
9780140442755,12048
9780140442755,15191
9780140442755,15191
9780679781356,4464
9780664246914,7648
9781879960404,5188
9780345370433,3077
9780553272611,7495
9781570621604,11741
9780743427081,14499
9780743427081,6809
9780712610841,261
9781888375053,14541
9781888375053,11972
9781888375053,11047
9781888375053,11046
9780385492676,3527
9780937938874,14987
9780671039011,312
9780020178507,8464
9780020178507,14530
9780020198505,10680
9780020198505,4345
9780020198505,52
9780684190013,12623
9780140126426,1418
9780440162643,15096
9780450017094,3720
9780892965250,9566
9780140147384,7588
9780345333810,458
9780930031091,5693
9780684814162,10275
9780671734602,13382
9780449212752,9645
9780425127230,12619
9780451155580,10
9780671884291,15208
9780804108867,818
9780399139086,345
9780385304375,12619
9780679438793,13885
9780915801411,14300
9781559390477,8087
9780064471046,1818
9780064471046,11698
9780345441188,9798
9780330491488,12158
9780767904148,10390
9780786868438,9443
9780394711553,9771
9782842190002,6716
9780060191535,8781
9780060191344,10416
9780425166925,7308
9780425104040,1074
9780515094794,14332
9780312958121,13041
9780385336314,2953
9781891620454,15388
9780590477338,12356
9780590477338,1037
9780590477338,4585
9780590477338,12757
9783530267143,8412
9783530267143,5448
9783530267143,7983
9783150000250,3835
9783518100127,9303
9783518380338,14554
9780749301521,1821
9783257232547,3504
9783257232547,9501
9780140621464,2221
9780345368751,14921
9783492260640,14118
9783492260640,13744
9783627001025,11326
9783627001025,14238
9780553213164,8578
9780446603928,6385
9780671897871,8262
9780440431473,15167
9780553213188,8562
9780061067310,1234
9780373162437,13827
9780671745080,2492
9780140327243,4933
9780312155209,3069
9781569470176,6615
9780440177043,2953
9780451528674,55
9780451528674,202
9780743475020,8020
9780590434614,1389
9780812551709,14355
9780812551693,14328
9780812536546,14328
9780446518581,12733
9780971181809,15271
9780971181809,7851
9780380712045,6348
9780752837642,3132
9780743225724,665
9780553562408,14464
9780451523877,5371
9780451523877,10690
9780451523877,10106
9780553202960,6897
9780060806385,3359
9780553235609,7417
9780449243145,12730
9780553561050,12221
9780816627776,7092
9780804461405,3422
9780804461405,9979
9780375756986,4507
9780684867298,15515
9780440504580,9358
9780440504580,14281
9780195014761,14121
9780195014761,13279
9780195014761,1075
9780140440379,12049
9780140440379,491
9780140440379,15511
9780844237800,13061
9780844237800,4829
9780394717029,144
9780394717029,15476
9780140442014,6724
9780140442014,10221
9780765307590,2715
9780140258790,2997
9780965063999,11294
9780898799767,1097
9780812059373,14492
9780812059373,1192
9780812059373,1191
9780671850142,14515
9781559702140,7227
9780395893388,2208
9780060915766,15492
9780380713929,14114
9780425117699,11854
9780877799153,10341
9780804113496,13880
9780521456937,8924
9780521456937,5988
9780521456937,12462
9780020474104,1003
9780020154402,9638
9780024182005,7759
9780024182005,3843
9780312894702,1638
9780393320558,6581
9780393320558,6582
9780226899152,7664
9780898794083,6691
9780062735232,15422
9780596005054,14643
9780596005054,5792
9780312422547,9779
9780312422547,10979
9780679727545,10705
9780735619258,10638
9780596004897,6936
9780679727293,15111
9780679727293,311
9781400062539,5271
9780345464866,8793
9780393051407,3193
9780385500692,7598
9780898798739,6154
9780673522948,7420
9780312203634,12450
9780312203634,12399
9780312203634,7029
9780151003716,11493
9780385509473,2515
9780060988647,5346
9780380725717,7203
9780380812950,13511
9780061056277,706
9780380788101,13511
9780061056284,706
9780380784158,13511
9780380788095,13511
9780671319939,53
9780743471541,4356
9780743471541,7978
9780743471541,6265
9780345392473,2502
9780808572404,14463
9780595256365,9030
9780425076491,5095
9780061099700,812
9780425182888,12619
9780425179550,12619
9780425174012,12619
9780425157473,12619
9780425152904,12619
9780425147740,12619
9780425141557,12619
9780425137932,12619
9780425132937,12619
9780425120019,12619
9780440200048,12619
9780440188414,12619
9780440111320,12619
9780440195351,12619
9780440109938,12619
9780440180951,12619
9780440122142,12619
9780440153160,12619
9780671853860,7838
9780340750629,4154
9780440171973,12619
9780440157588,12619
9780440129615,12619
9780874770476,3815
9780874770353,3815
9780917102257,11265
9780878570959,5685
9780812911527,11605
9780449215159,3714
9781894004060,10469
9783746618364,9533
9783746618364,478
9789722014861,9775
9783453199262,15527
9783453199262,5621
9780451143754,6156
9780670842704,9607
9780140178265,10269
9780375758201,14896
9780385302302,3445
9780375726248,2352
9783442450732,1427
9783442450732,2590
9780515117233,3504
9780805062854,10421
9780451158239,1065
9780393045987,8198
9780393045987,6540
9780393045987,6540
9780452281882,10170
9780300029697,2134
9781555971144,12558
9781555971144,13445
9781555971144,11678
9781555971144,15266
9780060163747,9722
9780553081206,2399
9780684195483,3842
9780931122422,11030
9780941831932,7346
9780446518420,7808
9789711004149,14661
9780932194404,2227
9780060961725,3382
9780060961725,4866
9780140444308,15035
9780140444308,11188
9780140444308,11188
9780930377007,9281
9780930377007,14117
9780930377007,7836
9780930377007,4555
9780930377007,9478
9780295968261,6241
9780295968261,8227
9780520007840,1806
9780393306781,4446
9780312062347,3950
9780312062347,13501
9780440220428,13375
9780440220428,20
9780440220428,501
9780679405139,50
9780060179229,12322
9781557982414,480
9780743216890,785
9780553057751,14783
9780060176877,3689
9780151255948,522
9780151255948,5368
9780913175149,5790
9780913175149,8459
9780871134790,2974
9780060168537,3689
9780060149420,529
9780689817854,857
9780449208465,8855
9780935710014,11096
9780807059050,1029
9780679723288,10242
9781561385751,4771
9781561385751,1346
9781561385751,9137
9780140181999,2806
9780966691917,10970
9780970335555,3006
9780755310722,8093
9780553572438,2632
9780812549089,3295
9780061056918,14477
9780553574609,4758
9780345388520,5575
9780345402400,5575
9780345389985,5575
9780373250202,13379
9780671023935,7302
9780671023935,9881
9781571684110,9113
9781571684110,13738
9780312254193,15164
9780312254193,11543
9780061000126,15564
9780061000126,14766
9780671003944,7302
9780671003944,9881
9780451523600,14580
9780451523600,6436
9783453171831,14748
9783453171831,13993
9783453151956,14748
9783453151956,13993
9783453147461,14748
9783453147461,13993
9780241141786,15349
9780802131782,5716
9780140075960,15349
9780385475198,5846
9783473580309,5492
9781558745049,6137
9781558745049,9900
9781558745049,6863
9780764561740,4616
9780345386663,7007
9780060594336,4672
9780060594336,4439
9780812550771,585
9780821758564,4564
9780449149829,4564
9780671899592,7804
9780380716166,10631
9780671793906,4564
9780345365927,4564
9780373834136,8058
9780821772348,4564
9780440237020,2953
9780316171472,6552
9780345381705,7007
9780590981828,4933
9780446603607,12733
9780425180297,8236
9780312986698,2925
9780345459671,11804
9780312306328,6554
9780670852147,6998
9780670852147,4093
9780345442390,2232
9780061031557,14669
9780440214908,3395
9780801678769,11419
9780801678769,783
9780451169525,13916
9780805054088,11569
9780060927219,6024
9780064406963,13509
9780064406963,9527
9780743241410,7995
9780812504309,7863
9780863040405,5930
9780374172893,10399
9780140283402,14807
9780380730773,32
9780862418878,6168
9780862418878,5861
9780862418878,14331
9783404146451,11518
9783442730988,747
9783442730988,11238
9783404144785,15527
9780880707558,12884
9780681454132,666
9780681454132,962
9780681454132,13042
9781569472798,1873
9780297829089,10182
9781853406201,6386
9780006551072,11823
9781903650158,8591
9781852278953,13763
9781841153650,14050
9780140178197,6162
9780140178197,680
9781877003035,13691
9783404144310,14659
9783453171862,14748
9783852183213,321
9783852182759,321
9782070408221,5089
9780792706250,2574
9780340568873,8562
9780590406543,13156
9780439557085,8986
9780749707934,11747
9780517189672,7208
9780810943988,8737
9780590248587,7193
9780870449550,10991
9780439108423,12609
9780749712297,10515
9780749726881,9717
9780140309584,1032
9780140319972,6687
9780140319972,8891
9781565652699,15612
9781565652699,11004
9780394839103,13777
9780394839103,6451
9780860201243,7842
9780860201243,3623
9780860201243,2647
9780395713259,4506
9780395713259,13009
9780894806148,11016
9780894806148,8011
9780140554557,9652
9780140554557,814
9781563053177,10455
9780394809670,13777
9780394809670,6451
9780394800387,3805
9780394800387,14526
9780802769756,10700
9780802769756,7738
9780802769756,5546
9780679823858,3311
9780679823858,2039
9780064430227,2746
9780064430227,2746
9780030423918,11704
9780140502077,9301
9780140502077,9301
9780843110401,4671
9780843110432,4695
9780881380194,9777
9780881380194,12861
9781853261589,889
9781853261589,5997
9780307968210,13483
9780789495921,3542
9780920236161,12787
9780920236161,10501
9780140183511,13118
9780140183511,11848
9780152014209,9401
9780517556757,9945
9780881660968,2720
9781885593047,7848
9781885593047,14232
9781557346759,4496
9781557346759,6562
9781557346759,2529
9781557346780,9168
9781557346766,14256
9780061093333,812
9780385479677,14903
9780786861927,12877
9780786861927,1224
9780890430408,14982
9781551669021,10098
9780762703272,13353
9780762703272,6908
9780375504440,11073
9780618015849,13814
9780681403222,3745
9780385316514,675
9780440324973,1378
9780140168129,6162
9780140168129,927
9780192829061,15619
9780192829061,12943
9780192829061,14633
9780688141868,15554
9780688141868,6637
9780446602457,11032
9780804113830,808
9780061092190,14477
9780061031328,14477
9780446359757,11305
9780380818600,9154
9780812577839,4768
9780440208518,989
9780553299076,12821
9780061054891,14477
9780688177867,351
9780440458227,7322
9780767916066,4635
9780679432999,4125
9780156027113,3626
9780590065917,708
9780966853018,8017
9780966853018,8745
9780689832130,3673
9780689832130,1355
9780140179835,10082
9780553580907,12578
9780300080308,7409
9780440221036,753
9780553581553,6000
9780373834341,3278
9780451179807,5323
9780451203595,5323
9780764223303,1410
9780451207500,5323
9781575666730,4564
9780396080114,12682
9780030476266,11290
9780812507430,15137
9780812507430,8196
9780201093803,14329
9780671760601,1281
9780671760601,10370
9780970634702,9692
9782020336482,5611
9782070378302,4562
9782070378302,15584
9782020315593,126
9782080671615,6232
9782868697981,4751
9782868697981,5855
9782868697981,9555
9782253942726,6729
9782253942733,1336
9782070425266,1316
9782070425266,1305
9782070425266,12822
9782070411726,1021
9782020099080,13240
9782842190064,3510
9782266023207,5089
9782264023483,7380
9780345331397,6020
9782070361038,12248
9782070723331,6235
9782290328682,6018
9782020281348,6731
9782020323659,6731
9782253037385,12324
9782020094856,2334
9782020099134,9772
9782253023906,5086
9782290045763,10590
9782253149118,515
9780679751755,11514
9780679751762,11514
9780679751762,13049
9780679751762,14960
9782070332748,6694
9782070369430,9677
9782070426775,10586
9782290302484,11946
9780744302745,538
9783257231595,777
9783257231595,14934
9780751528497,4026
9783478719612,14813
9783596137220,813
9783596137220,13681
9780446341875,13663
9783257231182,3652
9783257231182,10795
9783451048586,7716
9780962655104,14483
9783499228650,11902
9780451180230,13916
9781570671043,5949
9780905712604,13916
9780671625832,3745
9780517693117,3745
9780452275355,10725
9780395584156,13502
9780913028674,3983
9780415040136,11391
9780836269642,1506
9781551667874,5604
9781575663838,13492
9780380790715,86
9780590462105,3432
9780590462129,795
9780812022001,13281
9780812022001,10748
9780373218158,2109
9780373293148,15045
9780373293131,4059
9780399145704,8964
9780446346801,15386
9780590483445,12112
9780590453684,12112
9780451137968,13916
9780451137968,12370
9780553266573,7495
9780449219553,3504
9780425128169,3266
9780425107461,3266
9780451162144,11882
9780425106877,12875
9780451451484,14982
9780451451484,3901
9780451451484,9971
9780440198574,7495
9780553262643,7495
9780440182931,7495
9780590568814,12112
9780553573619,4224
9780515101232,8964
9780515129946,8964
9780590421171,12748
9780899194639,11598
9780590250849,6484
9780590250849,4406
9780590250887,6484
9780590250887,4406
9780743492911,8293
9780671039943,14954
9780671039950,14954
9780671039967,14954
9780807554548,5142
9780807554548,2262
9780807534373,5142
9780807530818,5142
9780807554227,5142
9780807554203,5142
9780671002039,12054
9780872863071,3679
9780786014248,15273
9780312312268,3695
9780312312268,2890
9781574090352,15076
9781574090352,7431
9780142000229,5653
9780140147735,14685
9780060910693,10927
9780812925302,14174
9780312953492,2252
9781858283432,658
9780671732127,5517
9780140041798,12586
9780525945444,7373
9781567313598,10557
9781567313598,13911
9780812551471,14471
9780765346520,14471
9780345434678,800
9780786704422,7180
9780505525376,4902
9780553573398,12882
9780553573398,10578
9780553573398,7366
9780553209679,15472
9780440204206,13352
9780140074512,3873
9780843952018,1674
9780843951905,15375
9780843949780,12448
9780843949780,3270
9780156252850,889
9781858286990,6458
9781858286990,13699
9781858286990,14361
9781858286990,3231
9781740591621,2375
9781740591621,562
9781740591621,7225
9781740591621,13341
9783761400852,3529
9780864427557,2023
9780864427557,9728
9780864427557,274
9780864427557,14546
9783462022612,1643
9783462022612,1643
9783257217001,8861
9783257217001,996
9783257217001,4399
9783257217001,1041
9780345315229,981
9780312871994,981
9780312871994,13861
9783455003277,13655
9781571741110,2656
9780140620443,2194
9780517053614,15462
9780517147818,8935
9780517147818,3995
9780517147818,7525
9783453217317,11946
9780679436157,194
9783458342779,5194
9783458342779,233
9780140135374,12096
9780140442526,4805
9780140442526,6932
9780140442526,6932
9783596258758,4713
9783596258758,15111
9783518068540,10588
9780571067008,6337
9780571067008,866
9780140422160,9170
9780140422160,5039
9780140422160,14336
9780006547839,11827
9781559706643,13977
9783442724628,4549
9783442724628,842
9780670822676,4164
9789722105859,10352
9789726101796,9514
9789722002172,8958
9780345410016,12221
9780812550924,7863
9781577592730,14485
9781577592730,2960
9780553279306,6929
9780786702527,8439
9780486414164,12768
9780486414164,3777
9780441006687,14328
9780826452450,7893
9780486270517,15347
9780553274325,2845
9780966505306,6121
9780375500930,2625
9780385494236,5916
9780671855673,1258
9783453152816,14918
9780333375112,14509
9780333375112,11234
9780333375112,11772
9780786861347,14660
9781590889756,1586
9780452283244,4919
9780945320531,3609
9780425105337,13916
9780395878064,12221
9780553580198,3266
9780440442509,4453
9780440442509,9334
9780064400855,8735
9780064400565,3843
9780064400565,4901
9780439049962,2996
9780590846288,2996
9780316358484,5745
9780316358453,5745
9780380787715,3742
9780006485933,1009
9780671558680,1380
9780345379368,1172
9780312855222,8635
9780312855222,6920
9780312855222,14009
9780345307613,12040
9780345315724,1132
9780201754704,8774
9780804119368,808
9780375759994,183
9780375758232,84
9780679413134,183
9780525939108,7082
9780375758270,183
9780451172815,13916
9780671886660,10068
9780440487616,9446
9780440487616,7146
9780590109963,11847
9780590462266,1230
9780440227199,4933
9780440219859,7429
9780440220237,14892
9780767915069,1427
9780062516930,11261
9780679755043,6270
9780374173135,9768
9780060509170,6024
9780805069952,1117
9780805069952,954
9780809140589,12686
9780809140589,11524
9781583224892,11155
9780809141357,11665
9780809141357,10008
9780060088293,10316
9780060088293,7679
9780764551628,4383
9780553096088,10904
9780737003109,7887
9780737003109,11871
9780743224239,3801
9781572242395,8216
9780312981587,12770
9780312981587,11959
9780060193287,9215
9780399525001,6603
9780062508348,13732
9780062508348,11521
9780062508348,579
9780140195873,4875
9781591860006,10069
9780874779684,6916
9780874779684,2523
9780066214429,1244
9780345394071,825
9780376017208,14126
9780376017208,9373
9780376016768,14124
9780696208188,1368
9780696208188,4887
9780060958015,7129
9780312271244,8438
9780312271244,387
9781559706841,15162
9780848723712,10952
9781564145192,13966
9781573228350,7070
9781573222419,11216
9781571780386,10040
9781571780386,3570
9780764586330,8335
9780937750124,3555
9781583762028,1690
9782070403967,6616
9782070392629,6726
9782070392629,12325
9780805071795,3782
9780316328197,7349
9780515135954,13985
9780440216803,6284
9783453092471,981
9783453092471,4980
9783453092471,12962
9783453861824,14748
9780345369413,12605
9780440120506,9934
9780743211376,13916
9780446606257,11775
9780521409049,15462
9780521409049,8994
9780521409049,11617
9780340682319,4576
9783518394045,14249
9783426615355,11079
9780446515078,295
9781853715457,10554
9780446300155,5583
9780446300155,9752
9780446300155,8275
9780671720148,9154
9780060511500,7877
9780060511500,14268
9780060511500,8023
9780060511500,10353
9780140093063,14704
9780671033088,7410
9780671033088,2493
9780684852140,10967
9780316787031,15426
9781560253075,15507
9780452284135,7490
9780671457112,3169
9780553202304,11286
9780385115780,12663
9780684872889,6831
9780802139603,5892
9780786881192,11012
9780140167450,8571
9780385493253,9086
9780767906036,12051
9780684835297,12636
9780451083708,12805
9780871131454,11309
9780425178836,7344
9780771099724,10806
9780771099724,3052
9780439386012,8842
9780451520883,6085
9780451520883,385
9781841953229,14320
9780679438533,4837
9780349115221,14764
9780060956134,12490
9780349111032,2212
9780552142762,617
9780330317498,15509
9780552134750,4758
9780425130711,3266
9780575049802,14477
9780575047631,14477
9780575046061,14477
9780575044630,14477
9780575043633,14477
9781593150228,2854
9780671787189,4174
9780449213018,5062
9780385317092,2953
9780451168085,13916
9780804118682,4538
9780439420105,6082
9781591824091,2560
9780399144172,4850
9780451163714,4855
9780451158260,8328
9780671799588,12461
9781860465383,1511
9781860465383,14759
9781591822585,2560
9781591822578,2560
9781591821533,2560
9780765304681,9650
9780786927401,9650
9780786927401,14860
9781591820079,2560
9781591820062,2560
9781591820062,2560
9780812511758,537
9780812511758,10326
9781591820055,2560
9781591820055,2560
9780345418265,15386
9781931514927,2560
9781931514927,2560
9780345283498,12751
9780553091281,4758
9780887621116,8611
9780380775668,11432
9780399124723,7537
9780671876821,4455
9780553141276,800
9780671722623,15462
9780764226311,8021
9780393048087,10319
9780345445896,3878
9789681902544,10415
9789681902544,4273
9789681902544,13077
9789681902063,7765
9780805052459,14648
9781841952338,15316
9780330419567,3745
9780866119542,6168
9780316877718,12526
9780747541141,13127
9780789426277,78
9780345449122,1611
9780553143003,12770
9780664225988,13692
9780671022204,11792
9780312172299,13877
9780060925758,14604
9780385311779,15126
9780452264861,1065
9781582341408,865
9780515085990,10635
9780515085990,5409
9780449137468,6156
9780671887964,10935
9780452273405,3704
9780965011617,13990
9780965011617,7416
9780446404143,931
9780689859366,5799
9780689859366,14815
9780689859366,14815
9780440416654,4377
9780440416654,5084
9780440414858,4377
9780440414858,9980
9780440414858,5084
9780425180457,10784
9780959774665,12869
9780373259205,11351
9780746016640,5540
9780746016640,5404
9780373165216,2129
9780425145630,12875
9781400030651,12957
9780671708375,5842
9780671742645,1462
9780671742645,4270
9780671883416,15142
9780671567996,10312
9780446345620,13181
9780553260960,6690
9780553801378,3266
9780671733896,11804
9780671700102,42
9781551669441,3278
9780552992060,7370
9780684863306,1206
9780807508527,5142
9780807508527,8559
9780590848862,3276
9780590848862,9571
9780590848862,7512
9780375822339,6925
9780842343312,6906
9780842343312,14680
9780842343312,2362
9780842343305,6906
9780842343305,14680
9780842343305,2362
9780842343329,6906
9780842343329,14680
9780842343329,2362
9780842342971,6906
9780842342971,14680
9780842342971,2362
9780842321969,6906
9780842321969,14680
9780671021191,10284
9780671884499,14955
9780380769551,4173
9780671028381,8246
9780671011369,8246
9780091882082,14819
9780446670555,12351
9780671047481,6800
9780515136548,2093
9780380814817,7203
9780671019716,9019
9780671034054,9019
9780373708710,8224
9780671568849,9019
9780373289769,9628
9780553581645,7711
9780380786152,8180
9780380786152,7054
9780380786152,14388
9780380781461,1633
9780671027575,9019
9780312962432,8092
9780312960896,8092
9780553580686,6493
9780440235514,6240
9780451402042,2093
9780521815819,6953
9780553569919,6000
9780817235000,2361
9780817235000,13987
9781576751510,7289
9781576751510,3233
9781576751510,14578
9783442730360,489
9783442730360,13228
9783442728268,3512
9783442760770,15520
9783442729692,8487
9783442729722,13650
9783442729722,10742
9783442728312,9587
9783442728312,3674
9783502518846,1502
9783442429646,9456
9783442429646,935
9783442429646,5993
9783251004553,3210
9783442541621,15516
9782253137245,1313
9780345456335,800
9780345456335,14815
9783404117475,11392
9780553578683,9078
9780451409881,5604
9780743418201,6866
9780786863136,5022
9780553574630,3485
9780060512828,1139
9780060976736,9292
9780805023237,1366
9780805039801,1366
9780805018356,1366
9780609608333,2355
9780871138439,6813
9780446607681,931
9781584650539,7635
9781584650027,7635
9780874518849,7635
9780786866847,3793
9780786866847,10147
9780375757426,6482
9780375757426,39
9780375707452,6813
9780553290530,14376
9780312989392,5594
9780312273040,8250
9781853261879,11254
9780836218312,4927
9780552146982,1258
9780340818688,304
9780140059038,11307
9780140011708,11319
9780552136495,6485
9780330335270,8241
9780743429047,7862
9781857027600,9886
9781856354004,1434
9780440501602,9923
9780952661023,3134
9780952661016,3134
9780952661009,3134
9780340660119,8371
9780718146993,8445
9780718146993,125
9780312135867,13308
9780575065611,6471
9780575065611,5303
9780752800448,13693
9781559704953,9472
9780399141294,2680
9780312869939,14383
9780425176788,9610
9780553580310,13457
9780679450740,6536
9780060391621,15170
9780374527228,776
9780312253431,12770
9780312253431,11959
9780385337472,3445
9780140431216,5031
9780140431216,13890
9780312986315,14959
9780312989385,12770
9780345409324,811
9780451411051,7286
9780349115764,12352
9780446603102,13303
9780553803228,14680
9780553803228,5316
9781560232230,1847
9781883061319,5131
9780060009465,6592
9780446519793,13303
9782253146889,515
9780340629680,4574
9780552998529,10726
9780749324834,3321
9780140707144,15462
9780140707144,5411
9780140351149,7863
9780340672259,14381
9780563384519,5357
9780060921163,12760
9780330253604,14787
9780553131604,6633
9780440115854,2953
9780440200567,2953
9780671774660,10297
9780425075692,3266
9780425080023,4685
9780425085325,3270
9780425119846,3266
9780060393823,5346
9780747517795,12919
9780671431280,10068
9780889627680,8869
9780771058370,7803
9780875423081,15479
9780345349354,800
9781565048751,10913
9781565048751,3556
9781853267338,299
9780061093999,11264
9780812508642,11264
9780671743055,12779
9780048231390,6101
9780048231390,2505
9780312932015,5298
9780812580341,12731
9780671793159,3539
9780671793128,4709
9780671641375,2046
9780671568054,2046
9780671002114,2046
9780671730888,2046
9780671794798,2046
9780393037609,11540
9780205319145,6357
9780316235020,4947
9780060952976,13355
9780836133479,10315
9780743203630,12782
9781567187076,11494
9781551108490,15301
9780831711436,9009
9780067575987,12474
9780023193910,3387
9780023193910,7262
9780028639222,4355
9780517159309,12341
9781557866035,8772
9780931432828,14962
9780671528065,11584
9780800629700,6060
9780966496024,14528
9780966496017,14528
9780929661193,13682
9780922066438,2184
9780517025307,222
9780553344806,10568
9780060922580,10568
9781580060219,14528
9780195113716,5781
9780195113716,1760
9780452010130,7869
9780452010130,9877
9780345379580,12498
9780192839077,9578
9780192839077,14511
9780192834270,12048
9780192834270,12899
9780899548319,8503
9780899548319,9296
9780374523831,3082
9780140585049,11762
9780140585049,6028
9780899088235,17
9780141307510,10081
9780140360462,10292
9780140620849,7609
9780590449380,9156
9780553278002,12770
9780060198503,852
9780451187420,8875
9780671750404,2674
9780804111096,512
9780425081815,13916
9780425081815,11882
9780345369437,7373
9780451206466,7402
9780552999953,1258
9780140287240,660
9780590502078,11675
9781590790519,14563
9781401040864,8046
9780310239390,6290
9780060652920,1818
9780786865482,11981
9780842352666,6277
9781557739575,4128
9780140375985,15464
9780451194725,5979
9780679448600,3128
9780553089219,7596
9780312983376,3743
9781403325570,10471
9781562012540,12223
9780330491976,8241
9781858285450,4984
9781858285450,9847
9780590487443,12112
9780590431361,702
9780448060040,8935
9780448060040,7525
9780553213171,8578
9780671722906,15462
9780397306930,4627
9780397306930,14399
9780345316455,9212
9780590853118,10915
9780517051511,12341
9781562933494,4472
9780448343013,5504
9780448343013,7137
9780448343013,8636
9780816715602,14278
9780307117427,5246
9780060931414,15613
9780517206799,14102
9780451194770,6946
9780451194770,3591
9780679455882,14862
9780142000984,1125
9780971212305,9203
9780060926199,9102
9780310254751,8823
9780449909454,10696
9780515136555,8964
9780449204320,15429
9780747545545,7046
9780965455572,669
9783492236010,14101
9783492236010,13818
9783404147953,497
9783404146796,6456
9783257227260,5967
9783442429554,14385
9783596148738,13821
9783492229623,7799
9783492229623,10263
9783492235815,787
9783492235815,4845
9780312320249,1176
9783442726738,4549
9783442726738,14247
9783404145508,5323
9783404148707,2139
9783404145515,7857
9783404149124,556
9783596144860,9714
9783596144860,13471
9783426603130,14222
9783426603130,13656
9783423026291,4713
9783423026291,7660
9780804114493,6302
9783442447039,10720
9783442448333,10776
9783442448333,740
9783404144174,829
9783404144693,5003
9783423201506,5697
9783423201506,4407
9783442442539,811
9783442442539,5231
9780020198901,7645
9781578155583,6554
9780312082970,2217
9780451527561,3950
9780451527561,753
9780938317289,8765
9780140089226,8379
9780679449782,7286
9780385425476,7945
9780312959845,9931
9780312962944,9931
9780061097157,921
9780618127023,10744
9780618127023,6131
9780821773642,4564
9780440236870,9247
9780060963194,9157
9780743448642,7722
9780553801446,13566
9780140263145,7448
9780892813575,10823
9780811214025,7933
9780811214025,7932
9780811214025,11575
9780679757894,13260
9781573228770,15442
9780385319522,12691
9780590418263,425
9780590418263,1628
9780821769362,9085
9780743400398,10906
9780689866258,10906
9780689866258,7714
9780671042592,2474
9780671042592,13935
9780671042592,14566
9780743427449,14722
9780743427449,7996
9780743427449,8667
9780743427449,10293
9780743400459,15589
9780743400459,10906
9780743400459,2402
9780743400459,10283
9780812564907,12040
9780812564907,7900
9780812539264,3182
9780440221913,558
9781891153884,1826
9781891153884,2474
9780689859182,7714
9781569715413,6365
9781569715413,2474
9781569715413,13186
9781569715413,4375
9780743418928,2474
9780373482078,11169
9780373482078,3278
9780373482078,10211
9780373482078,14865
9780843129687,979
9780399525773,4121
9780762401406,14757
9780762401406,5897
9780762401390,14757
9780762401390,3356
9780821223277,2508
9780821223277,13350
9780785811336,5135
9780316287555,404
9780590433518,1298
9780345320537,9328
9780486227450,14529
9780789709653,14670
9780141307121,11847
9780062732743,8622
9780062732743,357
9781586630324,14351
9781586630324,14352
9780451458315,6864
9780451458315,6864
9780451458315,6773
9780451458315,8507
9780679885443,3753
9780762404599,13124
9780515125580,7604
9780743211994,7047
9780761530879,12537
9780761537298,3055
9780761539223,3055
9780761539223,9839
9780880382045,12296
9780525463061,4248
9780525463061,1550
9780760716823,10619
9780515132137,13985
9780765301277,7857
9780140431315,14580
9780140430547,2194
9780140430547,5081
9780312154899,11555
9781410755568,10148
9780316816533,1176
9780156005494,3063
9780385334464,597
9780805059557,14102
9780805036503,14102
9780060005009,3412
9780060005009,3412
9780786831685,14168
9780786831685,3733
9780786831685,15173
9781578562589,7122
9780671024185,2662
9780590448505,10327
9780590448505,10327
9780553058079,7007
9780831746803,882
9780373706860,13104
9780671690557,2492
9780140173185,10491
9781558172692,3544
9781558172692,3545
9781558172692,9026
9780399519482,14444
9781562650032,6278
9781562650032,9950
9780451173393,12134
9780451173393,12409
9780679434047,13064
9781568846446,10494
9780895266064,12286
9780380004652,2184
9783462030532,1643
9783462030532,2563
9783442438792,13663
9783442427987,4154
9783442427987,10264
9780553155969,3046
9780024080912,3816
9780024080912,13419
9780273621980,14769
9781885027061,15244
9781885027061,3172
9780312962180,8896
9781932173109,13933
9781932173109,13604
9780373029570,8125
9780380788507,6517
9781558172296,13214
9780373035038,12280
9781878702036,9144
9780618124916,8768
9780618124916,11282
9780380782338,14151
9780553124774,5263
9780698116849,11675
9780440700135,7832
9780553278217,7509
9780743428620,14954
9780671745004,7411
9780440213420,9140
9780671726584,4610
9780590679091,5070
9780590679091,2379
9783453864054,4211
9783453864023,14619
9780440406402,4280
9780929923901,11143
9780446512473,2104
9780385417846,11990
9780385312127,4116
9780553273281,1182
9780425177358,6902
9780425177358,14748
9780425177358,9970
9780312912154,13997
9780671836863,15419
9781558020832,7382
9780553117677,12400
9780312974251,6839
9780449222478,8128
9780523418995,14701
9780689846229,9288
9780689846229,8158
9780070504257,13101
9780670887828,15534
9781893010024,11623
9781893010024,5507
9780743456241,3037
9780141439556,4295
9780141439556,11700
9780141439556,9276
9780679425267,3266
9780446608817,6385
9780515128543,11169
9780440984696,7832
9780515114003,11169
9780375401602,811
9780446610346,14115
9780517431498,12341
9780300069761,6883
9780140178401,10884
9780399149399,11169
9780312875688,2193
9780385413046,11392
9780385308076,688
9780395771389,5808
9780451523389,4295
9780140440225,4990
9780140440225,11038
9780871138613,14760
9780380789665,12221
9780380789597,12221
9780316769495,6118
9781551662800,8695
9781410784926,4146
9780670880720,5653
9780385472944,7352
9780679452355,2494
9780142003725,4132
9782253036210,2187
9782290308400,13916
9782738107916,1595
9782844121578,10731
9782844121578,11110
9782264002198,3750
9782266072243,1840
9781591299356,13721
9780373703388,13305
9780671047511,6800
9780553581768,6800
9780393087000,15069
9780393087000,2751
9780553801347,3266
9780375803017,12221
9780375803017,7670
9780671039721,13916
9780345389428,811
9780671660208,11285
9780345422316,7263
9780140169591,12582
9780671883423,6124
9780671722890,15462
9780441115983,12717
9780441115983,8570
9780441115983,4682
9780553234701,3919
9780671538736,6919
9780671869120,5842
9780451142931,13916
9780688059354,2032
9780786862566,1547
9780786862566,11258
9780967575612,7682
9780967575612,2425
9780345388629,8064
9780445407152,3600
9780445407152,12509
9780553568783,13862
9780345382528,15409
9780446363044,8614
9780446363044,11529
9780671017248,15296
9780849939518,13670
9780740738081,2973
9780451526922,15462
9780446676205,13065
9780446676205,14857
9780446676205,3288
9780747553328,12274
9780571134175,9461
9780865733275,14505
9780865733275,1794
9780451408464,5604
9780446517393,3906
9780440173922,2953
9780061031991,6223
9780156394017,15098
9780517703854,5867
9780425159675,9602
9781551668086,3525
9780843948899,2079
9780380810147,8181
9783442449910,148
9780515133066,10720
9780805065398,4157
9780764226779,3150
9780425195246,7873
9780060527419,8225
9780425192139,2609
9780671042516,9023
9780451211880,5472
9780446611466,3713
9780451211798,746
9780451408020,7054
9780373225620,10779
9780373289134,4179
9780060531232,7877
9780373225583,12283
9780312990039,8669
9780373224647,11263
9780451211835,7054
9780821760956,5470
9780425104347,3266
9780425198056,10231
9780451210647,15089
9780440224556,9921
9780843953787,8254
9780440237556,8036
9780373245024,11371
9780373226665,7916
9780373224616,4957
9780373226771,142
9780373226146,2011
9780373122738,2003
9780373225804,116
9780373225859,1077
9780505522832,4313
9780505522832,853
9780505522832,8193
9780061084478,14372
9780061000201,11852
9780590251624,702
9780590251617,708
9780590251600,702
9781551669427,13827
9780152017682,10329
9780425176610,7675
9781581960082,9316
9780515134513,8712
9780486277875,15361
9781932344264,6824
9780967024257,7667
9780967024202,4047
9780446520805,11070
9780375500992,4125
9780062502513,8619
9780425168462,345
9780553227468,14581
9780140372625,984
9780394728810,7932
9780394728810,11575
9780963930408,650
9780963930415,650
9780515130966,2093
9781551667331,9019
9781571430236,5179
9780590474801,12112
9780060152581,10686
9780060152581,10442
9780374512644,2635
9780374512644,12950
9780374512644,5746
9780394743042,9677
9780394743042,12502
9780394623269,9677
9780020191209,12652
9780394744759,9516
9780394552361,9677
9780375757143,10774
9780375757143,9213
9780440206149,14581
9780060392437,1204
9780805064223,7658
9780140274318,2665
9780609607800,1444
9780609607800,13973
9783548265384,1901
9780618129010,6130
9780553381894,5326
9780385509527,85
9780821601808,15486
9780821601808,15373
9780345329738,10066
9781563521089,8814
9780449200254,11204
9780684195971,11428
9780425060735,3957
9780312971496,2867
9780451112125,2211
9780515123531,4352
9780373241958,949
9780312954703,6604
9780312954703,1919
9780671672492,13414
9780425092910,818
9780449911518,3662
9780440236757,2953
9780881660944,10105
9780451173317,13916
9780451160522,13916
9780743446594,9127
9780684830681,9627
9780759695375,8947
9780340512661,5490
9780340512661,5490
9780099623403,2471
9780140350081,9239
9780684813448,7653
9780684813455,7653
9780684813462,7645
9780553283112,901
9780030448560,4813
9780030448560,4897
9780140188479,12279
9780446393683,9081
9780671778798,8251
9780671778798,7428
9780553238747,11908
9780020199601,4530
9780553210217,4294
9780743211222,14479
9780743211222,14287
9780553560442,12770
9780445405622,11305
9780445405622,14548
9780440201700,7373
9780061090561,11244
9780553297423,4758
9780515117615,585
9780449217269,6256
9780345298348,9962
9780345372055,3329
9780809130153,12732
9780060919832,1321
9780553199802,4758
9780553269109,4482
9780345311184,9283
9780553236774,2086
9780553236682,2086
9781553690467,1591
9780312971304,24
9780671884147,3007
9780671884147,5313
9780440215400,8530
9781863736527,104
9781869503369,12125
9781869503369,436
9781589610026,636
9780425195475,11169
9780899681061,4078
9780802707819,2624
9780241894842,14679
9780002219471,393
9781551660363,6622
9780778321156,8022
9780860207160,13868
9780671955540,8674
9780671955540,5240
9780140307535,13121
9780140328332,7343
9780006716068,12761
9780006923473,2046
9780850791884,5159
9780723237846,1232
9780001360464,9509
9780001360464,9509
9780721406176,6089
9780948535154,12938
9780590705929,7278
9780001374867,4575
9780001374867,4575
9780861122486,4
9780307122032,5246
9781852700485,3036
9780750009867,10765
9780721407500,8583
9780721407500,11850
9781858282169,658
9780140276909,6499
9783453868311,9826
9783453868311,5635
9783442450022,15383
9783442450022,9581
9783404148660,2852
9780967819945,6454
9783630869452,4690
9783630869452,4689
9781551666655,5604
9781558745155,3013
9780802139610,1073
9780812966626,7184
9780806943237,6059
9780967379302,9894
9780967379302,12552
9780531162194,14889
9780439083690,11694
9780439083690,13514
9780439083690,1629
9780060739485,6925
9780060739492,13509
9780060739447,6668
9780060739447,7497
9780743437318,2822
9780060739416,8158
9780060739416,3640
9780439633734,4306
9780439633734,9536
9780439253239,4306
9780345362087,8820
9780553230215,12770
9781579903008,9272
9780762727940,12207
9781590591222,4412
9780787108960,3745
9780787108960,3745
9780812522136,10312
9780140288520,3774
9780140288520,1752
9780140288520,13546
9780140288520,12930
9781887424141,14544
9781887424141,4006
9781887424141,9387
9780060928179,6608
9780060928179,10562
9780425063873,4114
9781563890895,11018
9781563890895,13287
9781563890895,13536
9781563890895,2658
9780425064924,4114
9780425061954,4114
9781878424488,10645
9781878424488,6572
9780789205100,15019
9780679445357,4515
9780679445357,6403
9781861870612,5652
9780804831901,15582
9780804831901,11270
9780804831901,14561
9780517163443,10325
9780517163443,10467
9781565123779,13367
9781565123779,3086
9780553578737,10362
9780020292654,1512
9780898866292,1539
9780898866292,10653
9781904492351,10453
9780440118701,7495
9780380710898,14862
9780615116426,15083
9780590457248,10014
9780553242171,7509
9780553800944,6000
9780738867540,11663
9780349105710,5890
9780571144563,10686
9783257205084,5089
9783257205084,12250
9780849955815,6141
9780849955815,14458
9780590101127,5408
9780698114067,8925
9780373612604,7121
9780140430080,2194
9780140430080,14874
9781582340722,1531
9780373822034,7953
9780060000790,13755
9780060509187,6024
9780140124385,5309
9780393057478,3439
9780689303173,14144
9780689303173,174
9780140441659,14605
9780140441659,11661
9780140441659,11661
9780140158014,10488
9780140118049,13653
9780732264475,5053
9780394759753,2569
9780910147149,7260
9780895778741,10295
9780821723500,13895
9780345418272,14921
9780534005412,2202
9780804114271,4401
9780671795573,6882
9780312955007,10395
9780440236160,10760
9780425178553,3901
9780312278281,12529
9780140714913,15462
9780140714913,13132
9781902825960,273
9780380803248,12238
9780843952407,5298
9780553235401,11670
9780679723110,7334
9780140430356,15435
9780140430356,6078
9780373250240,6030
9780743463546,11365
9781931527132,2295
9781400060221,14259
9780061057908,800
9780061057908,9597
9780061057908,7312
9780061050947,800
9780061050947,4115
9780061044434,14118
9780802140142,5212
9780060931407,3688
9780345351876,800
9780441003389,800
9780441005314,800
9780061057892,800
9780061057892,9597
9780380720866,12238
9780786706211,322
9780393315608,1207
9780060936235,4882
9780060936235,9433
9780156002103,6376
9780786864409,12561
9780140178135,11569
9780440219934,13510
9780395640227,6334
9780060178246,15303
9781573220668,6103
9780140139402,15168
9780671682088,8633
9789151830483,9477
9780192816276,7641
9780192816276,12954
9780330353717,5301
9780060503475,7810
9781400060115,6510
9780812968002,14259
9780449908792,6536
9780743255226,388
9780399146114,8592
9780399146114,13247
9780312291525,3476
9780446675055,1495
9781558614628,14972
9781558614628,14382
9780753811252,9714
9780375411557,14807
9780679774020,12540
9780380705641,14841
9780812968187,7192
9780385318808,8235
9780380652273,14841
9780375508622,4874
9780452284937,14856
9781573222266,792
9780316781015,669
9780865472808,792
9780345460356,2417
9781885211927,6853
9781885211927,6951
9780743201025,8702
9781562925307,6789
9780684836553,1865
9780684836553,2356
9780842307413,5780
9781556612961,6588
9780590465953,7467
9780671017279,3431
9780895772176,9898
9780895772176,11600
9780064405102,12940
9780064405102,3101
9780064405485,4640
9780064405485,3905
9780064400015,8666
9780064400015,4901
9781561797110,6955
9780836217797,13423
9780836117141,7684
9780440490999,12596
9780380698714,9233
9780380698714,87
9780380698714,7901
9780553481181,4649
9780689835742,11801
9780689835742,11801
9780590450331,10925
9780590450331,5998
9780316115568,9526
9780590623513,10119
9780140511000,867
9780609602430,3353
9789723704556,152
9780671774592,10297
9780618071784,2530
9781550660166,6497
9780876054444,13974
9780882547596,6096
9780316057516,3032
9780866220446,9563
9780866220446,739
9780517880531,3425
9780671449629,1177
9783923880645,3723
9783923880645,12006
9780312104450,12
9780312104450,7519
9780385314282,6817
9780385314282,14193
9780345285850,14873
9780872168251,10808
9780804102988,4014
9780440150169,7373
9780590988865,10969
9780590502146,8218
9780316286121,13658
9780590053693,11468
9780385230292,4734
9780152177638,14531
9780380715633,9378
9780517667187,5478
9780517667187,14886
9780316613231,9699
9780140343861,6712
9780807593660,5142
9780807593660,10063
9780440212126,7089
9780440411338,4933
9780440497271,15608
9780590422437,8578
9780140365825,1871
9780671550745,2492
9780821715185,15546
9780060233341,13509
9780590098533,1330
9780671866969,8186
9780723242161,2524
9780140314519,1351
9780590432665,1871
9780440430711,7322
9780590972154,9355
9780590972154,12922
9780380750269,11179
9780449219898,8972
9780590399883,12112
9780874067712,9751
9780874067712,7170
9780874067712,9751
9780064401609,10132
9780064401609,8882
9780316142410,10173
9780786813568,10410
9780064470223,1727
9780590425568,13837
9780590425568,3571
9780590414357,7777
9780590414357,3571
9780910034531,5952
9781591820321,14735
9781591820314,14735
9781591820307,14735
9781591820284,14735
9781931514491,14735
9781931514965,14735
9783426621653,14911
9780312983338,13836
9780140714197,15462
9780140714197,7303
9780425154885,11531
9780233981079,11747
9783453171480,12164
9783453171480,2826
9781550171341,766
9780345404763,12471
9780425158593,3266
9780099282198,11958
9780380806577,11058
9780060508876,14841
9780967253534,13236
9780448095011,2046
9780671038854,580
9783453867222,11376
9783453867222,6008
9780446359689,8614
9780892831180,6091
9780449902929,14176
9781558745018,6137
9781558745018,9900
9781558745018,11559
9781558745018,10880
9780671501280,4948
9780671501280,2367
9780330361972,1398
9780767906784,2865
9780679744498,5001
9780440221098,4125
9780385319201,753
9780449907634,11817
9780425182697,4905
9780060915742,5556
9780553260618,14102
9780671002787,7071
9780671722791,15462
9781893121119,3008
9780804900072,10988
9780385323901,414
9780345407276,10556
9780786886623,821
9780375760501,1976
9780312300531,11154
9781573229302,6836
9780805211023,396
9780679736899,2073
9780060915186,844
9780671792381,1644
9780156008662,3418
9780156008662,9454
9780156008662,2566
9780156008662,4315
9780609803240,8160
9780425163405,11428
9780671873196,2172
9780812531350,12059
9780140281293,5147
9783596143504,6967
9780451525024,9898
9780451525024,8905
9789074336321,12311
9783423704304,557
9783423704304,8088
9780515099546,8964
9780812542837,3768
9780812542837,8982
9780373264209,4736
9780373264216,1904
9780425170304,9602
9780425170250,9602
9780425180907,9602
9780373263943,1857
9780425067765,124
9780785278795,1551
9781560431008,14334
9781565076259,4288
9780553575934,13834
9780571136117,6531
9780856402913,1124
9780800714239,15148
9780140069457,6943
9780671852702,9815
9780553283587,1412
9780553295085,11959
9780855616533,1774
9780743410182,7768
9780671502522,7802
9780671502522,7768
9780671502522,962
9780671502522,6969
9780373834297,815
9780373834297,14397
9780373834297,7859
9780263819922,4326
9780263823097,4122
9780263828313,14231
9780671744625,7768
9780671025380,11804
9780671019228,5314
9780380733200,4302
9780061044632,7346
9780553561043,13485
9780263824681,3278
9780373047239,8025
9780373483877,9019
9780373483877,7084
9780373483877,13326
9783442438242,8156
9783442438242,10794
9783596130412,855
9783596130412,3839
9780552526159,6710
9780307123336,6666
9780723245834,1232
9783770156214,14582
9783518288757,5125
9783453124509,8720
9783548359854,1852
9783404144440,11900
9783442420155,13175
9783442420155,2397
9780330294911,11246
9783485008266,8260
9780061053474,2204
9783792000267,890
9783792000267,888
9783257229301,5967
9783499231681,11900
9783423125079,6632
9783423125079,4213
9780553239119,2067
9780802141293,7207
9780451458919,13221
9780451458551,13221
9780451458148,13221
9780451457936,13221
9780451457738,13221
9780142002797,9611
9780397300440,9282
9780397300440,4711
9780451190956,9024
9780451160539,9024
9780060530426,9800
9780395927212,6963
9780345450302,492
9780060393847,5346
9780375760921,8761
9780874041873,9637
9780515133875,8712
9780515134506,8712
9780515134452,8712
9780515134476,8712
9780810942639,7269
9780810942639,10482
9780515134469,8712
9780142002599,3159
9780515134520,8712
9780399150708,8264
9780515134483,8712
9780385482370,2345
9780515134490,8712
9781585673650,3472
9780743456401,5955
9780743427142,5955
9781565113305,2515
9781565113305,12690
9783442355907,8246
9783442355907,8488
9783442448180,7596
9783442448180,2450
9783442309641,2111
9783442309641,4854
9783442541669,2515
9783442541669,15294
9783442451753,10746
9783442451753,651
9789810023843,13764
9780812575583,12736
9780684859484,10546
9780684859484,1253
9780684859484,5420
9789810455675,2108
9780395971802,545
9789810026592,13764
9781853262432,15462
9781853262548,15462
9780971009905,2947
9781840224009,983
9781840224009,13713
9781853260339,13712
9780553212730,6482
9782277301981,11138
9780140106398,14430
9780345434111,14463
9780743456944,11005
9781853265174,7872
9780671013776,12112
9780446605700,15565
9780451186744,4303
9780553446289,8234
9781857821178,9377
9780446531412,4246
9780061032479,6223
9780373764402,797
9780060533076,1364
9780553569834,778
9780330352697,11050
9781860499623,15227
9781860499623,6751
9780553492149,15280
9780553569223,3500
9780061013713,15400
9780345260796,5047
9780553493214,9499
9780312274771,3473
9780140366709,12939
9780140366709,9210
9780060574215,7346
9780060540593,9189
9780553492941,2727
9780553492941,8419
9780553492941,4199
9781853262777,14580
9780896380639,7618
9780752271682,2378
9780899093659,3882
9780312049997,9411
9780767914840,6036
9780684849690,12888
9780380731817,6213
9780380731817,13023
9780505524904,1903
9780515131673,9467
9780425195444,7494
9780446613859,8127
9780345442277,12906
9780451210616,4039
9780679438892,11305
9780399527821,10735
9780399527821,7845
9780767904094,8256
9780812929805,9929
9780743400732,13637
9782070424320,664
9782070424320,826
9782290311783,735
9782266031615,4664
9782266031615,14986
9781550544688,15253
9780749717551,12848
9780881339512,10641
9780881339512,4638
9780140031188,4823
9780871132642,6095
9780375756993,10642
9780375756993,14718
9780375756993,1920
9780141301105,12586
9780714843377,11567
9783453150096,855
9780525944232,14784
9780425170502,345
9780399148248,11169
9789500416382,12875
9789500704281,4837
9780425174340,345
9780671027582,9019
9780061015076,12278
9780224031455,6744
9780805066166,5076
9780553564495,6500
9781883991142,5647
9780312970277,15405
9780449224625,7281
9780060082192,4268
9780618059454,11958
9781573229722,13390
9780786889303,6348
9783257700442,222
9783257700442,13671
9783257700442,6020
9780671534721,14948
9780671873202,14954
9780671007638,14954
9780671534738,14954
9780821745687,4004
9780671534745,14954
9780380720972,1180
9780425136980,3266
9782070381470,12028
9780609607299,2917
9780897333566,5692
9780375724398,11601
9780226244969,4666
9780226244969,4666
9780226244969,12251
9780312965143,5918
9780807612590,6558
9780893819033,8414
9780893819033,10205
9780893819033,10205
9780689848919,8756
9783404161690,365
9780590436489,702
9780590436489,14227
9780671673659,10068
9781558746695,1369
9781558746695,6868
9780140378276,13671
9780140378276,11957
9780352332356,8070
9780452007383,5898
9780553133899,11474
9780553133899,2603
9780380599233,1367
9780440224785,2953
9780446671002,6392
9780590483407,12112
9780060930318,10686
9780590453653,12112
9780590568852,12112
9780385498425,2680
9780385246873,2974
9780312869083,12106
9780871312877,2296
9780340415184,13062
9780684865492,5718
9780786862870,14341
9780679419457,10398
9780553057454,3456
9780385298872,12622
9780836252064,15490
9781575662497,8838
9781551668970,5604
9781880909348,14589
9780517597156,13069
9780399149382,6650
9781559721165,12984
9780802733221,6757
9780892967308,11051
9780446518857,5025
9780688126735,7722
9780684196541,3298
9780688158194,2840
9780345386298,7378
9780836278651,15490
9780609602409,15048
9781575663470,13635
9780525426707,537
9780689304422,12641
9780394473048,4186
9780525938637,9105
9780385419451,2297
9780060176532,15302
9780385305327,4679
9780385314121,6755
9780312112837,12184
9780618045679,3967
9780312263065,5736
9780380977291,6113
9780670854899,11387
9782266123259,6030
9780439531641,2709
9780152045708,120
9780812971040,10194
9780156319522,15098
9780754807766,14046
9780754807766,13257
9780060923280,10128
9781551669328,10268
9780330349116,7886
9780330355667,7503
9780618056705,15226
9780684860244,14686
9780831731519,5479
9783453870215,114
9783442355051,9795
9780385509510,7568
9783426616659,6606
9780688169084,15569
9781570753886,1228
9781570753886,1228
9780813339023,10709
9780465083664,8082
9780931779077,2705
9780679757016,8096
9780385239165,1392
9781558963887,7216
9781558963887,14923
9780380771530,12513
9780813526508,8700
9780460873949,10089
9780460873949,4276
9780804115766,6536
9780688118181,11813
9780671027322,5823
9781863305952,14116
9780195090611,1303
9780812513493,11264
9780812971118,11198
9780140481853,11878
9783442449873,4463
9783442449873,3429
9783442450138,7669
9783442450138,4031
9783442426034,2290
9780064406420,8893
9780140249262,6539
9783462027693,1283
9783462027693,1282
9780449147238,14975
9780747258742,11588
9780330351959,13906
9780743419161,8092
9780451205704,624
9780060179342,812
9780316152198,10395
9780312185862,6554
9780312865696,585
9780684193960,11955
9780451206442,7054
9780843947618,12728
9780689117350,5406
9780787902315,10921
9780304328505,390
9780304328505,13350
9780745312187,3291
9780745312187,5889
9780745312187,5616
9780745312187,5945
9780889220607,6532
9781558505162,9374
9781558505162,8305
9781550221589,15455
9780553380408,12578
9781555838539,8911
9780889223011,6532
9780449219393,9645
9780310248293,3241
9780061042966,4323
9780553803709,6020
9780553565072,6020
9780451524607,15462
9780451524607,224
9780451522863,15462
9780451522863,7488
9780451524102,15462
9780451524102,13137
9780451522993,15462
9780451522993,15393
9780451522993,13212
9780451522962,15462
9780451522962,12329
9780451524096,15462
9780451524096,13208
9780451523112,15462
9780451522665,15462
9780451522979,15462
9780451522979,2940
9780140707205,15462
9780140707205,1119
9780140707182,15462
9780140707182,11308
9780140707281,15462
9780140707281,11308
9780140707281,14338
9780441001415,800
9780671025328,11804
9780802850997,1230
9780804200639,15183
9780687007813,9936
9780687007813,7442
9780679730620,15286
9781862044203,12140
9780345388872,8102
9780316102339,2301
9780316102339,1493
9780380792504,12268
9780517552001,3745
9780553564921,14708
9780064403146,7897
9780446400718,4262
9780786868841,12388
9780451410375,8913
9781573227889,13390
9780446515276,13370
9780425129036,12400
9780373240005,11169
9783596505272,14598
9783608934533,4333
9780765304346,2193
9780765304186,14412
9780312867805,11539
9780812568851,8039
9780812575859,11894
9780452263567,6252
9780553285925,7596
9780345346605,11883
9780679454748,14160
9780785280958,8135
9780345430519,3550
9780060933180,12278
9780061097850,14821
9780552995771,3624
9780718143053,11051
9781865083346,10720
9783570206188,12112
9783570206188,5395
9783570205938,12112
9783570205938,5395
9783473581726,10816
9783473581726,15294
9783499139437,10691
9780553271362,11392
9780671016739,3374
9780618145591,2964
9780307001375,10327
9780307001375,5183
9780140390223,8100
9780851129419,7605
9780851129419,14690
9780851129419,11599
9780851128887,11565
9780851128887,491
9780851128887,14691
9781852838898,12942
9780743430340,114
9780500091081,3118
9780500091081,11132
9780851125794,2648
9780851125794,268
9780711930001,7557
9780349113197,10729
9780688176464,14473
9780373765201,8150
9780439132268,13321
9780195101683,9888
9780860202905,8353
9780743477550,15462
9780451515926,13873
9780373169924,15046
9780671867096,10068
9781575662725,10808
9781575662725,1163
9781575662725,14231
9781575662725,12851
9780821758601,467
9780380727513,14034
9780553207088,12771
9780590487924,15609
9780590554091,14379
9780821756072,15480
9780886778903,10326
9780425147511,3266
9780345386106,3266
9780671709600,13871
9781881471578,10994
9783442725984,5439
9783442725984,4845
9780849942365,3348
9780849942365,8247
9780895294951,9813
9780028612676,66
9780395752838,2722
9780061056154,8936
9780515130096,15154
9780061099083,2738
9780812531886,169
9780671795559,7802
9780886775988,14359
9780515130041,13985
9781551665207,8022
9780440217336,2728
9780140287448,8532
9780425164150,14754
9780380721184,7045
9780380721184,7045
9780451407191,14784
9780446608008,12463
9780553576795,9078
9781558850767,12859
9780684871486,14362
9780684871486,6038
9780446525534,11070
9780385472975,5372
9780533133727,7133
9781561708758,3806
9780375507632,14744
9780670894604,14110
9780385501170,6501
9780684847450,8751
9780886772796,7455
9780451451606,10612
9780752847733,232
9780684865386,4317
9781400030927,10232
9780340767061,1467
9780582327313,11896
9780135605417,4817
9780395585689,15430
9783442445073,8539
9780141012728,2445
9780451208668,10146
9780380976744,9073
9780385497442,10191
9780316095648,5918
9781552781364,13067
9780755305407,9465
9780590321570,15495
9780919926486,13508
9780908988013,11328
9780553275384,11591
9780505522979,13318
9783548256054,5370
9783404614882,8259
9782226133090,10153
9780684849041,9005
9780679752561,14482
9780312270346,8929
9780345446664,11305
9780449207666,808
9781877251030,5687
9780877734512,12631
9781863305020,14590
9780460875523,2462
9780330359917,12660
9780553550023,10399
9780881662085,15022
9780890875872,14187
9780385423977,10964
9780805031256,4200
9780684859118,12827
9780812931372,13794
9780425143216,9610
9780767904629,4863
9780312205300,15027
9780061008078,1172
9780968439111,8981
9780553255768,10249
9781550460940,3656
9780671546830,4670
9780671690090,778
9783492231480,9518
9783492231480,9517
9780618093977,5954
9780060970420,1157
9780440295556,7352
9780590423823,4459
9780590423823,5043
9780440134053,14023
9780399145414,11005
9780553241440,124
9780425071588,12605
9780156004800,12797
9780380788804,9616
9781853260971,4530
9780671047306,11691
9780843949469,12728
9780099142300,5257
9780671640996,2654
9780312610555,3069
9780385493000,2667
9780385418133,3630
9780446611923,1610
9780061030185,2621
9780525945727,15282
9783351028251,5500
9780140511680,9905
9780140511680,13030
9780030291791,10403
9780030291791,14632
9780060959548,2630
9780060959548,14041
9780812967227,2879
9780374250997,5221
9780380710720,5158
9780006550570,11705
9780743471558,4356
9780743471558,3235
9780743471558,6265
9780553101638,3709
9780743205825,1963
9780061094224,14084
9780679776598,803
9783446177109,7715
9783446177109,12083
9783446177109,4845
9783426609569,9798
9783453090576,13916
9783442441181,7426
9783442441181,8519
9780679777427,6744
9780553344233,9248
9780060175795,1139
9780571218615,5
9780807004555,7930
9780807004555,1358
9780140439076,984
9780140439076,3900
9780140439076,11780
9780140288094,1034
9780679435549,13307
9783492044516,2831
9783492044516,5202
9783442354726,9099
9783442354726,2827
9783442356973,13521
9783442356973,5231
9783442442546,2290
9783442438655,476
9783499225963,12578
9783499225963,13729
9783492236324,1880
9783426612828,14140
9783426612828,9547
9783462030198,2935
9783462030198,4510
9783426622254,6301
9783426048085,3438
9783498006310,15525
9783746612164,12781
9783746612164,2388
9783485008709,279
9783485008709,5123
9783453195844,13360
9783404115662,10866
9783453075658,7352
9783453177390,9304
9783453177390,8130
9780679020486,4603
9780471526520,10255
9780471526520,101
9780312263232,13621
9780312263232,2846
9780670853090,1984
9780140184327,6088
9780140184327,14692
9780340424353,10392
9781862045149,8974
9780671000318,2623
9780688170714,9379
9780375502118,14801
9780517703960,2355
9780786866502,9185
9780786866502,11549
9780062516084,13662
9780670879830,5262
9781551920108,11604
9781591293040,837
9780871137951,8827
9780446522595,3035
9780375507878,1002
9780590446686,14733
9780590446686,7369
9780590303804,11920
9780590426251,3354
9780590426268,3354
9780671745066,2492
9780380710812,2662
9780836226997,9070
9780836226997,11473
9780066209777,9248
9780140082258,9040
9780140082258,10056
9781558746220,6137
9781558746220,9900
9781558746220,6863
9780688167103,2225
9780375502910,8664
9781400047710,936
9781893224902,1458
9780811808422,4635
9780375506277,7370
9780935300000,3378
9789050001052,4215
9780898220780,9617
9780898220780,14521
9780898220780,10922
9782070543519,7131
9782070543519,6719
9782070543519,6722
9780440234708,7086
9780373075119,4290
9780451175199,12739
9780451181961,12739
9780886776688,10288
9781582340111,4547
9781567920710,13467
9780743237192,728
9780515136562,15154
9780312864125,4739
9780684803968,10068
9780553582369,4154
9780446611473,4549
9780553284362,4154
9780751516357,10733
9780515117424,15154
9780515107470,15154
9780515132489,15154
9780515103977,15154
9780515101485,15154
9780515097504,15154
9780515111132,15154
9780375500640,11284
9780743219280,11086
9780451200150,1289
9780759239630,12222
9780812525649,7504
9780812525649,2737
9780751500042,13533
9780684831701,6934
9780446355919,2305
9780140390087,7751
9780140390087,12423
9780140390087,14615
9780060168520,12174
9780060168520,3087
9780451522085,5660
9780451522085,10410
9780877953128,9645
9780743411332,4125
9780441009145,1671
9780553379198,10362
9780441008971,4118
9780140386271,6058
9780451451439,8712
9780345444011,337
9780345444004,337
9780553103946,5226
9780345440785,3077
9780345440785,8829
9780743431019,7144
9780553381764,14495
9780517707395,10514
9780743227124,13891
9780553370805,5867
9781550170757,766
9780451203779,9454
9780515124897,11169
9780671528201,10068
9780786860821,6348
9780786860821,11399
9780394732923,3708
9780394732923,3929
9780812540338,8196
9780812540338,15137
9780061012167,4160
9780399504587,15111
9780140351309,2194
9780140351309,657
9780195130928,9780
9780553210798,9898
9780141180250,11027
9780141180250,14494
9780141180250,14494
9780385488181,7568
9780590503112,10674
9780590503112,6618
9780879517038,2246
9780790008691,15513
9781885223333,6611
9781885223333,2678
9781885223333,6137
9780671522773,14456
9780671522773,13277
9780451156457,1065
9780373790951,7859
9781568655628,7194
9780773731202,12915
9780786867646,10452
9781552782651,9920
9780515133974,11169
9780771091599,9615
9780802114976,1068
9780802114976,391
9780771037450,11819
9780440162056,7373
9780425097724,1432
9780425097724,446
9780425097724,446
9780671891091,7768
9780671624613,8633
9780812580396,15415
9780440229490,9152
9780446678612,4895
9780671702519,7910
9780679420422,15098
9780273645917,7576
9780273645917,8484
9780273645917,8483
9780449911594,818
9780743255714,5826
9781560255109,3401
9781560255109,14088
9780758203519,12333
9780758203519,8027
9780312287719,6332
9780449703748,7429
9780312872359,4385
9780312872366,4385
9780969201748,4411
9780969201748,14419
9780871133960,9860
9780312874414,13395
9781551990392,3145
9780312890537,14471
9780312861599,5263
9780385496742,6431
9780393039306,12396
9780151002290,3105
9780156013178,7971
9780880012522,2913
9780345296900,5884
9780192760319,3978
9780192760319,1694
9781852304836,14488
9780934252232,12297
9780875424958,10162
9780806994758,13138
9780806994758,15028
9781880032077,4839
9781880032077,15300
9781889625034,10870
9781889625034,6251
9780060913311,11798
9780877732242,8619
9780140126563,5017
9780671673208,12659
9780312950095,6151
9780446892049,13663
9780142001301,1948
9780802133342,2806
9780802133342,9891
9780888992215,2154
9781553663959,11873
9780440401605,7839
9780440401605,206
9780440476399,11486
9780440476399,1522
9780671666415,2061
9781586212049,1610
9781586212049,14818
9781576739761,1761
9781576739761,3137
9780448165387,4702
9780694523283,9100
9780694523283,8098
9780143017295,661
9781857997576,29
9781570761416,10100
9780968454404,218
9780385333412,8699
9781853261916,15098
9780060084400,7810
9780345367754,4564
9780783801155,8279
9781550135459,238
9780345445841,114
9780375504037,114
9780453006262,14356
9780375724855,8662
9781552781548,10908
9780140430011,4294
9780140430011,3068
9780816158775,1139
9781862041318,4083
9780590203500,9239
9780373708413,9799
9780671734336,11717
9780399145056,8539
9780671883201,1907
9780099740513,728
9780747550860,1285
9780590453066,10022
9780064406116,3324
9780064406116,9077
9780061056444,1264
9780689824753,9632
9780689824753,2611
9780340577370,573
9780345423627,337
9780896731080,15272
9780804108898,818
9780399132001,561
9780671003975,7837
9780553246896,10249
9781567921892,14168
9781567921892,7394
9780374181154,11387
9780385316576,14241
9780330334181,11820
9780060012335,14477
9780385501569,2515
9780066212449,3078
9780066212449,7309
9781932100020,5225
9781932100020,3100
9780140264456,10180
9780192632449,12616
9781400047833,2515
9780393045352,14032
9780486272702,7345
9780786864652,10814
9781400040759,11881
9780446525770,3035
9780385311137,5604
9780913428368,410
9780525945468,8817
9780671795221,539
9781551668109,4173
9780440404972,9152
9780689713903,4196
9780590412483,1211
9780590412483,2475
9780440413721,13182
9780440227472,8144
9780064406307,8010
9780440407591,13749
9780553244847,4733
9780553231861,12091
9780553233247,4013
9780552527743,11739
9780553565065,466
9780500282519,7342
9780394533889,6256
9783492229692,9444
9780194226943,6835
9780140034912,14168
9780140034912,14168
9780879238520,14168
9781899293087,596
9783257063196,3681
9780345430571,11318
9780892966509,9566
9781559705882,4857
9780452284548,3149
9780743203234,12295
9780789300355,65
9780451175861,9319
9780812574920,10808
9780446600286,2128
9780440208136,2128
9780553375138,10973
9780671507039,8641
9780060930868,13136
9780821776032,9085
9780345457004,11683
9780967404400,14738
9780967404400,1489
9780140232998,1637
9781582430348,13173
9781582430157,13173
9780345430809,13861
9780140242058,15609
9780142001820,14229
9780806511535,11946
9780806511535,12956
9780806511535,14027
9780809001606,1083
9780380719181,6695
9780452281905,3013
9780312983093,14293
9780813511894,12579
9780671660703,15557
9780671731878,9108
9780385316910,2953
9780385335430,2953
9780345435644,12655
9780385333467,2953
9780440205579,2953
9780440221500,2953
9780385313018,2953
9780385333061,2953
9780446385077,7751
9780446385077,12697
9780446385077,14584
9780446385077,14779
9780440201922,2953
9780688141837,1212
9780671557379,9340
9780440176480,2953
9780373288687,9628
9780753506486,13718
9780553576146,12770
9780446612739,10395
9780553252606,12126
9782070323494,6662
9782070323494,6112
9780590448307,708
9780590424950,707
9780553573831,1850
9780590436458,702
9780590416672,1323
9780316139946,10173
9780316139946,5586
9780570041948,7097
9780570041948,8276
9780440476962,11486
9780590435727,702
9780590691826,708
9780345436733,7007
9780965866828,8331
9780965866828,11614
9780965866828,10005
9780965866804,8331
9780965866804,11614
9780027082302,1373
9780670894185,14403
9780373833450,3278
9780316473040,14545
9780449225929,14631
9780830713042,1468
9780061092039,6802
9780553275636,3818
9780486270609,10988
9780486270609,3777
9780671669393,4597
9780486419275,6700
9780486419275,15165
9780835918695,11716
9780486270623,5706
9780486278025,15462
9780486297651,15462
9780836225907,14155
9780062732484,14857
9780062732484,1295
9780440236054,11768
9780029205280,11859
9781558003590,255
9780399144561,3504
9780553478204,7722
9780553478204,7792
9780694523320,812
9780694523320,3342
9780060577476,812
9780060577476,3342
9781567407655,12561
9781567407655,2841
9780066621050,3009
9780066621050,14377
9781570721977,4263
9780373706389,9670
9780373107346,15077
9781561290994,2991
9780800784119,7740
9780802733665,12397
9780345426802,11779
9780440216810,1250
9780440224334,2645
9780446526128,9694
9780743242967,11981
9781401900847,14311
9780385319560,2953
9780062515841,11260
9780062515841,11261
9780886779764,6864
9780679454496,811
9780449906811,5562
9780505525178,8253
9780671709563,12533
9780061061776,11055
9780671021825,12112
9780553575415,12578
9780312968977,9697
9780441008650,12890
9780345368997,800
9780345368997,8292
9780393309294,13404
9780385420174,8660
9780739430538,9191
9780739430538,6543
9780739430538,13495
9780312958367,6978
9780553582000,13487
9780515135305,4321
9780449140918,4911
9780451407696,666
9780451404794,9022
9780345315496,6166
9780345308924,6166
9780345308931,6166
9780821773130,1350
9780843943405,11481
9780515130393,7899
9780380414758,8760
9780671556846,7768
9780671779375,962
9780821747476,553
9780553571592,466
9780380807949,8180
9780380005253,8180
9780380798285,8180
9780380799381,2087
9780446606226,8163
9780843939422,2107
9780671004125,6970
9780449006351,4856
9780671010089,7910
9780671010096,7910
9780881844368,11946
9780553572407,13864
9780345457646,9907
9780345423825,397
9780312970123,5337
9781887128650,2967
9780345416438,2906
9780688158231,15227
9780688158231,2122
9780446608473,11718
9780435905262,2340
9780965036023,7315
9780590853019,5250
9780590853019,5260
9780671729332,13031
9780786862191,4068
9780786862191,8743
9780671769666,12408
9780671769666,9004
9780671741372,7581
9780967851013,8334
9780385240710,11994
9780515111316,2093
9780451202901,11440
9780441005345,11423
9780446356619,13663
9780446350105,13663
9780671877996,9798
9780671877996,5803
9780449216521,7534
9780671014759,8576
9780671014766,8557
9780671551360,8576
9780671551339,8576
9780671551384,8576
9780671551353,8576
9780671014773,8576
9780671551346,8557
9780671721107,10326
9780671721107,8618
9780553574579,11392
9780812534832,12040
9780671721626,8620
9780671721626,10326
9780671721626,13106
9780671698850,10326
9780671698850,4230
9780671721541,10326
9780671721541,5803
9780671721541,8620
9780671876159,10326
9780671876159,8618
9780140434897,2194
9780140434897,3230
9780140434897,2293
9780140180923,7641
9780393309287,10248
9780060194796,3337
9780452280397,14807
9780886773311,14390
9780886775162,10326
9780812521146,10326
9780671721251,8620
9780671721251,10326
9780671721251,7685
9780671876289,10326
9780517543344,5909
9780140265989,103
9780752271477,12076
9780751512960,14439
9780590494182,7976
9782070381654,10686
9782070381654,4722
9782070381654,4719
9780531098745,6139
9780465026562,3769
9780446674041,11080
9780446674041,3483
9781592570805,8718
9781592570805,9091
9781582970806,10878
9781581801194,2126
9781581802986,1310
9780891347200,8980
9781581800326,8980
9780140390445,5710
9780140390445,10508
9780004121123,450
9780861013746,7929
9780525945406,6421
9780517654958,10228
9780025294455,14045
9780903505352,2820
9780903505192,2819
9780903505192,3791
9781551050768,9147
9780517693391,3413
9781859671030,14491
9781859671030,3280
9780458921003,4363
9781842151129,615
9780920656402,109
9780399139208,12619
9780060163709,14821
9780920656082,109
9780920656945,109
9780920656945,8706
9780835607773,1127
9780835607773,14158
9780345391377,7844
9780345391377,15487
9780714836256,3955
9780920656266,14434
9780345400574,13755
9780679419617,12684
9780201567793,1819
9780201567793,12970
9780517331941,15136
9781568361741,3415
9780385315050,1167
9789747315080,239
9783453152892,14748
9783442352982,14151
9783442352982,5139
9783499101502,4778
9783518382356,6024
9783518382356,2826
9783442446926,1513
9783442446926,7960
9783257218473,14928
9780684854342,7077
9783453052543,13916
9783442724291,7739
9783442724291,14608
9780821225684,14802
9780821225684,9082
9780821225684,15345
9780449209882,15168
9780375724442,12540
9780140282771,2945
9780345410054,1774
9780553159448,4649
9780380713349,10062
9780590443333,12112
9780380614325,5567
9780440911258,9129
9780671736798,12044
9780671529543,12132
9780671628413,4221
9780425133187,2308
9780671888282,11452
9780671888282,8741
9780671888282,6565
9780425127728,2308
9780671894245,12112
9780671529567,12112
9780590453707,12112
9780590453691,12112
9780590477383,12112
9780590466189,12112
9780446602556,3713
9780316485180,1970
9780890819852,4229
9780310539216,7319
9781567615838,443
9781567615838,13572
9780805042764,6380
9780805042764,7412
9780883964484,11500
9780883964484,11501
9780140432916,3921
9780140432916,3095
9780006742937,184
9781573222327,8536
9780688163167,3404
9780064400206,15389
9780064400206,6269
9780060557546,4010
9780525947677,14856
9780151004430,3105
9780679642381,51
9780804113472,818
9780375760136,5031
9780375760136,3962
9780679455615,4434
9780553212433,2281
9780440147954,9454
9780375415357,14807
9780763616052,8104
9780380432813,8158
9780440212355,9454
9780670857456,15477
9781582344096,865
9780452285064,3306
9780805063318,11251
9780671507305,3504
9780684844145,2091
9780394722535,2091
9780375504181,2714
9780671009441,5841
9780425165331,9602
9780553579208,8468
9780060529147,7516
9780061044441,14118
9781400034819,13805
9780553378009,9187
9780553378009,4138
9780836226843,4426
9780515113327,8964
9780345368430,14472
9780515093209,8964
9780446525732,3035
9780449212653,3504
9780515107869,8964
9780140232257,13336
9780140232257,10800
9780449220276,25
9780449220276,13588
9780312864873,7823
9780312864873,5575
9780684813639,3169
9780451192936,14370
9780446400565,56
9780446403085,57
9780445406834,2292
9780156003377,604
9780515132267,8964
9780399524820,6486
9781563055614,10699
9781563055614,4926
9780451205681,14370
9780451190574,13916
9781555218065,10801
9780525940418,8306
9780440411390,5300
9780590425605,1196
9780425187104,13044
9780425187104,3361
9781857026016,10470
9780140073850,10174
9780905762203,11459
9780771014819,4859
9780028610863,6779
9780028610863,3249
9780312862091,9647
9780312064334,9647
9780312093587,9647
9780312866716,9647
9780553229288,12821
9780553244946,12821
9780441646616,178
9780441516643,178
9780671601072,3745
9780671664930,3745
9780671532642,3745
9789681908249,4084
9780886772680,9798
9780812511840,15195
9780671865719,7464
9780515105445,3195
9780451404503,7434
9780515112467,7183
9780451407504,1713
9780449206447,10131
9780380809172,14268
9780385506700,8982
9780515109504,8964
9780446355568,3554
9780192838605,2806
9780192838605,3230
9780140255034,13346
9780207170553,1348
9780060173098,3771
9780151001828,1018
9780553100891,13992
9780679437857,11246
9780385483261,2194
9780385483261,3238
9780446522250,6497
9780446522250,11980
9780030844928,9341
9780816029099,10463
9781578660346,14134
9780801431616,9353
9780801431616,10947
9780696207396,1368
9780696207396,4887
9781567994742,9727
9780714835426,3955
9780517159637,1639
9780140237719,11699
9781566195263,9898
9781888363579,8822
9781888363579,8539
9780449225042,7495
9780938985006,6067
9780938985006,12419
9780140161168,5031
9780671675424,14208
9789510119341,8862
9780899670201,4365
9780553260267,12126
9780312989477,2886
9780821602034,7634
9780765342225,7231
9780553273816,15203
9780812520156,11264
9780399133039,14842
9780836217247,4927
9780836217247,12902
9780553349054,8002
9780671318574,8290
9780671318574,4356
9780142000267,6513
9780449208281,3714
9780689312021,2783
9780451199447,2886
9780446405348,4262
9780440227434,9129
9781585671489,1054
9780446672351,13591
9780425158494,2886
9780768322415,4581
9780380003853,2646
9780099272687,818
9781860465536,1019
9780525945789,4413
9780855721916,14902
9780061064869,8083
9780140280494,4021
9780140259704,11857
9780345338587,12040
9780345318855,12040
9780140133493,14183
9780061097102,11440
9782246650119,841
9780708832721,5090
9781843336167,14936
9781570621284,2347
9780812516258,4972
9780140104325,9541
9780140250824,12765
9782266104531,9533
9782020352253,15324
9782070417216,6230
9780902920040,6161
9781858286792,12149
9781858286792,504
9780140622300,6337
9780440432968,1405
9780345380975,1132
9780671022617,3079
9780553274493,12221
9780425093320,12605
9780312979539,14959
9781569470152,14112
9780439228916,4295
9780060951283,6024
9780679879268,11954
9780679879251,11954
9780060951306,6024
9780439456982,8387
9780813511702,11027
9780813511702,3320
9780312890247,12920
9780393310399,12172
9780393310399,9425
9780312253738,2914
9780451159496,12875
9780446675796,8593
9780446675796,5400
9780425155400,12875
9780671535551,4530
9780299177744,2138
9780299177744,3180
9780140231908,11569
9780762411559,11393
9780762411559,1457
9780747543251,12489
9789875021242,1621
9780486405520,5408
9780863560231,485
9780674810518,14921
9780151002177,5055
9780151002177,12188
9780451458223,5376
9780613072106,10398
9780679455400,10398
9780618002245,6101
9780618002238,6130
9780618002221,6101
9780001047976,236
9780001047976,14812
9780452262935,5055
9780452262935,4394
9780684838083,713
9780517488904,8935
9780517488904,5388
9780679740674,11946
9780330346528,3028
9780679735748,5710
9780679735748,3996
9780060294885,3266
9780060294885,11925
9780440206323,4933
9780812536300,11999
9780812536300,6242
9783404612499,14929
9783442425280,2465
9783442425280,12990
9780064471084,1818
9780064471084,11698
9780451409973,6758
9780821773710,856
9780590477390,12132
9780345368621,1332
9780380816798,8180
9780451404459,10079
9780553577372,718
9780373106936,1058
9780373260027,10265
9780804101509,14305
9780804101509,15445
9780449206614,3177
9781551660431,6650
9780887291227,5795
9780887291227,5684
9780887291227,1705
9780486428420,10102
9780486428420,2336
9780345250551,6765
9780440209102,12338
9780446306171,8047
9780671870980,7910
9781557488374,2661
9780671676360,9023
9780380844005,8180
9780140620757,6482
9780689714337,4137
9780689714337,9334
9781893224209,10574
9781893224209,13816
9781893224209,12948
9781892859082,10341
9781565122321,8755
9780064401104,10208
9780064401104,14999
9780064400985,10208
9780064400985,9150
9780064400992,10208
9780064400992,9150
9780064408585,10208
9780064408585,14999
9783423126298,9773
9783404102808,5634
9783453870338,4495
9780525946632,4364
9780345369024,7007
9780375823251,7130
9782070424191,13225
9780440295525,7352
9780140389661,13199
9783423125192,14330
9783423125192,15293
9780842365505,1357
9780140363036,12586
9780140363036,14831
9780440503316,121
9780671674007,4532
9780312961046,3646
9780590431699,7201
9780590489416,14457
9780786889327,14660
9783499232633,13823
9783499232633,2634
9783462028126,11214
9781400030385,2930
9783518100318,1328
9783499233340,5569
9783499233340,9688
9783150006597,13754
9783548208978,12369
9783548208978,13145
9783548208978,6764
9783379015189,12815
9780451078728,13916
9780553484502,7549
9780706366464,12118
9780375411076,1891
9780679749028,11958
9780525934554,7733
9780312860127,12799
9780517436233,15462
9780375726842,11958
9780312080822,2194
9780312080822,6591
9780891979869,12249
9780812881172,4086
9781850892236,8460
9781880399675,5706
9781880399675,12545
9781880399675,1672
9780671525248,12048
9780440343691,9605
9780899664019,13707
9780151807024,14346
9780151807024,4686
9781853260230,10140
9780099478119,3318
9780553214543,2821
9780394746296,3688
9780449210901,11958
9780553256659,2924
9780099825203,11958
9780451528209,5371
9780451528209,10690
9780451528209,12892
9780802135223,6744
9780679768203,6744
9780679441816,7397
9781557832306,3961
9781557832306,866
9780452276727,11387
9780787114572,4390
9780452274792,4390
9780452274792,4390
9780060927516,10686
9780140096941,10686
9780806133676,10042
9780806133676,8425
9780691086194,11702
9780375410413,11005
9781569246481,2048
9781567184761,7614
9780813519944,14568
9780394497846,14807
9780940322585,1846
9780940322585,14807
9780375712920,13920
9781582340333,6854
9780446678452,8587
9780345410993,9181
9780399149153,14102
9780553264302,12770
9780553107005,6156
9780440178002,6284
9780717127511,5897
9780385243025,2966
9780385243025,10420
9780446390897,10277
9780446390897,11931
9781573220163,11079
9780060173210,7852
9780316172004,5024
9780679415640,13273
9780060976248,13591
9780767905206,6499
9783150099513,9302
9783150099513,14939
9780330346924,3001
9780330346924,1770
9783442727957,5580
9783442727957,5192
9781740590655,11607
9781740590129,15003
9781863305136,15097
9780140287691,11078
9780671034979,11922
9781583225578,10939
9780702228520,13688
9780330358569,12772
9780702227219,9724
9780732257002,8315
9780868246772,5656
9780671018283,12316
9780590603881,6595
9780618131730,14108
9780618131730,8261
9780060185251,7733
9780688170523,7144
9780743225083,14829
9780758201089,7078
9780425184943,345
9780201570977,14188
9780201570977,14189
9780201570977,8035
9780201570977,9521
9780670860142,10107
9780864922106,681
9780821765869,467
9781551660738,9023
9780312977405,1633
9780843941777,4516
9780440212300,10260
9780380767663,13747
9780380759422,8165
9780515077438,8208
9780671021771,7910
9780380761326,8671
9780553581836,14443
9780843949841,13318
9780671867164,10068
9780060955632,11250
9780688013929,15578
9780688013929,5925
9781558748903,6137
9781558748903,9900
9781558748903,9559
9781558748903,1872
9780684841373,6051
9780739405048,10757
9780804108416,7693
9780394589954,11073
9780385414258,4143
9780312120009,8688
9780060740450,4837
9780802111814,1198
9780836220490,4927
9780800781569,2713
9780800781569,7502
9780800781569,4198
9780881334586,11845
9780679730682,12495
9780671420185,5877
9780312081942,1384
9780312081942,965
9783499138959,15423
9783499138959,5487
9783426611456,4032
9783426611456,11901
9783426611456,12583
9780702228230,11078
9780878579914,5278
9780878579914,3315
9781565122819,3459
9781565122819,8718
9781551660714,4393
9780451199683,2093
9780385189507,6204
9780385189507,6205
9780385189507,15308
9780810933163,1862
9780810933163,2600
9780810933163,9046
9781565121386,3459
9781565121386,5978
9780395653739,13339
9780312170950,603
9780312170950,13407
9780152013417,10455
9780679441014,811
9780345377647,811
9780201409420,15483
9780765107619,10151
9780140052800,1621
9781853687020,12314
9780688155124,1933
9781558704060,10088
9780679723004,212
9781555830618,10946
9780312420048,14312
9781578591473,12234
9780062511171,2288
9780062511171,14001
9780394719993,211
9780135113387,7341
9780135113387,9520
9780807032534,9668
9780449910177,2160
9780449910177,2408
9780395353448,10785
9780345310026,4837
9780679891079,9853
9780394751016,10122
9780064403689,8158
9780064472791,10267
9780679783596,4171
9780595271610,915
9780312300937,10518
9780140434941,2194
9780140434941,6891
9780140434941,5436
9780152380410,5457
9780590467155,2783
9780689835339,6330
9780374480097,10969
9783257056105,11545
9780425177433,10472
9780684859996,6051
9780688154394,12890
9780684848143,7825
9780684848129,3097
9780684848129,14758
9780553210354,8863
9780553210354,9364
9780553210354,13000
9781567313963,5521
9781567313963,9427
9780375401459,8274
9780671528164,9417
9780062511843,9937
9780515128321,7795
9780140276824,5908
9783596137305,8864
9783596137305,1221
9783596137305,2734
9783596137305,15461
9783596237876,4487
9780380820757,10131
9780807062999,7118
9780786865147,3829
9780345322067,5511
9780764552984,13513
9780811809931,7727
9780943015071,15542
9780140361216,10
9780140361216,4430
9780553269635,2067
9780553272543,2067
9780671887179,13936
9780553285727,12191
9780062552761,8009
9780062552761,5535
9780671787004,3011
9780060919764,15251
9780060507237,13975
9780915811007,2868
9781558744271,7248
9780192829825,5710
9780192829825,13882
9781567314168,4871
9780743416993,9530
9780786880706,7566
9781561703753,10571
9781561703753,8288
9781561703753,10973
9781561703753,7865
9780452272040,6806
9780452272040,6577
9780452272040,62
9780316133173,7264
9780878331857,14552
9780679600442,13873
9781567314267,11470
9781573241175,9878
9780345311009,1167
9780849916830,10238
9780764553141,7220
9783462029598,2442
9783499121586,12578
9783453210714,3210
9780380728244,11904
9780380792641,6396
9780553242591,2739
9780385031141,7198
9780385031141,15197
9780385031141,15179
9780836982213,6149
9780451171122,14430
9780061052286,3062
9780061052286,6550
9780140620856,15432
9783462032208,11079
9783462032208,2563
9783462032208,5501
9780060925796,11189
9781891620072,13912
9781891620072,11830
9780931580635,11861
9780684839875,8902
9780156006828,13091
9780684832951,6047
9780670852628,12157
9780871138019,13591
9780201877588,8286
9780201877588,3519
9780201877588,1267
9780596001964,6860
9781568654386,3092
9780764551284,11983
9780764551284,1538
9780764551284,8595
9780764551284,14501
9780669164060,12959
9780669164060,1737
9780669164060,12794
9782831517940,1294
9781556618123,6588
9780380812929,6019
9780812550290,12736
9780679751311,5668
9780316285261,6557
9780553277531,12221
9780440502722,8577
9782070368051,6732
9780553234169,7509
9780812502848,1659
9780671640583,6156
9781586480288,9821
9781586480288,12560
9781558596900,958
9781558596900,6834
9780449910238,6536
9780553235579,124
9780020519607,4432
9780140274370,10632
9780140024012,12017
9780425138151,14703
9781550376289,1478
9780375725203,7913
9780140306323,14932
9780140048988,11101
9780671878542,7148
9780671730130,7320
9780446520669,15206
9780706406146,11566
9780874749458,5748
9780874749458,6474
9780874749458,2045
9780881149494,8351
9780881149494,5229
9780380726233,3404
9780806524153,6303
9780306811678,263
9780425182703,2601
9781566633376,5608
9780399148705,14748
9780399131493,14748
9780870212857,14748
9780060095277,7683
9780224030366,14797
9780679736394,15472
9781568849164,8725
9780451403957,770
9780140280883,8682
9780140280883,80
9780394726250,2919
9780887307393,6276
9780887307393,6912
9780679735731,9956
9780834800793,13651
9780834800793,14891
9780834800793,12371
9780834800793,5881
9780837850689,346
9780837850689,15054
9780671545147,12461
9780671545147,7545
9780914457527,1423
9780786705832,11820
9780807107805,2542
9780385326520,4346
9780385326520,7563
9781588270474,8531
9780425150146,14748
9780425150146,13993
9780841914032,3696
9780809233168,2700
9780679446026,12402
9780671469979,6494
9780440506744,9243
9780440506744,4633
9780743234696,5323
9780192815132,2283
9780192815132,9640
9780399144806,11169
9780702226007,10822
9780613361620,11003
9780553586978,4232
9781580050593,4535
9781580050593,5965
9781580050593,2411
9781551669182,7776
9780380728619,2993
9780064406604,9249
9780689868450,10267
9780061096112,9100
9780812575972,585
9780060923303,12505
9780316116725,6275
9780890877029,13403
9780877284246,3528
9781878825018,11155
9780805029642,3000
9781888766035,8367
9781888766035,1601
9780380728176,13904
9780345409973,12488
9780671743079,12779
9780345413864,7596
9780380786978,1251
9781567312379,12818
9781567312379,12613
9780446609401,6385
9781842230510,10790
9780864922304,9348
9780671785215,14862
9780312111021,14459
9780312111021,4223
9780439219174,1260
9780449203798,6256
9780374522926,5722
9780374522926,320
9780374522926,5459
9780440219514,7429
9781573221931,11079
9780441002931,8712
9780441000913,8712
9780306454110,2612
9780896087248,1021
9780451523655,6482
9780451523655,7108
9780140043129,8328
9780841914063,13817
9781870041362,8381
9780060557256,9701
9780553582314,9760
9780373835874,1926
9780373835997,1926
9780373835799,1926
9780380794577,13845
9780380805686,13845
9780380812011,13845
9780312983307,6554
9780312983307,2287
9780060517625,15043
9780440236603,10030
9780446610568,1926
9780060582302,5437
9780553586206,6493
9780373790470,8003
9780373790487,8523
9780373483693,11169
9781551669373,7086
9780821763438,467
9780821767627,467
9780373218479,11169
9780380813018,8042
9781551669229,1864
9780380820559,10598
9780505525031,12900
9780380791026,2087
9780553583915,7711
9781551669236,1907
9780804119535,14263
9780440225294,2495
9780931580505,11861
9780553295108,7487
9780553295108,11861
9781562761349,11708
9780716713616,9966
9780886778583,8516
9780451140357,12363
9780380008230,6020
9780809125968,2216
9780375704055,11246
9780590509619,3276
9780590509619,9570
9780590509619,7513
9780395544266,6528
9780448095493,2046
9780448095431,2046
9780590436465,702
9780448095158,2046
9780448095448,2046
9780439130202,8714
9780439130226,8714
9780439130240,8714
9780746022757,7853
9780590300391,8563
9780590944717,11061
9780679836100,13777
9780679866657,13777
9780679866657,6451
9780590673136,6612
9780448148946,10661
9780671787134,5269
9780380795376,2558
9780380795376,14982
9780440414919,10073
9780671183691,7849
9780590957670,11346
9780439120470,10130
9780439120470,2801
9780439062831,10130
9780439062824,10130
9780439062800,10130
9780517208328,3048
9780517208328,2145
9780590416931,12848
9780439056526,10689
9780936650081,7830
9780440219774,2010
9780380729135,15320
9780425067758,124
9780060805180,8603
9780449200018,393
9780441698851,901
9780671600426,4644
9780425132357,7734
9780671466800,14465
9780140011524,5405
9780425108444,15438
9780671649463,12692
9780671642563,14954
9780671695125,14954
9780671443283,14954
9780373702213,10924
9780380778003,1749
9780425144374,14748
9780553129977,9411
9780380785353,1815
9780872165274,12064
9780553233360,7495
9780671672713,13294
9780671721145,14708
9780131654235,6366
9780672315619,9236
9780672315619,13433
9780137089178,6366
9780136362340,4921
9789072194398,15538
9780471969471,11845
9780060256654,13559
9780060256654,13559
9780152010287,6541
9780698116153,11482
9780060259075,8666
9780060259075,12321
9780590568661,3136
9780749933388,9273
9781859028513,12790
9780142301654,13363
9780948524585,1661
9780349111865,1863
9780749395384,14241
9780140118476,12586
9780140118476,7394
9780440241263,14576
9781840225105,329
9780340654163,6284
9780380773305,9033
9780812512779,15302
9780671729400,14954
9780671729431,14954
9780006749158,2761
9780425139691,11068
9780061062476,6595
9780380718757,4223
9780380718757,14459
9780671729394,14954
9780671729448,14954
9781853264184,12634
9781585673384,11319
9781842157084,12538
9789727085309,13120
9789722110501,10352
9780002257589,12343
9780375708046,7669
9780375701436,14026
9789722100717,10352
9789721030794,3893
9780028604190,6306
9780374202286,9290
9780874779110,6889
9780345369499,3694
9780525484271,12924
9780671526023,366
9780060154967,1321
9780060930882,6647
9780395859933,6281
9783785538449,12112
9783785538449,7200
9780385492706,3855
9780140369946,2024
9781566191432,6482
9780874771503,14883
9780874771503,527
9780060645878,14110
9780768420357,2979
9781557250537,8325
9780877936251,7745
9780877936251,6526
9780867164305,9846
9781565070561,2544
9780896939752,4512
9781401901486,9183
9780829419887,9331
9780062548689,9440
9780824519308,11674
9780451182005,1665
9780425186701,6792
9780425186701,14737
9780425186701,13957
9780671026684,2623
9780671026684,11618
9780684846606,15296
9780399151613,8029
9780330314978,14921
9780517884331,2235
9780517884331,604
9780688160999,6607
9781553662419,2538
9781585421497,4636
9781585421497,742
9780679729792,11576
9780140127737,4488
9781567315202,12172
9780141182803,6337
9780141182803,3346
9780006143192,3423
9780140050004,12363
9780843949094,9383
9781893224841,12741
9780553586336,4298
9783551749611,2560
9783551749628,2560
9783551751843,7993
9783551751843,11147
9783551745316,8281
9783251003013,12689
9783870245122,4595
9783150012192,11054
9783150012192,11967
9783150012192,11967
9783858620200,4543
9780553138757,12798
9780345344373,6238
9780553138597,6325
9780842345569,7700
9780802415882,8518
9780684834733,12481
9781565121461,6935
9780312021696,6325
9780312021696,13155
9780140465341,7039
9780312549053,6325
9780312549053,11783
9780671794248,2412
9780767901420,7658
9780060170837,1839
9780060928063,8653
9780875420080,14410
9780373760633,1395
9780816772049,14290
9781561797332,12884
9781561797325,12884
9781561797318,12884
9781561797301,12884
9781561797202,12884
9781561797196,12884
9781561797189,12884
9781561796007,12884
9781561795994,12884
9781561795970,12884
9781561797219,12884
9781561795987,12884
9780373037735,9117
9780395519516,514
9780395735268,8690
9780395735268,6844
9780831710347,6029
9780831710347,6297
9780934395731,2203
9780934395731,4692
9780934395731,2270
9780934395731,9927
9780689804465,2783
9780451409133,9934
9780425160428,10490
9780385297547,1250
9780142301494,13063
9780140167153,7157
9780140167153,15026
9780140349122,4191
9780060182687,1172
9780743204835,6348
9780786888740,10452
9780446604680,7337
9780399150555,8780
9780399150555,15070
9780312289904,12770
9780312289904,4956
9780553561722,8913
9780743426657,7922
9780061098765,13900
9780451204158,14581
9780451171863,12739
9780142001387,5293
9780440206682,6174
9780345373700,811
9780440376408,10988
9780440376408,7189
9780440180098,8539
9780670839537,13916
9780446358583,11032
9780374121235,352
9780671014216,7768
9780670856497,10139
9780812035841,15462
9780385242714,15451
9780553578522,13345
9780671041809,8610
9780471123002,2482
9780553213768,4946
9780553213768,9264
9780316693707,6385
9781852305604,1837
9781852305604,7430
9781852305604,2468
9781852305604,8945
9780375752506,1593
9781573226042,14693
9780380013203,14932
9780451192578,7642
9780966080520,7579
9780966080520,1972
9780385467957,14590
9780515123449,8801
9780441010516,2170
9780887308581,13423
9780140363388,7237
9780140363371,7237
9780312854133,12040
9780380727339,9858
9780440226239,14835
9780393049701,394
9780345441041,12563
9780374189877,8470
9780425161630,345
9781904151234,7273
9781904151234,5971
9781904151234,13110
9781904151234,6808
9781400002870,512
9780946395439,12095
9780874772098,12548
9780874772098,11736
9780874772098,12337
9780874772098,12550
9780684853611,3043
9780684853611,7568
9780312145354,15214
9780595131709,15440
9780399148873,1808
9780316442176,11863
9780786708390,3389
9780446606929,15208
9780425177716,12983
9780316110495,9526
9780385503952,5916
9780375502941,461
9780060959517,3221
9780671527969,4163
9780312266493,2258
9780312266493,3883
9780312242411,9693
9780881845976,10928
9780375718991,10928
9780674766914,10975
9780316097505,13696
9780887308666,13423
9780887308666,10938
9780425185001,5896
9780741412898,1053
9780345396549,14463
9780060008864,5335
9780141309729,13063
9780440216469,6174
9780006498032,2639
9780749390839,13350
9780140132151,662
9780140238136,664
9780385507608,345
9780743206068,10068
9780060162498,812
9780553802450,6000
9780345445919,3878
9780399148460,11036
9780892967650,9566
9780553802467,6000
9780440224075,7658
9780679781301,1316
9780679781301,1942
9780440174646,259
9780449221396,3504
9780671652791,5153
9780684803784,8461
9780380807208,2043
9780449147283,4549
9780451195982,9319
9780425071878,3266
9780449218921,4549
9780671604080,6802
9780553275100,7596
9780030598586,3864
9780671660635,3745
9780440207467,14148
9780345362667,5173
9780345323750,4547
9780486280318,4003
9780486280318,2337
9780913866023,14081
9781572973176,10669
9780806519630,13377
9780399521577,7703
9780312267124,1753
9780671870232,9838
9780345346902,4768
9781591823643,10169
9781591823636,9681
9781932480207,7991
9781932480092,13238
9781591820161,8312
9781569310496,15576
9781569310496,15576
9780743458207,1792
9781591824725,10155
9780060530808,12132
9780553493269,12147
9781591821816,10155
9781591820581,10155
9781560974109,9862
9781591823957,12304
9781591823933,12304
9781591822240,14736
9781591824152,12300
9781591824152,14400
9781591824145,12300
9781591824145,14400
9781931514187,10755
9781931514187,2869
9781931514170,10755
9781931514163,10755
9781931514163,10755
9781931514156,10755
9781931514156,10755
9780872262270,1397
9780872262270,14825
9780823023776,2477
9781591821809,10155
9781591820598,10155
9781591823032,2560
9781931514798,10155
9781931514798,10155
9781931514804,10155
9781591160502,2560
9781569315682,2560
9781569314746,2560
9781569314074,2560
9781569312643,2560
9781569312278,2560
9781569311899,2560
9781569311387,2560
9781591823452,5784
9781591825364,14736
9781586649005,14804
9780224045810,7255
9780751505368,1186
9781841640211,14064
9780553563979,12385
9780571197415,14468
9780571197415,1096
9780571197415,11956
9780330482431,12080
9780141307756,3810
9780750004084,646
9780750004084,477
9780590133876,8481
9780590133876,2363
9780746020890,11927
9780746020890,14103
9780006751038,10515
9781858811949,185
9780330481359,924
9780099769910,1730
9783404143436,13916
9783492107402,758
9783453152274,11954
9783404148936,556
9783257225358,4778
9783596113316,15098
9783596113316,8493
9783596113316,1704
9783150034910,7489
9783880220133,10561
9783150000915,5632
9783150000915,5696
9783499230752,11305
9783499230752,11992
9783499230752,14625
9783453137448,11954
9783421051493,9551
9783257008722,2194
9783257008722,12531
9781857025538,6006
9783426618301,4014
9783426611388,2736
9783442447183,1513
9783442447183,8498
9780553050684,14783
9781560761211,14885
9780747272526,15276
9780385606998,11928
9780385606998,13724
9780385606998,7063
9781843910503,7624
9781843910503,13686
9780439288880,12768
9781840221176,5810
9781840221176,5023
9783791321646,6023
9783791321646,13310
9781840225020,2095
9780340857380,5184
9780571178575,11131
9780345391834,3745
9780762413690,3308
9780141315744,3059
9780711708778,6621
9780802139771,284
9780297643340,7791
9781900512442,12935
9780571081783,14314
9780156236003,2194
9780156236003,1914
9780156236003,4667
9781844130535,12515
9780310209300,8823
9780060177881,4426
9780440214113,2953
9780671016654,1112
9780515110135,15130
9780446607827,3028
9780613572743,5753
9780919924031,13112
9780919924031,2811
9780919924031,6062
9780448210339,5181
9780448210339,1912
9780312099435,4876
9780451450449,14477
9780440987208,9140
9780142301098,2080
9780446357425,13663
9780130314802,10168
9780130314802,4158
9780130314802,11336
9780812092820,2481
9780764551949,530
9780312959241,3023
9781576739563,8238
9780684868936,158
9780312966812,2809
9780399141065,12875
9780425171271,8766
9781880033104,10433
9780804900973,983
9780804900973,13713
9780449215579,9659
9780451516060,2905
9780764585937,6776
9780553212471,10129
9780671432423,4473
9780517569627,11489
9780671827946,4899
9780671701369,14900
9780553247725,10984
9780842329248,14680
9780842329248,6906
9780553106336,14376
9780395683293,12139
9780395683293,155
9780395683293,9136
9780395683293,9224
9780590451789,9239
9780452270527,8273
9780425168295,7494
9781566193085,4294
9780553213423,2194
9780553213423,7370
9780394713786,14220
9780345433169,7495
9780785804710,3935
9780002229548,5923
9780140011302,7252
9780671007348,2046
9780670849437,4896
9780671799045,8633
9780671785017,13105
9780721406275,5478
9780721406275,4339
9780721406275,1685
9780062508324,5532
9780486264660,4300
9780486272818,1042
9780486272641,12108
9780486277837,12634
9780486270531,4805
9780064472531,4642
9780205131990,2253
9780205131990,10417
9780451625786,1843
9780451625786,15007
9780441005000,10464
9780023464508,12420
9780312280635,14312
9780380017829,11879
9780515129236,3504
9780345400017,8937
9780316898164,1626
9780937611012,9253
9780965834520,6563
9780671695347,2666
9780671695347,7924
9780671758745,12633
9780399147654,11428
9780399147654,10603
9780671869205,3169
9780374525101,6252
9780140003185,12695
9781853262418,11225
9781880656655,5805
9780812544190,6183
9780446610520,8183
9780385285964,7014
9780140017915,5293
9780741409577,928
9780380784134,10940
9780345367693,3077
9780345367693,8829
9780345373526,3077
9780966234602,1600
9780140165340,10872
9780446357449,13663
9780805209525,5166
9780385147637,13917
9780708905302,10812
9780060510329,6024
9780061008092,1172
9780446606295,1176
9780671689742,7768
9780060951276,6024
9780374523787,7509
9780449208885,15050
9780399136009,6699
9780679727682,512
9780380723409,1176
9780380790906,2409
9780800711245,4466
9780439104647,13418
9780439104647,14867
9780439160193,505
9780439160193,8284
9780439104661,14852
9780451401182,7785
9780345370136,5268
9780451145574,6016
9780440207429,13871
9780446608107,9624
9780553562910,1415
9780553562910,491
9780553562910,4808
9780345435903,13706
9780385319218,10068
9780684855134,3906
9780425160343,11833
9780425155127,11833
9780425165676,11833
9780553574562,8762
9780394759845,12403
9781888451368,14326
9780553347753,10973
9783800015061,15530
9783800015061,321
9783789129452,1032
9783789129452,5941
9780452278387,12134
9780452278387,12409
9780743250191,8266
9780743250191,13586
9781551664347,3278
9780061099731,812
9783453149793,15527
9783518404744,7949
9783442722358,1247
9783502151043,2839
9781570623394,6285
9780340590263,9475
9783518366820,5753
9780452262386,13781
9780452262386,14750
9780688132460,5446
9780684834665,3106
9781566471190,4347
9781566471190,21
9780446393560,12618
9780446393560,13879
9780446393560,14358
9780425114681,10485
9780515110395,13985
9780385335553,5506
9780385414586,3714
9780449911372,3714
9780399142192,14748
9780385729338,676
9780140048940,13645
9780385333009,10527
9780671517632,15510
9780812695311,6264
9780812695311,15401
9780671606831,10940
9780345428912,13250
9780553289312,12591
9780399134999,981
9780399134999,5342
9780321130075,4133
9780812523119,12059
9780886775384,3682
9780312853747,9947
9780441010219,4118
9780451454140,11877
9780684854427,11330
9780312877996,13616
9780505525543,8253
9780345448996,3077
9780345448996,8829
9780061099151,14821
9780671878634,10326
9780671878634,4230
9780802139986,15510
9780886778910,9798
9780451198372,8877
9780152337018,14799
9780873585767,12566
9780394546414,3564
9780515127683,6982
9780312916671,5454
9780671218331,8635
9780671218331,6920
9780449700891,2783
9780312038335,14989
9780688044817,5825
9780688044817,11791
9780688035419,13734
9780679723257,6355
9780441203987,10513
9780441048854,10513
9780441787548,10513
9780441888054,10513
9780441001064,10513
9780441860395,10513
9780441748631,10513
9780374455033,10415
9780374455033,12294
9780374455033,5623
9780374455033,12559
9781582402154,7152
9781582402154,9561
9780140449136,4805
9780140449136,3170
9780140449136,3170
9780140449136,3019
9780192823793,13712
9780192823793,2498
9780394758275,12236
9780375405112,11454
9780375405112,10440
9780739307328,8726
9780739307328,12135
9780140446296,5193
9780140446296,4820
9780140446296,4820
9780140184938,5293
9781587156861,299
9781400100668,13426
9789505812769,4291
9789505812769,441
9780451527462,11053
9780451527462,9306
9780451527462,2395
9780786889426,12194
9780786889426,3245
9780553373851,6165
9780688171452,8241
9780942394573,2057
9780345315717,6020
9780345336279,6020
9780425115299,2838
9781551667010,260
9780425168226,14748
9780425168226,13993
9780425168226,6792
9780440220794,7402
9780446301350,11503
9780425146415,7494
9780553566079,2040
9780451409638,6144
9780553580167,12510
9780590341288,6693
9780590341288,15222
9780310535218,12542
9780880385480,12360
9780380793341,7203
9780140285109,15063
9780486295725,4805
9780486295725,2689
9780140622164,15488
9780515094770,8766
9780688031961,13663
9780603032943,4338
9781551664446,11756
9780373271948,9041
9782080701145,3922
9781582431406,4504
9780138153090,6382
9780452011342,6473
9780764912511,2612
9781588800299,9508
9780486275574,15462
9781857933208,7570
9780349107684,5890
9780868065953,12994
9780860682851,4067
9780811214575,10839
9781862053649,15157
9780140430615,14564
9780140430615,251
9780679738138,662
9780140028669,15575
9780345255570,178
9780553121377,8200
9780553252521,6271
9780553109788,13737
9780553109788,10847
9780671632663,15122
9780671501075,8423
9780671501075,5314
9780812532210,5263
9780812532210,1251
9780812532210,8302
9780812532210,14768
9780671027513,9023
9780451404329,2093
9780310200055,15220
9781576736265,8045
9780345333926,8635
9780446603508,12112
9780345257505,8635
9780812510126,3108
9780440225829,11768
9780425191729,2623
9780849396403,4387
9780879800420,223
9780879800420,12604
9780879800420,10321
9780446349765,3923
9780446349765,5719
9780553227383,5730
9780553227383,12434
9780138094768,13192
9780471084266,8566
9780911654691,15256
9780385484985,10628
9780878575701,3000
9780878575701,6918
9780671832636,6529
9780449144589,3631
9780449243589,11914
9780449243589,491
9780449243589,2628
9780394558332,7534
9780312977023,3790
9780673464279,7496
9780673464279,4113
9780673464279,7271
9780449906682,6791
9780465005598,8776
9780465005598,13897
9780440223306,154
9782211016520,12021
9780752803401,2369
9780609800140,2025
9781893732124,12732
9783499231674,12606
9783499231674,12052
9783499222733,12818
9783499222733,12606
9783499222733,14907
9783499222726,12818
9783499222726,12606
9783499222726,14907
9780375431401,11062
9780553050042,2623
9780911104677,1080
9780911104677,1080
9780380725342,8768
9780312978822,14873
9780889951853,940
9780002005395,4630
9781551668079,10268
9780670892082,13496
9780888012746,8012
9780889951914,6437
9780812534085,2193
9780888012265,8012
9780394740188,12405
9780394740188,12405
9780394740188,310
9780394740188,309
9780812589504,7470
9780761505921,9965
9780771099694,394
9780771099694,7733
9780393046328,539
9781552631881,10763
9780385475006,9056
9780553279580,2193
9780553276404,1731
9780679731726,8280
9780886776282,14390
9780385172417,2173
9780889223028,10597
9780889223028,7536
9780889223028,1443
9780889221451,3081
9780919591561,5797
9780064402750,1161
9780880015394,12710
9780380441075,11642
9780451210630,10398
9780345346896,178
9780486290386,3977
9780486290386,3777
9780525938507,5345
9780373052981,4052
9780373052363,10957
9780373054749,1724
9780671570989,3947
9780671571115,5272
9780373095285,5186
9780440149842,1977
9780440118893,3705
9780440173700,2953
9780373089895,4120
9780906710616,7007
9780906710616,7007
9780375432323,10746
9780399151064,11169
9780739437636,3278
9780345456526,808
9780842384063,6906
9780842332347,14671
9780842332347,6906
9780425191798,2040
9780449207000,4262
9780060809072,3726
9780060809072,3718
9780446600767,1963
9780451186720,14460
9780743411349,4125
9780804103657,9607
9780345347671,8154
9780553109337,12465
9780764225178,14854
9780395636268,15430
9780451402387,2093
9780451402349,2093
9780345284365,7265
9780671525750,7802
9780743227612,2092
9780670030514,1573
9780670030514,1711
9780670891795,10884
9780151006922,10587
9780802733795,6757
9780609602492,8522
9780312864835,11264
9781888363814,11231
9780802713438,2997
9780375431319,14108
9781551668840,11361
9780783889542,2997
9780156790154,3847
9780312272197,5946
9780312863463,11646
9780743446495,9916
9780743446495,4786
9780385502177,12453
9780060158637,1139
9780805056631,11216
9780064407694,8842
9780064407694,1648
9780064407694,10477
9780385314695,12713
9780156000529,4933
9780553110005,6325
9780881762020,1861
9780312208806,10886
9780764551680,9121
9780764551680,14280
9780874834352,3737
9780590415712,6175
9780590415712,9756
9780070540408,3909
9781563083709,5509
9780938756378,6851
9780938756378,14233
9780917846496,14967
9780917846496,11527
9780874835908,9633
9780385127684,11568
9780874834475,12050
9780963870582,3114
9781566197199,3353
9780945353867,11520
9780192761873,10439
9780192761873,2503
9780060193324,9262
9780449002117,2942
9780786000517,11029
9780553373738,45
9780671004231,12481
9780842369664,14610
9780843946956,3749
9780786866021,13866
9780786866021,5570
9780786866021,7266
9780786866021,8309
9780399146725,13985
9780449006566,808
9780345440044,808
9780345385079,4622
9780553580334,1666
9780553580334,8395
9780553580334,13952
9780425153086,3303
9780425166130,5896
9780140282511,4622
9780345376572,9934
9780451458544,3402
9780441007516,9344
9780380791286,3005
9780380791279,3005
9780671629687,10842
9780671027216,10461
9780752844138,5918
9780460878241,2190
9780670899777,3490
9780700606573,9399
9780700606573,13141
9780874775198,422
9780060391638,12698
9780374192037,14593
9783453131385,7892
9783453131385,1222
9782038716634,10767
9781400001620,6704
9780192833907,2194
9780192833907,601
9780140432626,5713
9780140432626,11429
9780140432626,4994
9780939218202,10830
9780939218202,10125
9780679457527,7568
9780375502989,7567
9783423130981,7624
9783423130981,1701
9783463403021,13260
9781561451012,4028
9781561451012,8744
9780385496056,13535
9780061030666,11542
9780446610551,1926
9780399150418,2623
9780399150418,11618
9780440207771,9454
9780861710645,14994
9780062585219,1158
9780553297942,4649
9781901881554,9194
9781901881554,1240
9780440228356,11595
9780679894773,3805
9780886776787,5995
9789500705110,4837
9780571206483,1139
9780743201117,1660
9780743201117,6949
9780316769501,6118
9780553585506,10958
9780451150714,13916
9780380704163,8085
9780812553864,679
9781403905840,11517
9780399137921,12209
9780786814220,8123
9780886775285,14982
9780886775285,9971
9780886775285,13033
9780061059056,14477
9780304353491,7456
9783770149599,972
9783442437610,9934
9783442437610,652
9783596129058,2593
9780738849904,7163
9780738849904,5981
9780739438572,14353
9780375411786,14108
9780399146756,8964
9780061066078,7111
9780451522795,14982
9780451522795,3952
9780451522795,5973
9781577487944,674
9780671007614,14954
9780671534714,14954
9780440904199,7832
9781885840028,10615
9781885840028,11072
9780553273298,10525
9780671741181,10068
9780590568791,12112
9780590568821,12112
9780590568746,12112
9780590483476,12112
9780590483452,12112
9780590483544,12112
9780590483513,12112
9780590568753,12112
9780590568760,12132
9780590494502,12112
9780590483506,12112
9780312110796,12557
9780517585153,9956
9781585421350,10626
9780805064476,6273
9789023405580,8282
9780743467322,9005
9780449007099,5302
9780345453402,9019
9780440147190,5827
9780451456069,8424
9780060521905,8717
9780743482219,3385
9780812520323,1678
9780373218776,6650
9780440235156,1172
9780964631601,1779
9780515136432,12228
9780786010127,15480
9780671452537,10940
9780373037711,9649
9780345295460,8810
9780743424103,6189
9780425190944,9327
9780312984830,13600
9780446353953,13303
9780373835928,11169
9780449003305,4549
9780312987015,8547
9780399140754,8964
9780743479066,4062
9780671722135,8633
9780812575392,5512
9780451172501,10945
9780312993535,6802
9780061056383,5342
9780373222810,3254
9780451210975,10511
9783453177741,14581
9783453177741,14913
9780747257837,6981
9780399129117,15412
9780399131288,15362
9780312059613,15412
9780399150340,2814
9780345428295,13883
9780743411325,4125
9780805053074,2814
9780446527378,2824
9780312155582,15412
9780060177010,15412
9780312280666,15405
9780312280666,15216
9780446527385,2814
9780805071900,1129
9780345443267,13883
9780449908594,4401
9780449911792,818
9780449911723,818
9780449911785,818
9780449911891,818
9780345410030,4351
9780345439604,14380
9780030597862,348
9780345353610,9755
9780061003967,4424
9780553561111,7797
9780671024352,2432
9780446601856,13303
9780758203892,4319
9780373121717,8767
9780385411233,13359
9780060989231,6995
9780758206282,6210
9780060195465,7852
9780060195465,7852
9780312992323,14147
9780380727292,12639
9780967303512,3327
9780967303512,13306
9780967303512,3335
9780553561371,7797
9780449211588,6256
9780452280199,7733
9780060186944,6639
9780060186944,1492
9780553110746,7339
9780553110746,11085
9780786863266,5204
9780688110291,4737
9780688110291,9423
9780688110291,4056
9780060196301,11542
9780684850733,1022
9780810931855,4977
9780030463266,12683
9780030463266,3042
9780030463266,3434
9780449235997,8635
9780449235997,6920
9780451524782,13712
9780451524782,4753
9783499229930,11216
9783499229930,12328
9782871294016,13122
9780312872830,9798
9780140258172,6482
9781569312032,13122
9781569312032,13122
9781569312025,13122
9781569312025,13122
9781569311288,13122
9781569311288,13122
9781569311370,13122
9781569311370,13122
9781569310854,13122
9781569310854,13122
9781569310205,13122
9781569310205,13122
9781569310168,13122
9781569310168,13122
9781569319628,13122
9781569319628,13122
9781568361185,10954
9781568361185,2335
9781568361178,10954
9781568361178,2335
9781892213976,10868
9781892213976,10954
9781592640294,13594
9780140074314,10415
9780140074314,12185
9781874061687,8768
9780670875955,14682
9781590580684,10530
9780140260656,11667
9780714120027,7822
9780786810420,10912
9780786810420,14005
9780740706028,610
9780316142571,10173
9780316142571,5224
9780316142571,14496
9780789447647,571
9780448431024,10915
9781876825256,1372
9781876825256,13262
9781876825256,11288
9781575727332,5168
9780141310978,7571
9780141310978,87
9780394751023,10122
9780525470410,5412
9780451628008,15135
9780451198808,4438
9780446603423,1882
9780446603423,5765
9780672604423,10817
9780915144181,12048
9780915144181,4825
9780316141635,10173
9780316141635,13210
9780316141635,8038
9780449206096,10131
9780876853900,2187
9780553100013,3485
9780553100006,3485
9780684195988,11428
9780399141461,11428
9780684195308,11428
9780941711425,11428
9780786866199,10944
9780553091731,2040
9780425177068,12619
9780312198299,9931
9780026125802,13757
9781585420094,7868
9780786904730,6102
9780553276121,5560
9780812551075,5560
9781560768982,7969
9780441000548,4455
9780061054655,6613
9780886773847,14359
9780886775278,1829
9780786905010,6102
9780821743270,1803
9780060506759,10749
9780765305220,14471
9780786918171,9650
9780786918171,14860
9780765300263,14471
9780060506513,10749
9780553575651,12882
9780553575651,13952
9780756400996,6864
9780553575644,12882
9780061020575,9650
9780061020575,14860
9780553575637,12882
9780553575637,13952
9780886772888,9798
9780451456403,7996
9780886779801,9975
9780886779801,7360
9780812575231,13916
9780812575231,12821
9780812575231,14471
9780786918089,4055
9780451452689,3402
9780553110845,1666
9780553110845,8395
9780756400002,10637
9781930662513,8296
9781903650264,14982
9783518398876,2149
9783518398876,2149
9783518398876,13705
9783518398876,1293
9780525935766,13778
9780345437822,3360
9780862417031,15321
9781573221351,6375
9780812815900,13660
9780812815900,1142
9780345333742,7564
9780740713903,13423
9780670030293,15419
9780451211484,2942
9780743245524,13303
9780140440751,857
9780140440751,3718
9780449209738,3177
9780399142178,8789
9780140112849,5650
9780812534276,10770
9780812534276,15236
9780375753787,15038
9781590710081,13893
9780452281707,7949
9780452281707,8837
9780006548614,11112
9780452274426,7866
9780836220872,4927
9780130816795,11320
9780130816795,3875
9780399141966,11493
9780898796407,14560
9780898796407,1762
9780898796407,11790
9780898796407,647
9780028613222,11042
9780898796346,15443
9780425194515,3266
9780688132286,8768
9780688132286,14102
9780060198305,8768
9780679408192,12042
9781931201087,12541
9780393951691,6464
9780816727957,11039
9780446532211,3077
9780446532211,8829
9780312964290,12738
9780312964290,14785
9780312956783,14675
9780380727544,13904
9780345466631,12488
9780440237242,12661
9780771087462,9646
9780060973322,11274
9780140065596,10872
9780440359371,6095
9780553103106,12773
9780006135982,13703
9780553572209,7596
9780898704440,4823
9780399144714,12875
9780312859275,14011
9780812589177,14011
9780312866921,14011
9780441001965,14011
9780441033423,14011
9780441662258,14011
9780441182008,14011
9780441799770,14011
9780441944606,14011
9780441385546,14011
9780553565690,12882
9780553375633,12882
9780553374452,12882
9780553381702,5063
9780373195817,2781
9780060962340,4217
9780446526920,7068
9780446526920,8831
9780446526920,8915
9780312275716,8250
9782266025799,5088
9780440343196,12369
9780449212646,3504
9780970566508,8366
9780553252705,12770
9780880117838,482
9780880117838,75
9780670829828,13916
9780919591059,3234
9780440164845,6284
9780440226451,13901
9780140440232,4805
9780140440232,3164
9780140440232,3163
9780451204301,2093
9780842329262,14680
9780842329262,6906
9780786868155,6505
9780156002523,5044
9780440507628,11915
9780380976300,12821
9780380976300,3044
9780380976300,11264
9780380976300,7151
9780887306914,2898
9780887306914,13452
9780887306914,1449
9780887306914,1417
9780840791719,6025
9780140380736,9129
9780689828775,13611
9780689313530,1109
9780679411833,8307
9780151962969,7045
9783404921171,689
9783404921171,1062
9780451136336,14356
9780061001024,10566
9780843934557,12110
9780312961008,10837
9782266041515,5690
9782290047156,13264
9782226120465,3380
9780446523080,6392
9780373226139,2893
9780688167813,459
9780373704521,14267
9780373484898,11169
9780451524492,8863
9780451524492,3164
9780449234570,6021
9780140257731,12700
9780395533628,8141
9780393963038,5539
9780393963038,4117
9780941104319,13162
9780375401299,11022
9780393322156,6012
9780060005429,4900
9783404615131,15522
9780449205877,6256
9780670813698,15444
9780552996181,8094
9780451211569,14084
9783499420696,5497
9783257218367,9625
9780380729401,12221
9780310214656,1451
9780310214656,9376
9780486299921,9305
9780486278049,13753
9780486282251,939
9780738807331,5953
9780446523158,7337
9781558749207,6137
9781558749207,9900
9780446601023,2257
9780446601023,3040
9783492238885,9518
9783492238885,1317
9783257205367,4349
9780749396541,1427
9780749396541,1746
9783251300587,5476
9783251300587,15221
9783794147281,6535
9783548243740,7963
9780670814459,11569
9780816707980,11152
9783426617274,15533
9781858638645,3377
9783596294312,14598
9783453209411,3433
9780595250950,3887
9780399135798,3266
9780345356956,14463
9782253060222,13817
9782253060222,13817
9782253060222,11252
9782253060222,452
9780312265854,6554
9780130421494,12392
9780130421494,11175
9780673980113,6491
9781570292378,14846
9780935989878,14133
9780935989878,1946
9780935989878,14097
9780935989878,10990
9780876591062,9153
9780876591062,7858
9780876591192,13639
9780876591192,12723
9780935989908,7817
9780553380309,8987
9780553380309,14163
9780316744447,2897
9780316779036,9944
9780316779036,15460
9780895867636,8551
9780827348912,13029
9780060406042,5642
9780312636494,5655
9780312636494,697
9780671739997,7069
9780912500218,15460
9781576734582,4918
9781576734582,3802
9780786884520,1162
9780553347180,7479
9780553347180,1072
9780671537623,1280
9780553226638,12025
9780553580655,1415
9780553580655,491
9780553580655,4808
9780440127093,3363
9780671836283,7911
9780312969769,13295
9780440214472,12066
9780380790753,6646
9780671027278,12625
9780764561962,3930
9780831788353,10764
9781566910835,6790
9780803893726,3884
9781558534339,14850
9780873374781,13870
9780873374781,722
9780395714065,13618
9780878570768,15391
9780380758968,3141
9780553088120,11892
9780879752408,2484
9780425096505,14745
9780822023012,11982
9780822023012,6909
9780307336569,5743
9780307336569,2166
9780307336569,1326
9780307336569,925
9780486224572,4756
9780842346740,7577
9780805061833,15450
9780805061833,10117
9780425165706,14748
9780425165706,9968
9780451522276,3950
9780451522276,2767
9780767900188,10517
9780060196660,12985
9783442423668,147
9782070415700,6020
9782290316290,12882
9782290316290,33
9782290313237,12882
9782290313237,33
9782290303603,12882
9782290304778,5834
9782290042564,5422
9782290331347,5433
9782290331347,6233
9782290331347,13704
9782290331347,15585
9782226135025,4388
9780449003213,7018
9780688046590,8320
9783548332376,15295
9783548332376,12171
9782207304181,13117
9782207304181,6663
9782207304136,891
9782207304112,12214
9782207304112,4332
9782207304075,6225
9782207304020,8128
9782207304013,7537
9782207304013,6663
9782207304006,7537
9782207304006,6663
9782207303993,13736
9782207303887,4101
9782207301654,7553
9782207250662,12221
9782207250662,6736
9782742743537,961
9780399148774,2093
9783442439010,11428
9783442439010,10793
9780452281721,6838
9780385092142,13380
9780385092142,15328
9780745916149,6329
9780830727636,3826
9780662174868,6107
9781879639058,8624
9781879639058,9958
9781879639058,14003
9780380795673,5319
9781567181449,13838
9780805047790,12468
9780671542146,1915
9780553211160,15178
9780812556070,7823
9780812532593,11264
9780879050726,7450
9780345339966,6020
9783442089833,772
9783442089833,5695
9781414034560,968
9780880385879,3902
9780141182254,9491
9780060526764,9582
9781858285283,5901
9781858285283,3516
9781858285283,1686
9780385404853,1768
9780375760525,9621
9780375760525,12429
9780375760525,2076
9780525945765,7402
9781592400386,13388
9780060589271,11706
9780553583151,2264
9780804102513,3894
9780137791576,3634
9780804118217,3894
9780425148297,6065
9780670628308,7786
9780312868277,9079
9780395752906,7307
9780060523497,11315
9780451209443,8541
9780689311987,2763
9780312039400,13012
9780451207944,2087
9780425190654,2838
9780060008369,6427
9780451208774,15225
9780425190913,13993
9780425190913,6792
9780425190913,14748
9780061031816,12425
9780446612906,1663
9780515135817,2838
9780515135817,7009
9780515119206,11169
9781551660509,11169
9780671013943,11959
9780451197535,10540
9780425188798,5110
9780515134865,7371
9780312925772,1060
9780312283612,13871
9780786889846,10944
9780765341693,5512
9780060094393,2838
9780060094393,7009
9780451410641,408
9780446610407,3572
9780061032424,9778
9780743405904,12739
9780425163412,6156
9780425187722,2838
9780425187722,7009
9780553574036,9881
9780440224730,11768
9780091833343,14153
9780899972022,7386
9780553254501,10689
9780140097054,11569
9780688155308,7573
9780688046606,8320
9780451624765,6294
9780441006946,1671
9780747265450,12084
9780747263883,12084
9780140137811,3986
9780156767507,5055
9780380563906,2662
9780345331175,5268
9780241102633,11297
9780786708062,1999
9780743411448,6348
9780743411448,6275
9780140432268,5713
9780140432268,1677
9780452276772,9067
9780452276772,9067
9780140185881,15146
9780140008951,10233
9780743235051,4423
9781561310272,14169
9780553210248,14580
9780140054316,12863
9780590372343,4062
9780595279173,4960
9780312983413,12895
9780440238416,8456
9780060545642,6024
9780385502764,6843
9780440229087,3027
9780385500845,3198
9780553257748,12221
9780380005161,12363
9780394309682,15377
9780970141941,14837
9780451516688,7641
9780140367829,857
9780140367829,15395
9780140367829,10858
9780345441782,4014
9781853260209,2281
9780140620474,14580
9780679750154,15575
9780679750154,7453
9780060930431,10128
9780671796358,7611
9780671796358,15278
9780811841559,7707
9780811841559,3041
9780811841559,13373
9780760700150,3950
9780312261351,122
9781880908457,10026
9780804818582,511
9780804818582,13622
9780804820523,511
9780804820523,15580
9780440237426,13949
9782253030584,15098
9780425087701,124
9782013218924,124
9780140286823,5293
9782290333693,4946
9780679722618,2995
9781592247936,13873
9789589494790,242
9789589494790,5366
9780553213294,6305
9780812523010,1621
9780553214208,7863
9780140367157,7863
9780140367157,12621
9789500286329,242
9780689810961,7863
9780689810961,10865
9780062702470,12349
9780385415613,9971
9780449219775,15426
9780195038637,6359
9780385418973,12458
9780345380746,6260
9781564963178,406
9781564965189,6775
9781564965189,5220
9781564965189,14720
9780891347736,9354
9780891347736,3451
9781566091886,12902
9781566091886,7528
9780891346401,3480
9781573441247,10754
9780140280241,10418
9781570716430,13017
9780761513407,2950
9780761513407,10213
9780345359926,1774
9781562829254,3219
9781562829254,8402
9780688127251,1994
9780140109269,13260
9780452260306,12652
9780140116168,9793
9780449205068,7534
9780886775360,13453
9780061020674,14477
9780671664947,3745
9780345316509,12605
9780140185997,15146
9780064401746,10621
9780385333863,7168
9780330392617,8111
9780684822761,4432
9780374480134,10969
9781842124192,5702
9781559723473,12866
9781559723473,14979
9781559723473,2860
9780812521467,4923
9780394512662,4002
9780451192912,6946
9780451192912,3591
9780553100341,3044
9780684172750,5840
9780811804844,1827
9780385483414,13072
9780385483414,8223
9780451194756,6946
9780451194756,3591
9780449905951,1485
9780345342317,8856
9780448168326,3517
9780805004601,14102
9780590449038,10910
9780747232674,3946
9780133140545,10796
9780671732271,2061
9780451406170,2093
9780345424112,6815
9780345302656,6888
9780140082562,4823
9780695808112,1000
9780373152506,11756
9780394486987,4662
9780440071242,1250
9780688078027,12369
9780688078027,7102
9780312285326,11497
9780380785742,14389
9780449200995,11990
9780345385208,3077
9780553255553,5006
9780843118612,7723
9780553249378,2152
9780446911962,4255
9780425077047,5657
9780385278867,13894
9780446602341,11305
9780671737771,2623
9780553276329,2623
9780446610230,3768
9780446610230,8982
9780812564372,3768
9780812564372,8982
9780812543261,3768
9780812543261,8982
9780061014598,11852
9780787103958,13663
9780787103958,3024
9780451409744,3202
9780688147259,1427
9780446523363,3768
9780446523363,8982
9780761512196,9903
9780761512196,12318
9780761504399,12487
9780963425904,7446
9780812571028,6183
9780804109727,4014
9780553280647,13589
9780385480215,2483
9780345431905,4865
9780385497107,15198
9780465031351,12449
9780306808906,6816
9780312199043,263
9780312980665,14038
9780062502896,12348
9781570612671,8428
9781570612671,2062
9780451452313,5308
9780767912365,1291
9780767912365,5163
9783293202047,2473
9783293202047,11815
9780595319039,995
9780201626094,8722
9780201626094,15305
9780684868660,2404
9780060194994,5533
9780805065411,14823
9780440236559,8036
9780312979973,13600
9780440236528,8036
9780312979980,13600
9780743226844,12291
9780440234814,8036
9780671019747,9019
9780373691302,9191
9780425190920,1350
9780446600811,6650
9780440234807,8036
9780373806843,13843
9780373806843,6650
9780373252572,6650
9780373834686,6650
9780373834686,15024
9780842331937,5281
9780842331937,6031
9780061087134,8462
9780671019631,6650
9780876664209,10855
9780609605219,15013
9780609605219,4391
9780740723360,1618
9780380004805,11417
9782277302681,14477
9782070334438,11766
9782290045800,15099
9782070403738,6724
9782070403738,1299
9782070403738,9550
9782207305218,11946
9782207306031,10672
9782207306031,12038
9782207248522,1707
9782207306048,10539
9782207304884,4972
9782207304891,4972
9782207303450,4972
9782207303450,15368
9782207303450,15368
9782070326976,11621
9782910932916,14543
9782844850232,12785
9782844850232,11976
9782846400534,2657
9782846400527,2657
9780061091797,14173
9780394538969,8926
9780141006635,7485
9780803723542,923
9780440236856,2953
9780345397843,15346
9780843925791,2884
9780425151860,12875
9780395746561,3240
9780345380197,7378
9780380715930,1176
9780451188076,8807
9780449704370,2687
9780751370317,6318
9780340721483,9096
9780399127212,4685
9780843948769,6164
9780385720212,8101
9780671671426,8934
9780961551452,11671
9780671024628,3305
9780553256093,7797
9780553293760,7797
9780671020965,6189
9780874830842,13168
9781573225441,10133
9780446311779,11305
9780553561364,7797
9780882669847,2077
9780743206082,8240
9780826307361,3144
9780312982515,12770
9780743202183,1160
9780425180051,14748
9780425180051,13993
9780425180051,6792
9780553470680,3133
9780394572727,6256
9780553199604,12770
9780962546891,11420
9780553014808,4788
9780679439196,11067
9780140157352,12931
9780140157352,15427
9780140157352,1752
9780691083889,12476
9780030211218,22
9780312950583,6325
9780380778133,12376
9780806107011,4214
9780275226008,4429
9780399130878,2223
9780679736646,11946
9781904908005,7296
9780091882105,14819
9780743406239,6410
9780446609944,13303
9780783884394,4425
9780380017966,7620
9780316153997,10395
9780375411274,1266
9780375507762,9286
9780152022686,1731
9780060956868,1391
9780940642249,549
9780940642249,14953
9780940642249,549
9780940642249,14953
9780393316049,12476
9780393316049,12182
9780393316049,3999
9780440223979,7405
9780345441102,497
9780380725571,8279
9783423104746,7509
9783423104746,8490
9783442455232,865
9783442455232,3526
9780679748250,8873
9783499128387,14958
9783596235315,15290
9783320013042,13025
9783320013042,832
9783320013042,5002
9783430175814,5124
9783430175814,14868
9780671725013,12791
9780062510532,2856
9781561710058,9421
9780722535721,12153
9780966164206,11470
9781852304966,10727
9780062514080,8314
9780425182864,12875
9780394712529,15328
9780553250428,6690
9780394714349,15328
9780821772287,13492
9780590130042,7820
9780590130042,4975
9780425136614,2838
9780446602693,5025
9780312975111,11249
9780425060056,11786
9780671039905,14954
9780373243280,11169
9780425163863,989
9780553252828,9778
9780812501759,3070
9780446604208,15436
9780345317384,14873
9780345311801,14873
9780425076712,7334
9780440169123,12299
9780706406979,5778
9780440117438,2953
9780380551118,15374
9780380551118,7752
9780446363259,302
9780935312393,12264
9780935312393,14658
9780679785897,5877
9780679785897,12188
9780020360759,855
9781586420239,11733
9780060974992,7597
9780671797867,5556
9780375701962,15164
9780802136343,6929
9780330282567,8784
9780310480006,12098
9780310480006,12974
9780060930561,3688
9780060099060,15182
9780312310431,8121
9780310501015,1451
9780310501015,8823
9780310501015,9874
9780812535709,5263
9780553274073,5006
9780380754137,6113
9780804112895,14075
9780440526704,9620
9780743243308,10783
9780520223448,9861
9780440223801,7086
9780399146039,3246
9780786885237,7370
9780880015233,7224
9780880015233,6404
9780380820047,1147
9780553288551,6000
9780399149719,1560
9780393049770,13098
9780849929663,5232
9780849929663,13629
9780849929663,13130
9780374524609,9943
9781887166003,5885
9781887166003,3332
9780679420996,6979
9780394574561,6979
9780801865213,10831
9780801865213,3800
9780801865213,3779
9781568651736,11464
9780609808771,6974
9780671748401,9063
9780449909553,3714
9780020236108,2120
9780465021185,6011
9780465021185,5187
9780446677509,3296
9780553569490,12578
9780440223030,10137
9781586480318,7024
9780553262384,9768
9780060957278,8013
9780028617275,6525
9780446301589,11032
9781885171085,14373
9781885171085,1930
9781885171085,1929
9780425046609,5001
9780743457835,13863
9781841192536,7937
9781559701501,14480
9780060596323,14091
9780449912119,7534
9780140255898,7534
9780679446408,7534
9780449911631,7534
9780552998475,7355
9780743469760,11083
9780743469760,620
9780553584486,3266
9780802139597,12413
9780684852225,855
9781862070448,11121
9780449908587,11660
9780156029988,3263
9781841955483,9407
9780226743493,11655
9780571179282,6890
9780671032630,2932
9780340278260,14774
9780684837246,3482
9780330328081,11535
9780340750469,11057
9780743203715,12988
9780393319293,2515
9780786861491,3003
9780679410324,3662
9780671737993,2180
9780671737993,13099
9780609809433,11593
9780449206218,9645
9780759629622,5005
9780812521610,6169
9780553206630,2623
9780671631840,2623
9780671742768,2623
9780671001803,2623
9780670858699,13916
9780740721908,13423
9780553814514,11862
9780441000524,11300
9780872235137,3301
9780441023622,12615
9780441023622,15219
9780759550186,15161
9780786862573,14660
9780140282023,12226
9780446531313,4549
9780380708352,8213
9780446356527,12260
9780380007769,13060
9780553578935,6493
9780515124620,8766
9780671737603,7802
9780671870966,7910
9780553567755,14185
9780451138774,4390
9780515121391,9357
9780671744601,7768
9780380715046,8213
9780312954215,11705
9780451403674,10079
9780515122190,8766
9780440216575,4116
9780671525743,7802
9780380757473,7203
9780061094590,6552
9780671014179,7768
9780671742553,7802
9781551660578,8766
9780440217039,15089
9780671521431,6970
9780061084591,14231
9780440216902,9138
9780671744182,6189
9780553575248,6493
9780553582543,14177
9780446892704,12120
9780451162915,4039
9780671737627,7802
9780763618292,2157
9780345442765,7115
9780345396815,2572
9780375758683,3297
9780060518042,3662
9780060518042,3662
9780340733950,7397
9780345396433,10048
9780451198235,6768
9780061099366,14084
9780061097829,12001
9780812584349,13499
9783453071179,7352
9783453071179,2391
9783404120604,11787
9780140258820,8634
9781550590159,1751
9780394536965,10483
9781895449556,11585
9781565049055,3988
9781565049055,491
9781565049055,11803
9781565049055,4609
9780312070908,5777
9781568650920,13663
9780684810942,11788
9780399134234,6895
9780553053869,12734
9780525939856,13947
9780312858810,9798
9780399143120,5248
9780688109738,14470
9780679425137,7397
9780671679477,7175
9780671692971,1056
9781556112287,2859
9780671870607,13871
9781895897654,8356
9781897580196,2668
9780060183035,750
9780688143671,4549
9780805059236,13876
9780773728806,9558
9780671864866,1567
9780763615758,11753
9780763615758,11753
9780789420275,521
9780789420275,1181
9780789402011,521
9780789402011,1181
9780789402011,14922
9780395898710,6130
9780395898710,15245
9780395898710,2419
9781929132126,14831
9780679600213,6037
9780394827407,8858
9780451527042,12768
9780451527042,12103
9780486404271,2905
9780486404271,3777
9780517189580,757
9781859846810,1386
9781859846810,3629
9780261103436,6055
9780060932671,4837
9780156949606,15098
9780664243913,10730
9780345442826,9200
9780393322811,564
9780671638689,5158
9780773517639,1652
9781550546163,11289
9781550546163,7335
9780670031375,8299
9780809468706,14698
9780809468546,14696
9780805017229,5060
9780805017229,2620
9780582438347,3166
9780192815972,4990
9780192815972,3247
9780393967913,6482
9780393967913,2594
9781563893308,9901
9780670894710,8299
9780451627315,2008
9780836221367,1490
9780836217698,1490
9780806973401,14512
9780836218053,1490
9780836218527,1490
9780836218831,1490
9780836218787,1490
9780836218664,1490
9780836218626,1490
9780836220889,1490
9780374339715,6203
9780374339715,15311
9780374339715,10226
9780374339715,9172
9780394558233,811
9780517189689,8578
9781570981098,143
9780140440041,15119
9781853260490,2695
9781853260490,6119
9783426617465,11857
9783442357789,9019
9783442357789,2449
9783442133512,8697
9783442133512,2013
9783442726844,11692
9783404604982,5679
9783442452040,1283
9783442452040,1282
9783404143740,3270
9783404132997,13916
9783453171725,3266
9783404141845,3270
9783404142187,3270
9783453177543,11882
9783453162907,3270
9783453036970,13916
9783453088887,13916
9783404131600,13916
9783404130887,13916
9783453021341,13916
9783453003125,13916
9783404130016,13916
9783404130016,5553
9780451190758,13916
9780451190758,12370
9783453002395,12370
9783453002395,13916
9780451524270,5031
9780451524270,15181
9780395193952,6130
9781874166986,15607
9781874166986,1594
9780671619824,1750
9780704339927,7695
9780843136173,14286
9780816735662,412
9780771056222,13096
9780771056284,13096
9780679762690,11857
9783546002479,15617
9783546002479,654
9780517701409,500
9780517701409,7033
9780679741152,6116
9780553210590,5713
9780684873053,13779
9780684873053,5050
9780974218007,6769
9780441783601,13211
9780140244816,13759
9780812509250,11264
9780812532555,11264
9780061000119,8
9780882400419,12422
9780140043884,12863
9780425068328,6180
9780451523402,13118
9780451523402,9579
9780425143940,15404
9780553278026,4154
9780515133639,8237
9780671868093,4369
9780380804177,14773
9780345417978,7370
9780451525468,14580
9780451525468,3604
9780020199304,4579
9780061031151,14118
9780060921712,15613
9780439286039,3979
9780393324495,9898
9780393324495,13090
9780393324495,11806
9780393324495,11807
9780679722663,8280
9780673982438,7664
9780312980320,10400
9783499180934,13485
9783499180934,13666
9780451410825,1126
9780394579252,11153
9780385425629,9887
9780312984687,3443
9781551667058,9085
9780440217466,2953
9780385720724,85
9780936728773,2519
9780936728773,2519
9780936728780,2519
9780936728780,2519
9780936728483,2510
9780936728483,7757
9780380719228,1671
9780345428813,12092
9783442434138,4489
9783442434138,9107
9783442351589,4489
9783442351589,10794
9783453150140,2344
9783453150140,655
9783404128396,11968
9783453151703,7984
9783548245898,4464
9783548245898,8519
9780898151954,8374
9780140195835,2289
9781568360485,12951
9781568360485,3760
9780375401466,14719
9780916890018,10820
9780916890018,11723
9780743202237,10282
9780440412229,9152
9780385088541,10276
9781559718646,10006
9780590632744,12203
9780590632744,9740
9780439343510,13961
9780439343510,14000
9780765345707,3157
9780448416489,2096
9780448416489,2861
9780590477628,9233
9780590457262,9233
9780590252379,1389
9780671887353,7464
9780679429944,11948
9781570360428,7636
9780613003223,14733
9780807281536,9233
9780807281536,9233
9780786888061,2496
9783453213395,2644
9780375508110,3697
9780312254384,10392
9780425176160,11169
9780374423292,2937
9780374423292,7861
9780440223207,9454
9780802839060,2274
9780156029032,522
9780316666336,9352
9780670852949,2466
9780761133209,6872
9780060915940,4394
9780060915940,13170
9780060915940,13169
9780312300708,7023
9781928556220,2158
9780060172787,2671
9781556705069,12116
9780671441036,63
9782253153986,1313
9782253076995,11428
9782253076995,5886
9782266127363,811
9782266128872,6690
9782266128872,6231
9781577943044,6933
9780575072749,9836
9780373264421,10095
9780451205360,5065
9780843953145,10480
9780380712205,156
9780590431972,449
9780764551246,14378
9780764551246,9196
9780764550782,13849
9781568848662,14280
9781568848662,9121
9780764550133,4383
9780028613437,8640
9780684870946,2779
9781882606252,12796
9781882606252,8696
9781882606252,8696
9780830732586,2001
9780922729388,9866
9780922729388,4136
9780062505378,4334
9780671829773,14948
9780708837085,14071
9780140042597,6162
9780345459169,14708
9780553578799,14708
9780553298048,14708
9783442442508,10720
9783442442508,10264
9780060083267,11986
9780670032808,4132
9781401300906,2141
9780743446297,7722
9780451210814,4069
9780451208552,4069
9780399149849,11169
9780066211220,14151
9780385335379,2953
9780060393403,11728
9781890957315,10192
9781890957315,10024
9780738826882,1825
9780425183373,14592
9780425183373,8162
9780684194202,8943
9780307060389,14743
9780792218340,10991
9780792218340,1128
9780553292558,6500
9780786807086,9372
9780425119921,3266
9780805002706,11477
9780553566048,4154
9780451456526,9798
9780451456526,7375
9780451456526,3449
9781551660202,11169
9780373764174,296
9780373763795,296
9780373764242,2012
9780821746288,13938
9780743431033,10296
9780671877026,4454
9780812518627,2226
9780451192196,1289
9780886774202,9971
9780886774202,2203
9780671045425,13684
9780671045425,491
9780671045425,13421
9780449217122,10131
9780425125199,8780
9780425104279,8780
9780307128539,5181
9780307128539,11630
9780060201869,11730
9780060201869,4795
9780823405794,4207
9780823405794,14061
9780823405794,14878
9782253146964,1600
9782070567843,11545
9782070567843,6726
9782070567843,1304
9780446358590,11032
9780446600460,6385
9780425098837,818
9780345409058,7786
9780446600477,6385
9780140272109,10107
9780446364805,11032
9780679450405,12471
9780613028158,10415
9780613028158,13078
9780345430144,15386
9781563895739,11018
9781563895739,15568
9781563890352,11018
9781563890352,8300
9780345294685,5433
9780345294685,12627
9781566197588,2806
9780871131812,11003
9780375713545,5347
9780061020698,14477
9780861403240,14477
9781563892264,11018
9781563892264,8300
9781563892264,2266
9781401200893,11018
9780373650132,13326
9780671786113,7109
9780373822454,7109
9780061092817,1112
9780373224548,1925
9780373825615,6622
9780373707713,7776
9780373708130,13497
9780373241736,9051
9780373262403,13556
9780373825691,9643
9780373166619,7835
9780312869595,2193
9780140328738,12586
9780140328738,6971
9781563892257,11018
9781563892257,10656
9781563892462,11018
9781563892462,3012
9780380978274,11018
9780380978274,3012
9780312874018,2193
9780312873974,2193
9781565041998,11018
9781565041998,3012
9780141439679,2194
9780141439679,8109
9780141439679,8109
9780380701742,2098
9780804108553,7925
9780373708147,7779
9780373242443,14191
9780451150240,13916
9780385134682,2098
9780553350074,124
9780380973637,11018
9780765300225,2193
9780441008612,11018
9780441008612,14477
9780679405825,2281
9780140367478,299
9780140367478,12899
9780140367478,9171
9780345434807,811
9780373709519,7973
9780373072439,11441
9780671040482,6552
9780449005552,7977
9781551667898,10020
9780373242078,9085
9780425177006,14235
9780373834549,3278
9780373834549,14397
9780373707294,14397
9780373226078,469
9780451201911,2079
9780373822409,1401
9780373063048,10334
9781551665009,9019
9780060502324,8031
9780821771945,3660
9780304345359,3191
9780373835553,5091
9780812542813,5389
9780590402125,15389
9780671465377,2401
9780141301068,12586
9780515095524,124
9780451628275,12048
9780451628275,4359
9780451628275,11935
9780451628275,15134
9780449226186,11990
9781551660233,13303
9780590438933,4933
9780451408846,2093
9780451088819,9778
9780515090376,8766
9780373242030,2426
9780373707263,2675
9780373835492,5091
9780373835591,5091
9780373835584,5091
9780373834457,5091
9780373834440,5091
9780380810499,4126
9780515105216,8766
9780895774019,984
9780590440677,7205
9780895775528,984
9780801957727,1487
9781931081726,12057
9781931081726,195
9780808520696,8539
9780449242766,537
9780446329149,13663
9780446354677,13663
9780446341936,13663
9780060934705,11018
9780373834488,5091
9780679409038,7104
9780066238500,1818
9780066238500,11698
9780553265743,11169
9780380977284,11018
9780141000183,7129
9781556520747,1031
9781556520747,633
9780883964521,14205
9781567310870,11952
9780441172696,4685
9780312865108,2193
9780880013802,6412
9780965834582,1838
9780373834464,5091
9780373834464,14536
9780345357014,2471
9780679433224,11893
9780446529549,15208
9780681415201,10441
9781861870018,5652
9780811826846,14498
9780375756467,854
9780375756467,14223
9780671644055,11537
9780575061590,11079
9780340718155,10657
9780380817849,4057
9780553560466,9595
9780312868338,5296
9780446356831,13663
9780553263633,12221
9780060976972,7597
9780553280326,12221
9780373810437,142
9780373810482,10838
9780373033607,2099
9780373162666,7914
9780373226061,12283
9780373226061,10348
9780373226061,7053
9780446363495,6650
9781583140376,5390
9780373810604,8189
9780373078486,9760
9780373075508,8429
9780373075508,8450
9780373707010,687
9781551667959,13827
9780373031108,3819
9780373031108,4145
9780373030958,6956
9780671676247,6650
9780373033928,5247
9780517881392,172
9780141310688,9129
9780373226276,116
9780373243952,5186
9780375503832,5067
9780375503832,8600
9780373243945,13612
9780373709885,9382
9780373709625,4508
9780373600731,815
9780373243976,11445
9780345342447,12605
9780345350596,12605
9780375503269,4358
9780689711527,14144
9780689710896,14144
9780689710896,10444
9780375815140,10785
9780375815140,8010
9781557733856,14143
9780553294842,14143
9780553297348,14143
9780898153774,12992
9780880117166,15248
9780880117166,9902
9780880117166,14617
9780590462235,7467
9780590462235,12853
9780307115201,10327
9780743260244,12358
9780425115848,1147
9780553580525,14143
9780915368587,15604
9780915368587,9882
9780915368587,12067
9780915368587,4111
9780679833697,10785
9780394825984,10785
9780759228085,10940
9780671443788,10940
9780812502121,11264
9780812533590,11264
9780812533538,11264
9780440236061,11768
9780743444521,6455
9780743474320,12779
9780671024062,4956
9780061094569,9363
9780451210890,1153
9780345447401,9695
9780553571844,8271
9780936034027,14130
9780553583441,8271
9780425168943,3886
9780786817078,4342
9780140230161,1279
9780553258172,8880
9780553575538,8271
9781557734907,14143
9780345460745,7596
9780152325800,9141
9780439163095,15086
9780449000267,606
9780307119421,10327
9780307119421,10327
9780064400022,8666
9780064400022,4901
9780307117373,6136
9780307117373,4963
9780307128867,9667
9780307128867,7625
9780307128867,15175
9780816738557,10303
9780816738557,7906
9780874065923,6546
9780440403555,757
9780439080965,2783
9780821769348,9085
9780671885632,12112
9780590442985,702
9780553157123,1353
9780380724338,6113
9780684196381,6554
9783596237265,10899
9780140430097,5711
9780140430097,12117
9780140620245,15313
9783499179808,12010
9783499179808,13405
9783453188518,8988
9783453188518,4091
9780140128109,11829
9780060164669,959
9780385470810,7352
9780316779425,3210
9780679419624,4462
9780375400698,4837
9780151000715,11642
9781841950525,205
9780140366853,8355
9780140366853,12887
9782909051192,12024
9782876916197,6727
9782253170129,5769
9782253170372,10068
9782253170563,10068
9782253001454,5763
9782253140870,1600
9782253140870,5157
9782070393572,12248
9782070393572,6739
9782070375608,5407
9782070375721,5735
9782070375721,957
9782070322060,5873
9782253049418,6130
9782253049418,4655
9782253000860,5761
9782253006862,5763
9782253002895,6678
9782253051381,1233
9782253037798,12013
9782857043829,6692
9780061092602,14821
9780752804514,9454
9780373270088,4517
9780373123209,13343
9780373037483,8832
9780373118335,2975
9780373196722,12229
9780373613601,7835
9780373196678,12229
9780373123162,2003
9780373036585,5279
9780399206863,6917
9780060085445,10267
9780373122820,9045
9780373169719,6211
9780373123247,9045
9780590431255,12132
9780373037445,9291
9780821766064,8373
9780892964048,4262
9780618260300,6130
9780849995293,10238
9780553258653,6024
9780553258653,9458
9780670819768,4896
9780020435204,15088
9780020435204,4443
9780151829750,4715
9780060971816,6047
9780964447240,3953
9780140440393,14644
9780140440393,9406
9780140440393,9406
9780140440393,12336
9780871564597,3115
9780671415945,124
9780440215233,352
9780553290202,14490
9780140149937,4416
9780140444759,583
9780140444759,10246
9780140017151,4276
9780062740083,4168
9780385491082,9595
9780670869909,14476
9780345334930,10599
9780553255850,15501
9781904301080,11522
9780517556276,6690
9780517556276,11571
9780460876179,5713
9780460876179,2326
9780064401845,8158
9780064401845,3640
9780340188026,4044
9780385315272,3445
9780515094657,4958
9780684174686,4530
9780553569070,10249
9781571740250,11005
9780425082201,4741
9780396074120,124
9780671641771,9798
9780671689711,7768
9780440514428,11242
9780449230275,2232
9780440401223,11136
9780553206579,999
9780553211016,5371
9780553561272,4154
9780449700716,2783
9780440215974,7089
9780064402965,7897
9780064402965,7209
9780553272581,6292
9780553272581,6760
9780375507502,291
9780898700749,5488
9780898700749,5294
9781576832899,4475
9780380817702,11018
9780380817702,3903
9780380817702,4972
9780380817702,13965
9780380817702,2619
9780060907891,14314
9780140183719,7641
9780140183719,9991
9780140183719,9990
9780785107644,10011
9780785107644,2359
9781853261756,4805
9780451197009,299
9780551031081,112
9780451139719,13916
9780553234817,6689
9780394312064,6359
9780394312064,6362
9780226726779,2198
9780880384513,3765
9780671667818,2951
9780671667818,8138
9780553052268,12846
9780553268942,9650
9780553268942,14860
9780345334510,6260
9780312140946,10392
9780613117906,506
9780613117906,13368
9780862648091,6761
9780862648091,10121
9780746030103,5601
9780746030103,13868
9780142300121,3448
9780142300121,6490
9780750003049,5958
9780750003049,5958
9780749720186,12332
9780006642008,8951
9780006642008,13710
9780006643098,6467
9780006643098,14831
9780689853494,10544
9780689853494,5667
9780744530711,11753
9780744530711,11753
9780679883876,6504
9780582420922,10420
9780749725020,4312
9780434971381,12332
9780805067866,13246
9780811828376,46
9780811828376,9464
9780140563733,4361
9782253009160,6667
9782070412570,7583
9780440224839,2953
9780812520422,8845
9780451198242,1739
9782070362363,4484
9782253152064,9133
9780375726323,12155
9782290314111,4713
9782723407380,9480
9782723407380,15029
9782723407403,8739
9782723407403,12030
9782723407410,8739
9782723407410,12030
9782070513727,12586
9782070513727,12080
9782070544288,12586
9782070544288,12080
9782070544288,9746
9782264027689,14664
9782266120159,14581
9780723206019,1232
9780843110586,10380
9780141439846,1621
9780141439846,10223
9780141439846,10223
9780141439846,2446
9782290307830,4030
9780671619053,605
9782266022507,12065
9782020291545,4331
9782707318091,12015
9782871294795,12584
9782871294788,12584
9782266122696,9533
9782070375165,5055
9780140274295,2821
9782266085779,15035
9782266085779,4848
9782253001294,6679
9782738111678,4720
9782264028815,11946
9782264028815,163
9780752853697,14477
9780971116283,9418
9780679416784,10522
9780451528483,14298
9780451528483,4762
9781564763037,13532
9782207300831,6180
9782207300831,15618
9780380603763,2662
9780345450517,4165
9780671640002,1519
9780333907856,10196
9780333907856,14030
9780156006330,3418
9780451526984,5258
9780606006132,3950
9780375725296,7230
9780312420369,7392
9780590673211,12112
9781875657322,5174
9780091832865,8821
9781592247868,15313
9780684852706,1563
9780752817057,10254
9780140176612,1173
9780330291613,11835
9781853260650,7641
9780746020128,14065
9780746020128,4909
9780746020128,5911
9780954395919,668
9780446691215,141
9781862071629,1517
9781862071629,4621
9780385336406,14366
9781400075638,11052
9781400075638,7595
9781860491238,6589
9780446527194,3248
9780881104080,9415
9780753505076,2017
9782253152187,13923
9780345439482,14170
9783471794487,6372
9780060000806,13755
9780142003589,6539
9781568496634,6072
9781400060641,2604
9780141003740,9460
9780812541977,11390
9780679777373,10522
9781585672936,2509
9780007119868,6399
9780061030017,9830
9780531301425,10292
9780140185843,11547
9780743234412,14694
9780743228480,14694
9780743418737,7144
9780671776138,7144
9780965881265,9125
9780140104561,13171
9780330391764,3200
9780330483018,11932
9780312421182,9314
9780747265092,9110
9780618446872,11660
9780679725220,15111
9780385418485,14557
9780385319454,11108
9780156001311,14921
9780156001311,15484
9781573229869,5896
9780151004133,14602
9781841955469,11824
9780316353298,15430
9781869503178,119
9780767903868,1427
9780060931674,14616
9780060730550,7181
9780091793197,7286
9780743444323,10719
9780743444323,12202
9780812563580,3768
9781558850941,9577
9781575664552,8373
9780688145736,8151
9781560796626,14777
9780684191416,11428
9780140092509,6310
9780553265521,7495
9780743453004,8246
9781932270327,10504
9780425191361,3700
9780451401496,6908
9780425042717,8780
9780312304256,13904
9780385508605,4247
9780399133145,13916
9780570060260,7110
9781558007727,14783
9781558007727,10520
9780671882198,962
9781893910249,7619
9781893910249,5251
9781893910249,4937
9780425133514,14748
9780553583298,6800
9780375505546,10936
9780375505546,13010
9780899199085,11242
9780899199085,8261
9780151881000,11944
9780425174364,13578
9780802713810,12880
9780875964126,375
9780875964126,5537
9780875964126,13399
9780385325127,1894
9780385325127,2583
9780486408767,2585
9780395884089,3604
9781569021071,929
9780448015828,7826
9780448015828,2072
9780844239460,2444
9780679439240,10249
9780671017583,2066
9780385140935,9807
9780646286921,3693
9780646286921,13950
9780385490610,1547
9780887482571,6782
9780800705244,5673
9780929587226,13707
9780684855639,6800
9780934971607,1959
9780345382542,847
9780679775478,12858
9780156838382,3817
9780156838382,12681
9780156838382,13753
9780618129034,6130
9780451162465,6015
9780060536701,6240
9780373708307,7776
9780373079629,14263
9780373196630,11105
9780553562743,13303
9780373706907,9350
9780373871865,9174
9780373706983,11727
9780373707959,3254
9780373708369,14397
9780373245222,2748
9780373708222,4231
9780373259847,7915
9780373708086,12280
9780373301577,7559
9780061082948,6741
9780771086779,2297
9780849938634,4698
9780373706204,11720
9780373707065,14861
9781551666037,5186
9780553107234,3485
9780778320135,10879
9780743431361,1112
9780689856648,6787
9780440168720,2953
9780446527132,13303
9780061096020,8843
9780345289421,9283
9780553576665,7647
9780380787869,12425
9780671774516,11337
9780425060773,8780
9780515129731,789
9780843948691,4178
9780553584899,4203
9780505524232,10286
9780515130416,2413
9780843948073,2532
9780373192397,5503
9780553267150,8350
9780671629977,6469
9780380777303,2101
9780380777303,3492
9780671039936,14954
9780515118230,8766
9780380806300,13060
9780515101225,8766
9780553285949,466
9780345447869,14487
9780373512119,469
9780373288007,9628
9780373700479,11721
9780451207968,6948
9780743467193,6650
9780380756209,2093
9780373703029,7125
9780553574074,466
9780553299458,6000
9780373511877,9050
9780515107661,2093
9780380820054,11553
9780802705495,5552
9780505524355,7841
9780373224814,2893
9780061083273,13526
9780373195039,2042
9780373121700,798
9780505524331,12574
9780373036486,14158
9780373121601,8125
9780373168439,11008
9780373121854,8277
9780505522962,8454
9780828003889,7941
9781551664507,1864
9780671737825,7910
9780451205186,13464
9780821747704,11987
9780440213291,9454
9780373226931,3344
9780380767359,3290
9780821768105,7726
9780441791217,14177
9780373707164,13104
9780446346436,13624
9780373226955,5531
9780821740125,12102
9780671521448,6970
9780373169290,2291
9780671797935,9023
9780821768440,8091
9780886777753,9971
9780886777753,1732
9780440225867,3659
9780373222469,142
9780762406982,13990
9780762406982,7416
9780717802418,8079
9780717802418,4779
9784770019707,15622
9784770019707,15621
9781882180882,5358
9780345409669,811
9781878257529,8497
9780865714489,7523
9780865714489,14604
9780679724490,9516
9780805059977,10309
9780805059977,10308
9780805059977,12743
9780805059977,12575
9780071360166,6655
9780300096866,12070
9780300096866,11879
9780394729039,3184
9780851706511,1858
9780670031511,14032
9780786864232,7720
9781852424213,9322
9780465005222,9832
9780425104330,13916
9780451191939,13916
9780671792282,11597
9780787955878,14007
9780787955878,15231
9780743242608,7251
9780520204515,4997
9780520204515,14921
9780205318087,5045
9780205318087,7318
9780141184852,13412
9781570623448,11741
9780446672481,7815
9780446672481,13301
9781558681750,2461
9780394743646,8359
9780394743646,8108
9780380713813,1427
9780671622480,12629
9780767913973,13709
9780684867489,6051
9781864502114,12828
9781587410130,5729
9780968246900,14898
9780968246900,11795
9780968246900,4400
9780316441797,12941
9780316441797,8689
9780316441797,3643
9780140125085,8647
9780140125085,11886
9780140260236,8746
9780140260236,11886
9780415222815,11120
9781904048145,6629
9781573922111,13197
9780300087154,7589
9780679756453,11958
9780340802991,8369
9780140140323,12414
9781573228589,11079
9780330334365,161
9780140286786,15026
9780803959903,8352
9780803959903,12518
9780679734031,7334
9780761123699,9952
9780060997021,10686
9780060997021,54
9780060997007,10686
9780618219193,2926
9780140289213,11886
9780415167918,6656
9780140135152,7240
9780553211689,14580
9780553211689,12617
9780375757327,2905
9780684866000,6684
9780684866000,10117
9780451525918,2806
9780451525918,9246
9781857882926,8568
9780345362322,3913
9780874779479,4370
9780393324860,2272
9780385722193,2515
9780743455961,13916
9780679758945,12850
9780151104215,13707
9780679430940,12488
9780688164089,8321
9781565840966,5741
9781565840966,7597
9780385094023,4445
9781573228299,3771
9780130957016,7261
9780130957016,4732
9781840463507,12367
9781840463507,15607
9781840463507,12178
9780435240608,10491
9780435240608,7043
9780840339409,4904
9780879804213,12680
9780130647603,12520
9780130647603,9003
9780060931360,9215
9780582037670,12373
9780531110393,8206
9780345333155,2142
9780194315197,10567
9780194315197,2116
9780024031211,1896
9780024031211,5416
9780140137798,3986
9780953309818,7561
9781555831752,14083
9780062513984,11706
9780062512796,11706
9780345453556,13595
9780930773564,10171
9780060191986,6959
9780684839929,8359
9780425133651,6153
9780874221503,12816
9780451525352,13338
9780451525352,11651
9781563054679,3206
9780345453549,13595
9781580420075,4378
9780713440225,4822
9780441004997,12890
9780698119505,12890
9780689821417,9315
9780689821417,7388
9780689821417,13329
9780670869350,3173
9780816743926,9093
9780816743926,2757
9780765341174,11264
9780307689931,11135
9780679434054,7281
9780679434054,2989
9781570960307,13060
9780886777203,10326
9780886777203,7146
9780886777555,10326
9780886777128,10326
9780886776619,10326
9780886776121,10326
9780886775636,10326
9780886774639,10326
9780886775049,9975
9780886775049,13033
9780886774141,10326
9780886774547,10326
9780886777739,10326
9780886774004,10326
9780886773779,10326
9780671701840,1750
9780812535211,11264
9780312921095,11264
9780812533316,11264
9780812533576,11264
9780812500868,11264
9780812521351,11264
9780812523676,11264
9780812523041,11264
9780812533651,11264
9780812516852,11264
9780669271898,8815
9780669271898,10890
9780812532968,11264
9780812532982,11264
9780812532616,11264
9780812532630,11264
9780886776589,10637
9780886777159,10637
9780886778606,10637
9780886775490,10637
9780886775209,10637
9780886775032,10637
9780380775125,9798
9780380775125,537
9780380775125,10326
9780061020421,706
9780061020414,706
9780061059773,706
9780061056291,706
9780451458025,763
9780451459428,763
9780451458995,763
9780451458506,763
9780746030516,8908
9780746030516,4328
9780874936223,483
9780965987301,11340
9780965987301,12589
9780688161163,1238
9780875962436,12421
9780875962436,14172
9780201632729,9925
9780553379532,2399
9780894716171,4060
9781556432156,12198
9781891400490,3330
9780671025557,14203
9780316542371,386
9780912500867,3460
9781558506435,14859
9781558506435,11359
9780316779050,9944
9780316779050,15460
9780764550034,6300
9780192800497,3120
9780192800497,8368
9780375815263,12586
9780375815263,12080
9780882710587,10136
9780882710587,10017
9780882710587,6110
9780060256739,13559
9780060256739,13559
9780060248024,13559
9780060248024,13559
9780880887571,2415
9780786880003,4068
9780793800155,6069
9780595006038,12225
9780595093014,12225
9780761107361,6173
9780761107361,11755
9780515136371,11169
9780515136531,11169
9780553288209,2877
9780812545999,12059
9780671524319,15021
9780515136289,11169
9780912500522,11180
9780912500546,3465
9780451529015,763
9780886777593,10637
9780886777012,10637
9780385294638,2953
9780486275727,11961
9781564029768,899
9781564029768,11321
9780895779120,3957
9780060950538,14808
9780895295453,6586
9780895295453,12159
9780688117610,10250
9780671027445,11729
9780590448291,702
9780590448284,708
9780590465977,7467
9780590465977,12853
9780590455787,7467
9780590455787,12853
9780590455787,6218
9780439222303,11847
9780439222303,7037
9780786710331,1421
9780786814244,3310
9780439176828,4900
9780590956154,8140
9780590010894,11424
9780590010894,5047
9780142302163,11749
9780380719075,1059
9781565111578,9275
9781565111578,4800
9781567187298,13679
9781561008933,1646
9781561008933,1646
9780671038939,10523
9780671038939,10667
9781570420566,838
9781570420566,11488
9780373691654,7914
9780448426860,14897
9780448426860,7457
9780448426860,10905
9780590470544,708
9780881848601,7526
9780806512310,7048
9780806512310,11292
9780806512310,8373
9780394563138,7424
9780394553283,7424
9780688047214,225
9780151879830,7045
9780345351739,981
9780451125453,13916
9780451149510,13916
9780373289608,7819
9780933174900,894
9780764550348,1554
9780764550348,11810
9780373638161,6262
9780441693238,1025
9781572970946,1025
9780441000760,1025
9781559029896,8555
9780679805267,10273
9780394843506,12614
9780373765645,2531
9780373642977,3573
9780373642960,3573
9780373642953,3574
9780373642946,3574
9780373642939,3574
9780373642915,3574
9780373642908,3574
9780373642854,3574
9780373642847,3574
9780373642823,3574
9780373642922,3574
9780373614912,3574
9780373632459,15236
9780373632459,12500
9780440219033,12653
9780373619474,3574
9780373619498,3574
9780373619504,3574
9780373614899,3574
9780373638079,6262
9780803298149,11965
9780803298149,4024
9780803298149,7537
9780743486620,12956
9780345287106,1655
9780671803537,11858
9780373614905,3574
9780590880749,7976
9780590879972,8140
9780590880787,8140
9780590880787,7968
9780679811763,12614
9780440920229,8458
9780698119918,10445
9780441007738,1671
9780970897268,10617
9780970897268,8659
9780373791163,3275
9780060506988,5513
9780451191571,1547
9780375706936,15494
9780345423030,4840
9780553073270,14708
9780385130974,10061
9780394531090,7424
9780394531090,2999
9780786807550,8678
9780373614844,3574
9780553290851,13303
9780886774820,10288
9780886774509,10288
9780886775421,10288
9780886775957,10288
9780671693817,7832
9780785276890,14474
9780743445818,2133
9780743445818,9112
9780843949858,2588
9780440222101,15089
9781565928435,8410
9781931836876,13185
9781931836876,5929
9781931836876,4802
9781931836876,7161
9781931836876,14684
9780962653421,9483
9780962653421,11255
9780596000585,4261
9780596000585,15145
9781565927209,10172
9781565927209,11629
9781565927209,12991
9781565926998,14663
9781565926998,432
9780486211336,15446
9780486211336,11237
9780914918349,1612
9780835605724,13474
9780072131789,4348
9780425048429,12643
9780441760060,11506
9780553268546,11368
9780671831592,11368
9780445201224,2305
9780446912686,2305
9780671559069,7118
9780671019815,10459
9780671019815,6892
9780061097195,15262
9780441653164,8635
9780441653164,4566
9780671440688,303
9780441775576,3015
9780671002572,3272
9780671002572,8530
9780671002572,5771
9780671656591,609
9780380896356,12956
9780441091669,6540
9780671698508,13680
9780451132314,7074
9780345370730,15369
9780812525755,4742
9780425074497,8200
9780345296054,6130
9780345296054,6130
9780523485263,6941
9780879977054,14216
9780446890359,15536
9780441896448,15325
9780380699575,15251
9780942024005,8329
9780525470144,4998
9780892131143,41
9780671832766,12670
9780812533491,4742
9780345296047,6130
9780671658137,4883
9780671658137,7812
9780441102570,12956
9780553287738,12770
9780812521047,10326
9780345368959,800
9780345285980,800
9780553248456,6529
9780451161345,13916
9780451161345,12370
9780879977627,9798
9780879979621,9798
9780879979621,6318
9780441068579,9798
9780879978068,9798
9780345315649,9798
9780886771850,9798
9780886771850,11437
9780886771850,9008
9780451454089,4855
9780886770969,9798
9780886774516,9798
9780879978150,9798
9780879978150,15057
9780345303066,981
9780671448752,9798
9780441892556,9798
9780886770754,9798
9780812500066,9798
9780879978570,9798
9780671440343,4505
9780671833077,5842
9780671633295,5842
9780553291162,13589
9780671632670,3466
9780671618735,3466
9780441159352,9798
9780553231250,4481
9780345288301,9798
9780671448776,9798
9780879979287,9798
9780886770419,9798
9780425058640,14306
9780671465414,12670
9780671794262,1927
9780440181781,11264
9780441138760,9344
9780441918102,11264
9780061099649,2621
9780451452948,4855
9780451452306,4855
9780451454492,4855
9780671832971,8803
9780671836320,13746
9780441065844,9344
9780425058190,11264
9780786014651,9265
9780743424387,1835
9780800758059,13311
9780471218883,12685
9781588720283,186
9780345460691,7596
9780446613682,2814
9780886773199,10326
9780553574586,8762
9780886772222,10326
9780886772550,10326
9780886771898,10326
9780886772857,10326
9780671578510,6320
9780786006571,2934
9780061098352,11021
9780756400149,8107
9780449007389,9645
9780802773524,12841
9780425170472,1945
9780878331826,683
9780878331826,7479
9780060937645,14808
9780789488916,12486
9780020960805,1026
9780449703274,9758
9780380542628,14842
9780312983222,10196
9780515135749,1092
9780071414975,701
9780071383837,701
9780071383837,1204
9781855858329,2418
9781400047062,14283
9781570671272,2772
9781570671272,2777
9780062517791,15606
9780062517821,3277
9780895297686,10883
9780071407946,701
9780446521611,3932
9781562059514,4915
9781562059514,1144
9780441116867,4791
9780425052990,7846
9780425062852,11882
9780449218525,4369
9780758201935,12588
9780340182567,15036
9780385018685,9528
9780446936385,12433
9780460016988,2350
9780932870179,5169
9780932870179,6191
9780394730523,13158
9780133143027,8177
9780671795986,14207
9780801615191,10342
9780801615191,4457
9780139634475,13134
9780679504887,8818
9780882293615,1547
9780882293615,1460
9780030632365,5241
9780882840185,7939
9780897890274,10948
9780897890274,9148
9780898620405,10256
9780898620405,10789
9780898620405,7160
9780030589539,15341
9780151712823,14590
9780312191955,13574
9780312019006,12212
9780312092610,12212
9780446518222,9369
9780446518222,13608
9780446518222,4371
9780446518222,4371
9780786861651,2915
9780786861651,12438
9780684803975,14357
9780684803975,11006
9780131953628,6425
9780449903001,669
9780895942401,13740
9780553052695,11128
9780671669584,15071
9780534129064,12603
9781559723008,115
9781556111402,11648
9780441515448,8635
9780441515448,1599
9780441515448,4449
9780553341010,11379
9780671808426,15482
9780812583366,585
9780671523626,4020
9780812880144,13788
9780449237847,4426
9780440980421,3040
9780449243848,6020
9780804101783,11752
9780441791132,9798
9780441791132,13969
9780931580369,5514
9780931580369,10648
9780931580369,11860
9780385054881,12929
9780446360432,12615
9780446360432,9344
9780312855482,537
9780312855482,10326
9780312855482,1599
9780930436025,13252
9780840764041,14465
9780671896775,10459
9780345272461,828
9780345257444,800
9780441735761,800
9780345273574,800
9780345256669,800
9780671698706,4182
9780671464790,9431
9780345272454,800
9780441736843,12466
9780671721176,4182
9780345379146,13530
9780345277404,8635
9780441167128,8635
9780441167128,14009
9780671495008,15122
9780671495008,5581
9780425056028,4114
9780671833985,13737
9780671833985,10847
9780553113921,13737
9780345286437,800
9780345286437,13081
9780425055274,4114
9780425047255,4114
9780671833992,13737
9780671833992,10847
9780671836924,15121
9780671625818,15122
9780671635749,6688
9780671547301,6563
9780441889693,11991
9780425055915,11991
9780425045404,11991
9780345275493,8635
9780425030523,12605
9780345260727,12605
9780671806767,1915
9780523419565,11427
9780425050422,10065
9780425037966,14337
9780671442262,1915
9780671549954,1915
9780451171849,3580
9780451171849,2186
9780312913434,12504
9780553236675,1955
9780425050347,4184
9780061030642,11986
9780886779207,8400
9780886779207,3215
9780515130126,7371
9780345291158,11372
9780312974725,3443
9780345298713,12383
9780345308474,12810
9780441370597,5312
9780671473907,5312
9780451115485,8560
9780446327084,584
9780446349468,585
9780446346825,585
9780440204923,9934
9780440145462,6284
9780671797058,11250
9780553290790,9798
9780553290790,7892
9780553290790,537
9780671653606,6573
9780671721220,10326
9780671721220,4230
9780425033265,4040
9780889509009,14569
9780671559151,6573
9780441227440,5298
9780872166837,13131
9780872168022,13144
9780345397379,3599
9780671531362,15122
9780425084571,11418
9780879977900,14383
9780879977900,14384
9780879977900,10579
9780553204766,3214
9780449232088,9392
9780553246087,10951
9780440948759,4207
9780425054574,4497
9780449236710,9659
9780446957403,1557
9780380482801,4329
9780449245286,12205
9780380770212,1911
9780440110606,8854
9780440128755,9442
9780671415013,594
9780451115584,8358
9780553260212,7683
9780671722029,5803
9780812545548,6418
9780812545548,15122
9780425046647,10478
9780345275189,6381
9780671832865,12053
9780345357625,13058
9780425040805,5209
9780425040805,12837
9780441003433,8154
9780441003433,3331
9780812545500,12918
9780812545500,12921
9780345361400,2739
9780553235777,3214
9780451401908,13039
9780553249538,4934
9780449238127,9392
9780449201145,9659
9780425053003,4648
9780345382443,10926
9780441373871,10261
9780380872626,7105
9780446322560,7814
9780821713068,13494
9780449240885,14631
9780553258318,12764
9781559702126,13703
9780671622350,4833
9780395247761,4588
9780393310474,4009
9780345326966,3186
9780553227048,10525
9780446794039,4584
9780671658878,7731
9780394499024,5113
9780399129728,8780
9781555610883,5203
9781556522345,8257
9781556522345,1105
9780812585155,10808
9780312970611,743
9780425039045,8780
9780671743871,2621
9780684852805,4971
9780671468200,14954
9780671428303,594
9781573220002,9532
9781573220002,2074
9781573220002,9426
9780449209691,9645
9780449206188,9645
9781551668468,8128
9780345254115,11066
9780451204899,7402
9780743437882,10459
9780345423610,337
9780380728800,7646
9780688143664,7708
9780688143664,10625
9780380724987,4549
9780451205070,10535
9780756400613,10326
9780061099182,14821
9780553576627,10525
9780812575965,585
9780553289640,3151
9780553262001,12385
9780553564013,4013
9780590403375,13478
9780553155044,11847
9780064408653,8842
9780064408653,1648
9780064408653,10477
9780385337113,5900
9780385337113,3825
9780373260775,10350
9780671793227,8573
9780425136195,12875
9780441750467,6160
9780446348287,11305
9780373261079,4368
9780394820309,3462
9780671502942,2046
9780671502942,4709
9780590408745,708
9780590408745,1522
9780671746063,3745
9780590335607,5587
9780449702765,2783
9780441800100,15463
9780451119933,12875
9780140291957,4622
9780425171974,14982
9780765340054,11264
9780345275868,8203
9780451160317,7128
9780786013562,13949
9780812509144,4189
9780812524604,178
9780812524604,4357
9780446603775,11231
9780451525291,2806
9780451525291,9246
9780064408660,8842
9780064408660,1648
9780064408660,10477
9780671034252,7847
9780937295229,10243
9780937295229,10931
9780937295229,12694
9780937295472,14973
9781562471170,12055
9781562471170,7143
9781562471170,6759
9780141301051,12586
9780141301051,12080
9780439078054,2049
9780916773755,6605
9780916773755,11343
9780026890380,2304
9780026890380,1521
9780399224058,11467
9780399224058,4104
9780679830009,13777
9780679830009,6451
9780679877066,13777
9780679877066,6451
9780307128386,5246
9780060235338,9653
9780060235338,805
9780679848059,13777
9780679848059,6451
9780395827413,14195
9780679864349,13777
9780679864349,6451
9780394873336,13777
9780394873336,6451
9780312180621,13308
9780451171610,14980
9780937295908,14973
9780937295908,6759
9780937295908,3093
9780937295168,14973
9780937295250,14973
9780937295250,1807
9780937295434,14973
9780937295045,14129
9780937295045,6759
9780937295045,2850
9780590298353,702
9780374109998,13052
9780345329165,5442
9780399137624,8780
9780812568783,11002
9780307168405,10327
9780723236658,1232
9781570824302,6443
9780064440165,11730
9780156849098,9177
9780918956736,7700
9780918956460,7700
9780970760098,12808
9780440213024,9454
9780025003309,10815
9780449219379,9645
9780440223016,9239
9780786867752,15564
9781565073548,14063
9781565073548,2488
9781565073548,465
9780688031183,6795
9780688031183,4922
9781890437558,9749
9780671657130,10015
9780745926292,6465
9780451628336,14982
9780451628336,14277
9780140276848,6187
9780849942181,637
9780446607339,1610
9780898157802,9942
9780898157802,6145
9780140279283,9087
9780805421354,6274
9780805421354,3179
9780805421354,1642
9780967307909,9856
9780804111157,12684
9781556616129,6588
9781556614569,6588
9780871915535,3185
9781561797462,2194
9781561797462,7171
9780380787814,1071
9780380787814,3201
9780736903059,1499
9780874869873,10745
9780874869873,9446
9780805029482,11477
9780020869009,1830
9780684835525,9806
9780939431236,8340
9780684852775,2178
9781576738597,343
9780806961743,8289
9781565121560,8820
9780806624303,3641
9780806624303,3143
9780345319678,6120
9780689824357,9156
9780310322412,8026
9780684823775,1830
9780375410543,8280
9780800786083,2233
9780812505122,6168
9781564766045,3348
9781561794706,11550
9780786883370,12388
9780671753818,8633
9780140094381,11022
9780373245079,7080
9780440766414,11677
9780892838981,5379
9780345439253,12480
9780671872670,2492
9780395070901,6176
9780440942504,4453
9780061056987,3264
9780061056987,12960
9780061056987,13989
9780684835358,10410
9780451129048,11410
9780310216223,14901
9780310216223,13807
9780553211580,9898
9780310211884,7006
9780310211884,3268
9781576737286,10238
9780060186869,11938
9780060186869,8888
9780843951141,2534
9780671643126,930
9781567184853,10518
9780812521757,10312
9780786813339,98
9780449215296,4426
9780440498056,9446
9780971290907,11889
9780141311906,12586
9780310514916,7002
9780064401326,7483
9780064401326,5320
9780671702267,1905
9780671702267,1905
9780819310071,6924
9780688025076,10131
9780140430110,2282
9780140430110,12078
9780849941764,2260
9780849941764,2251
9780156329309,1830
9780387986067,4395
9780385066396,9762
9780553212068,10988
9780842345521,7700
9781556614378,9360
9781556614378,5156
9781556616990,9360
9781556616990,5156
9781556616983,9360
9781556616983,5156
9780871237958,6588
9780380726813,8279
9780671729899,11715
9780064471091,1818
9780064471091,11698
9781570361975,11650
9780226500577,11197
9780849910012,2251
9780486269689,6168
9780486269689,3777
9780849911675,1498
9780800717148,5673
9780800717148,15091
9780800717148,6135
9780880702751,9953
9781565073586,4288
9781565073586,767
9780714838397,13986
9780345301130,5877
9781593080549,12768
9781593080549,6870
9780517882061,3455
9780743442480,3880
9780375503894,14595
9780375503894,12447
9780375503894,4540
9780899198927,5001
9780671722654,15462
9780670841349,13411
9780670841349,13413
9780399525759,12549
9780062554734,13460
9780452282193,14807
9780394742113,6037
9780618119806,7882
9780425097267,11882
9780060924171,3688
9781583225493,7454
9781583225493,12842
9780195061673,13753
9780195061673,12404
9780060929978,14108
9780962197963,2191
9781566190930,6482
9780451521255,15462
9780451521255,12756
9780451521323,15462
9780451521323,447
9780061054884,14932
9780486270630,6168
9780271007496,4526
9780060977207,8967
9780394172668,13108
9780679745426,14807
9780915943562,1094
9780915943562,12124
9780140120493,13531
9780140120493,13531
9781556151040,4000
9781556151040,6397
9780804832564,10835
9780804832564,8345
9781570613029,9318
9780449004838,10050
9780679422181,9722
9780553206036,360
9781582431482,7518
9780071360630,8906
9780395977071,13473
9780395977071,10932
9780918949165,13316
9780918949165,6871
9780375402739,14807
9780449227541,8320
9780425171882,14748
9780425171882,9968
9780061003639,124
9781561003914,6306
9781561003914,14925
9780393314816,3309
9780553279719,3044
9780553269826,3044
9780425164822,3124
9780312006921,12865
9780312006921,5046
9780060830717,8863
9780553274875,6395
9780553274875,8152
9780874776959,12282
9781886039223,12913
9780935908312,15006
9780231121989,12023
9780231121989,10033
9780385094788,3569
9780832903939,10019
9780832903939,7215
9780832903939,9428
9780553214185,15328
9780553214185,13853
9780312286231,14642
9780380726257,4549
9780071387217,14904
9780062505316,6857
9780679872023,2760
9780931580611,5514
9780931580611,11861
9780553238006,7797
9780871317940,12639
9780871317940,4614
9780786864683,1110
9781561703180,1110
9780931580246,11861
9780440193562,15489
9780380706518,11427
9780380706518,448
9780671707248,3420
9780895860729,7628
9780882668871,9115
9780609803387,14517
9780425184035,10784
9781584855187,10041
9781584855187,6733
9780451625557,7562
9780786011667,7560
9780451157089,15069
9780451157089,15466
9780451405890,11158
9780395860038,730
9780395860038,10236
9780395860038,13796
9780689821868,9632
9780689821868,12326
9780619016623,3496
9780914881650,6713
9780877931003,14600
9780374515362,4580
9780307617965,6136
9780060193386,9767
9780679507543,4827
9780517576984,14152
9780747545842,15049
9780385261760,2566
9780887291050,8604
9780312157067,6480
9780312157067,15044
9780915811649,2868
9780393962871,9403
9780553207620,1967
9780752500263,12637
9780871318909,9820
9780140141511,5910
9780140052640,14157
9780140052640,2725
9780451628664,10237
9781884910005,12881
9780688075668,7735
9780312194390,9611
9780843711295,1185
9780843711295,4987
9780843711295,14699
9780451522924,2194
9780451522924,3924
9780696013904,5130
9780696023644,14519
9780800864163,7730
9780781805896,5627
9780201043822,13798
9780631158189,10694
9780205152070,15243
9780205126989,15249
9780425171493,10784
9781572242234,3960
9780449704332,8545
9780864426482,13434
9780864426482,13434
9780898798142,9574
9780361074667,7972
9780140445589,857
9780140445589,10858
9780060830472,11227
9780060830472,8983
9780375708114,1662
9780385477055,10628
9780517589816,10401
9780201340204,1508
9780201340204,1241
9780195017854,15390
9780892434091,6
9780892434091,2171
9780425187142,10784
9780151004942,595
9780306811586,6452
9780743234979,339
9780374106843,283
9780374106843,10427
9780394568355,7534
9780520063273,8963
9780394529387,12175
9780394529387,13282
9780140441079,11053
9780140441079,5016
9780140441079,5016
9780764801426,12036
9780764801426,5931
9780764801426,15332
9780764801426,13220
9780684195209,10429
9780553100792,283
9780140055313,1736
9780451522399,2577
9780906138212,4653
9783423078009,5486
9780895862532,13802
9780895861689,3973
9780895861689,14044
9781551800714,15381
9780882951010,7544
9780882951010,4730
9780394752938,13674
9780394752938,2179
9780060653033,12478
9780801522314,9793
9780713990980,7287
9781568360294,6048
9780385720250,14314
9780385720250,8054
9780631133919,6109
9780688024611,13074
9780399123238,5458
9780452006225,5252
9780312101046,6402
9780312101046,12657
9780312101046,3049
9780631184492,3153
9780253204233,4544
9780933932661,14547
9780933932661,13711
9780933932661,13237
9780933932661,5122
9780933932661,2571
9780155013452,13847
9780060642051,14984
9781573225687,14541
9780684856605,10068
9780006329527,6094
9780520011304,6080
9780394752990,13674
9780030056284,8169
9780030056284,14478
9780312155940,3457
9780895261670,1151
9780449209110,2163
9780743204125,1567
9780061096969,8781
9780840795311,14992
9781573228831,2834
9780553212488,3950
9780440237082,1237
9780486266909,3950
9780800871864,13652
9780800871864,15413
9780233992266,736
9780060812492,12527
9780140044508,5468
9781556520792,8164
9780394717951,12428
9781894877237,1170
9780312118341,13209
9780670886951,909
9780385491075,9595
9780316355209,8968
9780425167809,10784
9780873326902,5849
9780873326902,5848
9780679758334,14823
9780786889624,14666
9780446343459,1891
9780916410643,416
9780916410643,3096
9780399131257,8780
9780671454050,7768
9780553239812,7397
9780425045046,4685
9780425045046,1082
9780553234619,14932
9780380000548,1251
9780453010108,11541
9780671721756,10326
9780671721756,12040
9780345257185,13937
9780345257178,13937
9780345257161,13937
9780684825458,5783
9780345335654,3077
9780671705619,7539
9780553109405,14581
9780671735166,11804
9780345355232,7892
9780671894221,7812
9780671894221,4893
9780140296440,8634
9783518393420,243
9783442725786,12815
9783257231656,6626
9783257231656,1315
9783492220163,6703
9783492220163,1881
9783492220163,5579
9783404123421,11490
9783404122769,11968
9783548252193,14072
9783499233005,2002
9783499233005,14426
9783746650296,9060
9783458335689,5371
9783442420971,3140
9783442420971,4212
9783442424740,404
9783442424740,12173
9783404147595,12645
9783257204858,11454
9783257204858,820
9783453150249,559
9783453150249,5794
9783453150249,13229
9783423202824,2098
9783627000929,2828
9783596141999,3452
9783548247892,6302
9783499227103,5569
9783499227103,5340
9783423130196,5987
9783423130196,12306
9783499228544,14807
9783499228544,644
9783499228544,14240
9783442728367,5659
9783442728367,13848
9783596150533,543
9780316358569,5745
9780836220674,4927
9780688124885,3462
9780441008957,11418
9780441004386,11418
9780425074480,11945
9781853260094,15462
9780425132159,10856
9780064408080,7996
9780345320117,7007
9780345328175,7553
9780312860684,10671
9780441007967,3293
9780441007578,3293
9780441007028,3293
9780441009978,3293
9780345319654,1132
9780345335807,7007
9780345296719,1132
9780345296702,1132
9781569316962,15581
9781569316962,15581
9780394832203,10785
9780451207241,10924
9780823414567,1986
9780803720947,6538
9780883659663,10544
9780893753689,5662
9780521398268,5427
9780060936808,12257
9780060096199,10274
9780373250530,8755
9780375503849,8917
9780373250417,10313
9780805064346,7015
9780376026132,14124
9780517882689,3455
9780517882689,8249
9780394707808,9704
9780140388411,8475
9781568361819,7505
9780060509392,6847
9780375507120,10343
9780385322133,2010
9780027357813,6495
9780060235284,6668
9780060235284,15268
9780688068677,11179
9780679886372,6925
9780374336646,6148
9780439053877,2903
9780525459682,9208
9780399233890,1038
9780375726637,405
9781584790679,13320
9780525946274,1045
9780374437169,6148
9780312284534,8938
9780060544263,10777
9781581570007,8998
9780394555294,9785
9780394555294,3668
9780152167912,6676
9780312046446,294
9780312046446,4519
9780894800153,945
9780894800153,5617
9780894800153,13292
9781400032648,9810
9780385721899,10310
9780451209023,8008
9780373250257,9359
9780517703779,12548
9780517703779,1300
9781560442950,10797
9780373250486,6030
9780525942252,10231
9780399145360,13985
9780380710829,2662
9780060157999,812
9780786710102,3389
9780553801415,13566
9780670850785,10396
9780385320177,2495
9780789308894,8962
9780789308894,14714
9780385501002,10657
9780060290306,5242
9780590552042,4647
9780590552042,12445
9780590552042,4135
9780374416843,9446
9780374416843,14322
9780881011128,3658
9780881011128,3658
9780140322057,5486
9780140322057,3933
9780195154993,13773
9780195154993,1225
9780141308418,10484
9780805037159,3021
9780515127485,12709
9780789458063,3542
9780609610039,6758
9780743436694,13349
9780684856872,479
9780439165891,11526
9780689505867,2565
9780060097462,9259
9781400060429,5473
9780439482684,13254
9780938721161,14527
9780316699129,14705
9780316699129,9479
9780761129776,5558
9780375822735,6752
9780684837222,4417
9780688180720,9701
9780373250288,9336
9780060084455,12937
9780374404543,3435
9780142003480,8930
9780618250738,5782
9780448190839,9663
9780448190839,4587
9780385416672,10152
9780812570625,744
9780316070218,11168
9780395562338,5664
9780395562338,9361
9780380709168,1405
9780380709168,14858
9780590876124,7467
9780590876124,12853
9780064406826,6668
9780064406826,2428
9780064406321,13509
9780689813481,5029
9780689813481,13263
9780689808586,5029
9780689808586,13263
9780894808609,13874
9780894808609,8434
9780717218936,10328
9780769612874,8596
9780440401506,9812
9780440401506,9544
9780316140072,10173
9780399215308,4741
9780874498158,6669
9780874498158,4596
9780689710551,7902
9780689710551,7902
9780517613443,12341
9780517613474,12341
9780785279952,2920
9780517703359,9945
9780684856223,2407
9780345435255,14463
9780783502373,4284
9780783502373,2521
9780783502373,2520
9780735100008,3950
9780735100008,442
9780679413387,5879
9780679413387,10832
9780964122802,6198
9780964122802,11640
9780553213775,8578
9780553280500,8578
9780553280517,8578
9780553280463,8578
9780553264937,8578
9780553262148,8578
9780553233704,8578
9781565970496,695
9780373706426,6598
9780373706440,796
9781565970502,14991
9780316415026,12722
9780061093890,11250
9780781805834,4141
9780679445395,698
9780553800975,6000
9780345435798,7263
9780345435798,2044
9780345435798,7018
9780937721773,951
9780805070835,2278
9780385730983,11808
9780803728462,639
9780803728462,7989
9780345450890,1956
9780373250233,4392
9780684864419,5649
9780395966051,3122
9780152167059,6841
9780066213330,10230
9780689848643,9524
9781557093332,364
9781557093332,338
9780805047370,8029
9781879441842,1379
9780767913003,6520
9780517885765,1446
9780698115590,13163
9781565124004,7013
9780373117512,13322
9780373190256,1878
9780373031429,6865
9780373075942,9321
9780373810192,6598
9780373221387,6830
9780671527884,719
9780440222828,7402
9780446600835,12659
9780783502502,11193
9780783502502,2521
9780783502502,2521
9780783502502,400
9780140265712,396
9781585421756,1354
9780807506455,5142
9780807506455,3065
9780590731898,708
9780439050135,15186
9780373250141,9072
9780373250158,9336
9780345388964,15303
9780743222266,6838
9780345453389,2570
9780393315790,3484
9780517577028,9945
9780060277499,4642
9780440223139,13901
9780671526726,170
9780373250165,2137
9780684857343,6282
9780609800256,4073
9780399142604,3124
9780385488440,6348
9781886910553,2037
9780060513887,3029
9780375706424,14271
9780689855580,4422
9780689855580,2083
9780743205986,15376
9780803725164,12482
9780060191054,8554
9780060090364,9701
9780786863211,12388
9780880014168,15574
9780880014168,9271
9780880014168,3371
9780880014168,4660
9780451183460,2693
9780451823199,2693
9780451192721,2693
9780688173890,9167
9780517162699,259
9780789426093,7064
9780140360042,10389
9780802788306,9652
9780385323314,9140
9780671787202,6496
9780425178232,2769
9780446531283,13396
9780393038545,70
9781567312492,15023
9780316910330,2147
9780452272736,8525
9780934971720,10241
9780525946403,531
9780758204172,6542
9780758204172,9191
9780758204172,13495
9780373250110,10313
9780375410765,11163
9780385501729,7890
9780767905190,6499
9780670879045,13165
9780385312431,14108
9780385492249,139
9780786862337,3914
9780380720781,3830
9780671737894,8465
9780553251470,8813
9780553251470,15445
9780515086997,9560
9780062517319,9375
9780684811765,6488
9781551667935,13303
9780345433312,7495
9780743442626,12582
9780673524294,9569
9780673524294,14310
9781551668390,12903
9780395957776,813
9780395957776,3495
9780064407441,4642
9780399145070,345
9780152021979,717
9780312203597,13308
9780684803029,4167
9780385486811,8095
9780671015640,4092
9780395971178,11672
9780743205047,10302
9780743205047,8430
9780385333757,7594
9781567310368,11448
9781567310368,7778
9780679457787,9778
9780802137005,12256
9780688147365,14996
9780688147365,14996
9780373250219,8654
9780385323635,12569
9781888338034,3582
9780517139615,6552
9780141439563,2175
9780060194147,6435
9780306807206,3116
9780525947110,2020
9780553381122,1107
9780316320276,2364
9780385318792,10810
9780312271930,12143
9780451169020,5254
9780449005576,2570
9780385722438,9844
9780425135013,12098
9780826212436,8301
9780609807903,10272
9780786883363,12388
9780890434574,7297
9780890434574,2694
9780525246398,14687
9780896933460,8499
9780842350129,1748
9780842350129,15004
9780871202826,4989
9780871202826,12312
9780830713578,4793
9780830817221,9631
9781560790518,11735
9780310231615,3985
9780875164359,14951
9780802726216,9158
9781560790556,9702
9781560790556,14445
9780890813300,6921
9780890813300,12233
9780446520881,9503
9780312023027,13268
9780312023027,8881
9780689821394,4223
9780689821394,14459
9780446394581,12667
9780446394581,8506
9780446394581,6179
9780671521103,2623
9781579540791,10428
9780935180626,640
9780380690541,6330
9780971700918,11244
9780971700918,15445
9780671894405,1567
9780671894405,1884
9780345404442,3360
9780446690157,6869
9780385319034,8699
9780373250189,8835
9780140282030,7129
9780671867409,15388
9780684835815,14500
9780684835815,6777
9781878448026,11451
9780060529734,4468
9780060529734,2105
9780670886982,9055
9780156010887,12176
9780590424936,702
9780394805726,9233
9780688152932,1108
9780688152932,7510
9780590673891,702
9780030442810,3349
9780345320407,4636
9780684804439,14636
9780517075036,10474
9781565123199,10143
9781565123199,4002
9780312270803,8956
9780452282650,3827
9780943233826,14503
9780945448617,5815
9780761511038,3680
9780761511038,367
9780375701238,6258
9780452281677,15276
9780609603802,15078
9780767906999,7567
9780060293154,4860
9780446605335,4048
9780446605335,3858
9780684802084,12497
9780385312516,688
9780312961329,13041
9780671027643,12481
9780688100049,10080
9781567312508,15023
9780060294694,10267
9780609606445,5948
9780613072113,800
9780831771348,11141
9780425113882,12875
9780679752615,11537
9780679764922,1091
9780679770152,1091
9780962855023,8997
9780962855023,4297
9780066236568,9259
9780800717711,2713
9780800717711,1592
9780800717711,1995
9780553213874,5662
9780618127030,10744
9780060185282,11440
9780345356369,14463
9780345336422,8820
9780671556839,7768
9780140178210,632
9780425109243,8780
9780312146955,11883
9781567182187,5597
9781558747067,6137
9781558747067,9900
9781558747067,6863
9781558746466,6137
9781558746466,9900
9781558746466,9842
9781558746466,2349
9781558746091,6137
9781558746091,9900
9781558746091,11562
9781558746091,5983
9781558747142,6137
9781558747142,9900
9781558747142,11559
9781558747142,10880
9780316120869,298
9780911379013,15131
9780345382917,8820
9781556113857,5545
9780452266636,811
9780452266636,34
9781559721264,208
9780061090288,1296
9780515113716,13985
9780757300240,6137
9780757300240,9900
9780757300240,11564
9780757300240,10867
9781558744028,6137
9781558744028,9900
9781558744028,11560
9781558744028,1396
9781558743793,6137
9781558743793,9900
9780849914379,12216
9781558748002,6137
9781558748002,9900
9781558748002,11562
9781558748002,5983
9781558745629,6137
9781558745629,9900
9781558745629,12976
9781558747968,6137
9781558747968,9900
9781558747968,11559
9781558747968,10880
9780064471879,4642
9780064471879,13998
9780375760624,12261
9780060287368,6540
9780060287368,12724
9780380727025,10028
9780312187101,13308
9780849952470,10238
9780849952494,10238
9780789405654,7250
9781580172936,1812
9780449910740,3353
9781591450054,1989
9780380721528,13125
9780440413868,12000
9780133349702,987
9781577311102,12388
9781577311102,15251
9780062740069,4168
9780439435246,8389
9781563051814,1347
9780671743680,6049
9780818405426,2353
9780818405426,13522
9781891105036,12136
9780066210162,3725
9780786865505,8051
9780679456933,4092
9780380975587,782
9780684853628,9324
9780060392826,5346
9781551668154,13612
9780553213157,8578
9780613225939,4538
9781573221269,6103
9780345410092,8133
9780440124344,2953
9780140279276,9087
9780786883608,12388
9780152008796,717
9780805063783,6583
9780064473026,8099
9780152001018,717
9780761316428,2766
9780312209674,9290
9781883523367,7091
9780060976491,8653
9780312147013,13308
9781558743540,6137
9781558743540,9900
9781558743540,3458
9780452282124,9087
9780767906548,10657
9780374399894,6148
9780517100806,1575
9780684855950,1463
9780786884209,12388
9780786884209,8528
9780375506185,114
9780812524161,15452
9780399135279,14576
9780312908836,3423
9780142000342,6465
9781577488286,14854
9780800781729,4427
9781577482154,1606
9780882702636,12777
9780821723005,7908
9780380796106,9701
9781565120167,8939
9781586603984,15588
9780310207559,8894
9780310207559,8922
9780764501807,619
9780399141850,3504
9780140340839,7201
9780140340839,7541
9780310213970,9948
9780310213970,12898
9780517588246,10166
9780385485692,7645
9781565075726,14063
9780440415824,10918
9780064460934,11595
9780064460934,4350
9780590959438,1731
9780590959438,395
9780764222498,6588
9780764222498,14335
9780816318056,7017
9780142000472,3014
9781586602611,8205
9781586602611,3520
9781586602611,13249
9781586602611,8507
9781586602772,14988
9781586602772,10097
9781586602772,5671
9781586602772,5456
9780395636473,12651
9780060617516,3710
9780446530118,635
9780553581065,14107
9780671794491,11250
9780380978342,2972
9780312105235,10468
9780060179984,5113
9780130296047,12488
9780380975358,7203
9780345312211,5268
9780849939587,2110
9780849939594,2110
9780849936883,2110
9780849939198,2110
9780590460569,717
9780590460521,717
9780590460545,717
9780830707362,4466
9781576738160,4651
9780915684014,4099
9780802404336,9139
9781874508007,3820
9781551665764,3278
9780060926205,10487
9780804108294,10487
9780849953422,10238
9780664254827,12735
9780310515111,2065
9781556615832,9206
9780816733088,2631
9780375811357,3805
9780806984926,8409
9780671658458,6170
9780060173081,8653
9780451204127,1290
9780152006730,717
9780842319010,4651
9780517345825,6020
9781580082310,1475
9780345427298,6645
9780140547535,952
9780140547535,1515
9781578564712,2681
9781576737811,8269
9780785270225,1271
9780785270225,3804
9781576737095,7704
9781576730362,7704
9781576730362,12275
9780786862269,8747
9780310230083,7006
9780310230083,3268
9780840771834,3213
9780840771834,10961
9780380975068,2485
9780517118979,12341
9780394873411,13777
9780394873411,6451
9780590400244,7113
9780590400244,7507
9780590400244,1733
9780590226516,8520
9781580626590,900
9780590543194,717
9780671612764,6552
9780871316073,1338
9780671794507,11250
9780152164508,717
9780312959173,4482
9781577361817,4482
9780679867401,9526
9780394865874,3311
9780849942822,8033
9780764222122,1410
9780764222115,1410
9780310201687,6524
9780395251812,10744
9780440228615,717
9780880701365,2316
9780590742597,717
9780934395502,8477
9780934395502,9279
9780394872179,13777
9780394872179,6451
9780590426237,11694
9780590426237,1628
9780064467353,14074
9780064467353,9371
9780679800927,12854
9780679800927,14321
9780590479172,10674
9780590479172,6618
9780698116009,4942
9780698116009,14165
9780688065188,372
9780688065188,372
9781880000335,15439
9781880000335,2710
9781880000335,15562
9780590480895,1040
9780590480895,3211
9780064402507,10974
9780064402507,4901
9780590934251,11675
9780590934251,14831
9780679883418,10118
9780679883418,13239
9780590449205,1909
9780590449205,3314
9780590947169,11675
9780590947169,14831
9780679824114,10118
9780679824114,13239
9780805002133,8355
9780805002133,10435
9781587172045,8355
9781587172045,10074
9780380719006,10052
9780064440592,967
9780064440592,967
9780141302287,12586
9780141302287,12080
9780671677138,8757
9780440409410,4207
9780590543385,6749
9780060163099,14315
9780060163099,15106
9780060163099,12129
9780060163099,11910
9780440416241,10073
9780140349818,8158
9780140386745,8158
9780140365931,9762
9780439099042,8229
9780613177177,8545
9781565121577,7866
9781558746589,6137
9781558746589,9900
9781558746589,6772
9781558746589,9817
9780964095564,2745
9780099133711,632
9780771068188,11210
9780771068188,14012
9782894641217,2657
9781858284149,11923
9781858284149,5665
9781558533318,5413
9780394557212,12831
9780590697699,11526
9780590486699,15186
9780140376289,8024
9780698118805,6584
9780698118805,13409
9780531087879,6584
9780590439442,6584
9780684823799,1818
9780679732181,15377
9780140344431,1211
9780451523952,3703
9780451523952,14184
9780064406864,13509
9780064406864,13772
9780440430469,11486
9780590117449,717
9780689842948,6567
9781883672904,4322
9780689842306,13520
9780060281762,2371
9780152003920,717
9780380978632,1059
9780809206193,5216
9780842300193,2405
9780140236200,3823
9780140481877,1033
9780486273006,11961
9780140108590,664
9780195867862,596
9780451628459,14982
9780451628459,1131
9780679887911,6925
9780674354425,15104
9780440226840,2010
9780590319904,11179
9780064470674,9401
9780156004770,2054
9780061081118,2300
9780373483501,11169
9780380785759,14387
9780380785711,14389
9780553294095,14443
9780590023887,9678
9780812544428,585
9780373290857,6993
9780671741266,13811
9780312033002,9802
9780373270972,11169
9780812571769,15048
9780671025700,3906
9780812514094,15195
9780515122732,11169
9780440224570,9921
9780440217855,9921
9780373705863,2670
9781551665795,1112
9780061010996,1112
9780061010996,1
9780373762699,4126
9780451407801,7054
9780373484041,3454
9781854879820,816
9780373168200,5759
9780373290864,7819
9780743232937,58
9780312305666,5951
9781583486252,14772
9780451160911,13916
9781551665078,12862
9780446607209,13663
9780373223589,9642
9780553581140,14443
9780553579239,3650
9780440209416,2953
9780553574319,5226
9780060631314,3102
9780140375893,10209
9781885983213,6163
9780380700677,11730
9780380725625,1059
9780807510094,5142
9780807510094,3065
9780842321952,6906
9780842321952,14680
9780440407126,4933
9780590312417,992
9780141312422,6668
9780816704057,4127
9780816704057,13198
9780590481816,11452
9780590481816,7513
9780590228701,708
9780590228701,6675
9780590228701,1349
9780439049986,2996
9780439049986,2996
9780590228770,702
9780439050005,2996
9780671019372,1488
9780671019372,3218
9780590944779,13777
9780590944779,6451
9780590944779,10652
9780871234407,2872
9780880296144,1345
9780880296144,10519
9780892741885,8928
9780786864249,12388
9780449150016,5646
9780842329255,6906
9780842329255,14680
9780553102352,4154
9780912111636,15573
9780912111636,8337
9780912111636,15605
9780767903394,8588
9780553349351,8607
9780553349351,15034
9780060591700,6024
9780679763383,7627
9781557042606,4330
9781557042606,2622
9781557042606,9047
9780815410560,2921
9780060951313,6024
9789682321559,3970
9789682321559,3970
9789682321559,7710
9781878448903,14229
9781559948067,8935
9781559948067,2447
9789500723831,8496
9789500723831,5489
9780198641582,3866
9780807281857,11954
9780140011746,11307
9789684322042,11102
9780425093450,6020
9780743448789,11183
9780385471473,8785
9780312983789,8669
9780525455202,7533
9780525455202,4430
9780747233664,3946
9780061091940,1296
9780671003531,7301
9780671003524,7301
9780688134013,3462
9780688134006,3462
9780064473132,3462
9780553103038,13634
9780553574418,2683
9780373262373,1309
9780804116572,5302
9780449210529,6020
9780345441713,1132
9780345414366,8258
9780441002610,13528
9780152018009,10329
9780152018016,10329
9780804107020,9046
9780142501436,11352
9780142501535,11352
9780141311098,10897
9780553568738,13589
9780792276869,10612
9780441445257,13589
9780441568574,13589
9780441902095,13589
9780375503641,3297
9780451171016,8964
9780451171016,10807
9780451456595,2117
9780394534435,811
9780553573312,11003
9780553562613,11003
9780553573862,11003
9780553095142,13589
9780802138576,292
9780802138576,9118
9781579546137,3379
9780152046972,5457
9780802131867,6162
9780786860210,9397
9780452282438,7866
9780520222571,11020
9780380723089,4125
9780345410283,8820
9780452280694,938
9780914913368,14844
9780914913368,15567
9780914913368,5222
9780914913368,13461
9780679755623,354
9780679414612,13613
9780060977191,8120
9780345410429,8820
9780679723691,12235
9780060956295,1568
9780671748098,2680
9780609608739,3550
9780805031874,14345
9781878067999,3937
9780345410399,8820
9780375500510,753
9780425184752,345
9780452283169,14780
9780452283169,13468
9781582340760,6108
9781571310163,14120
9780380820146,9375
9780385333290,352
9780060923204,13932
9780061054433,4160
9780312187347,6095
9780679416739,7693
9780380729760,32
9780060926465,6433
9780316691178,2562
9780871138323,6398
9781565122437,13770
9780345386571,9722
9780156907392,15098
9780156907392,4469
9780395908723,11744
9780066209463,7733
9780802136268,11747
9781559704649,3834
9780743227841,2392
9780452271043,9657
9780452271043,9126
9780684867823,12339
9780060984335,10487
9780679723059,12235
9780345389244,9837
9780375503313,271
9780393956535,10988
9780393956535,13482
9780393956535,13447
9780395977712,13068
9780380728824,70
9780452282094,3851
9780965213653,12008
9780380732142,8279
9780312283476,11339
9780385314251,6817
9780385314251,14193
9780394563152,11544
9780786869015,8649
9781573221511,13539
9780812968347,7733
9780812968347,4067
9780312243111,15164
9780375726019,12496
9780812968132,4125
9780345423092,4125
9780743411356,4125
9780425176481,4125
9780671441982,11882
9780671673949,14066
9780440507727,5178
9780963634290,2853
9780963634290,2849
9780897322096,3899
9780812548051,14471
9780822011293,2207
9780140440485,12048
9780140440485,3424
9780140440485,3424
9780449215265,15407
9780786886470,10401
9780553573251,9650
9780553573251,14860
9780553290981,9650
9780553290981,14860
9780553295412,9650
9780553295412,14860
9780553561401,9650
9780553561401,14860
9780006548188,363
9781857027051,1984
9781857988024,6351
9780241100103,3161
9780552995641,7831
9781840672015,5994
9780575048362,14477
9780575048362,7698
9780753813829,7247
9780330354561,3357
9780349115085,7894
9780146001789,4713
9780146001789,9492
9781857995459,2276
9781857995459,4458
9780553288667,1691
9780694520794,6960
9780694520794,6959
9780310342021,7319
9780310342021,7305
9780688143688,4549
9780394722191,15518
9780805001181,7550
9780140006094,13614
9780140006094,9485
9780060193454,12278
9780394501697,1897
9780441731534,6020
9780394721682,12845
9780553210422,4713
9780140157918,13439
9780060912222,10686
9780156997782,366
9781551669199,6457
9780826404282,11656
9780140096927,10686
9780140096927,10442
9780140064704,10686
9780140064704,11843
9780140088397,13439
9780140103045,13439
9780553203486,6118
9780553123432,11855
9780140059243,10686
9780140059243,10442
9780140059243,11958
9780679724223,11322
9780156970907,890
9780679735021,13278
9780345335869,5475
9780452011113,353
9780385473071,5699
9780345292346,12221
9780380003334,5629
9780380003334,8837
9780804103787,15164
9780871563224,4674
9781557783448,10983
9780679442400,792
9780671250843,5199
9783442723188,2997
9780373078059,7953
9780373078059,7952
9781551660011,8365
9780821746219,8001
9780373169269,4299
9780373169849,2291
9780821758960,14982
9780843942729,4049
9780373222827,5251
9780843948882,2151
9780373501755,2153
9780380818075,96
9780373031931,5453
9780373105076,784
9780373482948,13303
9780671469139,8985
9780373288816,2548
9780373650545,6858
9780373706891,7779
9780373885121,7084
9780373098859,13612
9780373076222,8544
9780373821518,1102
9780373288090,3358
9781551665313,13303
9780373240890,1996
9780380815340,4129
9780373217038,7084
9780446360739,13303
9780373093823,11679
9780373096824,5451
9780373099153,1996
9780821718391,4049
9780843946468,4049
9780373168729,12574
9780373164387,14861
9780373451906,12262
9780373169030,11008
9780743436465,14033
9780671785772,8530
9780671785772,3272
9780373168415,2129
9780553567687,13303
9780446603096,13303
9780373099894,14881
9780373099894,11460
9780380774548,8146
9780061083402,10215
9780373451555,836
9780373077281,7953
9780373168682,2284
9780373169498,2129
9780373451807,7084
9780373168743,11350
9780373225200,13538
9780373168521,11348
9780373705245,13245
9780373118779,3586
9780373168637,10701
9780373169771,14713
9780553297836,13303
9780373169764,8679
9780373166954,8828
9780671835644,10836
9780373168675,7835
9780373451548,10098
9780373169627,6211
9780373165964,9034
9780373169733,2129
9780373169542,10768
9780373650392,1401
9780441023141,2735
9780373257812,451
9780373201570,836
9780373030934,13842
9780451180148,10018
9780451180148,7054
9780451180148,13317
9780451180148,8680
9780373160013,13303
9780373898343,6552
9780373201426,7084
9780373201426,4126
9780373201426,9760
9780373115112,4314
9780373169689,3499
9780373169535,10838
9780373168705,2129
9780373169863,14713
9780671519070,8515
9780373108404,4314
9780373169856,11349
9780373289875,14262
9780373289875,9628
9780373289875,3326
9781878702821,11998
9780373099160,1700
9780515087994,4175
9780553220285,13303
9780373253180,1112
9780373169566,1957
9780373290017,13500
9780671535704,1406
9780373290437,1178
9780061093340,812
9780373706877,13164
9780373106738,10099
9780373898336,6552
9780373169368,8791
9780373169320,2677
9780373169191,8053
9780821767726,2533
9780821767726,3281
9780821767726,3660
9780373025923,11098
9780373072422,8181
9780440224457,4069
9780312956769,2800
9780312956769,7593
9780373288649,2548
9780373076741,7953
9780373706433,1571
9780373241439,14261
9780373074808,8181
9780373765058,10260
9780061042331,1112
9780373093915,1220
9780786000135,6590
9780373114931,14252
9780440211358,15089
9780425105153,2384
9780373074495,12150
9780449223512,1146
9780886778217,1679
9780886778217,9975
9780373024667,12277
9780373650156,1401
9780671775230,10459
9780553279337,13737
9780553279337,10847
9780425058244,11379
9780373290116,14262
9780553220391,4862
9780373704071,7782
9780373097845,14881
9780373196920,8049
9780373241224,5577
9780373291175,10105
9780449232132,15050
9780449232132,6699
9780449129043,13226
9780671019143,10459
9780373501748,9059
9780373079186,8740
9780373106677,11756
9780373292158,2038
9780373116379,13322
9780373288052,5306
9780345435415,10538
9780373051922,462
9780373291069,3341
9780373114207,12856
9780821734278,2883
9780373291205,518
9780373254576,3362
9780373163540,11350
9780373243020,1623
9780449125397,11384
9780553219517,13303
9780373166572,9439
9780373168804,8792
9780821745083,14441
9780553219920,13306
9780553440133,4862
9780373162512,1102
9780445206601,10104
9780515061628,2112
9780373074129,8181
9780373291212,7819
9780373286744,1249
9780373121366,10002
9780373099566,547
9780671047573,3007
9780671047573,5313
9780373071487,8181
9780373289264,3358
9780373165674,10692
9780373118656,12904
9780373121489,2099
9780553220018,13303
9780553444438,13306
9780373289530,2088
9780373162222,13398
9780373288212,10105
9780373098842,9051
9780373710553,796
9780373151899,6545
9780373151899,491
9780373151899,12532
9780373151899,4289
9780373288724,14262
9780373077359,8544
9780440169833,3651
9780373075362,7782
9780440112907,9606
9780440173786,9606
9780373032075,6950
9780373097739,11552
9780380897858,8909
9780373106691,2003
9780373076383,7953
9780373076383,7952
9780373099733,5186
9780373707003,796
9780373111626,8832
9780373162116,1102
9780373290055,9448
9780373076932,8544
9780553445008,3335
9780553217773,13303
9780373243686,11124
9780373167524,8995
9780373076598,7058
9780373035106,3411
9780373254545,2064
9780373288502,2548
9780446606448,537
9780446606448,9332
9780373107070,11465
9780445208841,10104
9780821749371,946
9780821718056,6849
9780312901929,14244
9780553289992,8271
9780671460419,14099
9780373790531,7915
9780515058185,2971
9780373224913,8663
9780373709564,1809
9780373105403,9630
9780671495428,627
9780061096150,4367
9780441007141,13528
9780451161123,12113
9780671032562,3272
9780671032562,8530
9780553569650,8271
9780821744796,947
9780345379054,3099
9780061083570,3289
9780373161386,1102
9780373109043,12904
9780451456823,2402
9780451456823,5581
9780345276353,9342
9780671042097,3469
9780312980351,743
9780373117949,12904
9780671473648,11407
9780373707072,13149
9780373166879,6211
9780553443974,3335
9780373118717,12904
9780743410649,11804
9780449140185,12241
9780553443110,1101
9780821740293,9935
9780373165544,1102
9780373093793,1494
9780373165599,9135
9780553219982,1101
9780373291182,470
9780380768646,7783
9780373289424,14407
9780373094370,8181
9780373098989,14191
9780373165810,1102
9780786005413,9734
9780373088706,9135
9780553218299,1101
9780553218510,1101
9780373092741,8181
9780553233681,9228
9780373166930,7859
9780821726389,12878
9780373290567,2038
9780553443769,8995
9780821760451,8210
9780931122651,3838
9780739439067,11169
9780345446107,5325
9780688103323,8349
9780553213348,6482
9780679885504,6925
9780385266291,5027
9780385266291,6894
9780385266291,4471
9780807071038,6033
9780061064173,10140
9780061064173,10385
9780671785697,12112
9780448401720,4868
9780451143181,2184
9780877282686,241
9780877282686,14513
9780877282686,4775
9781561840090,861
9780811202923,5753
9780811202923,5779
9780764153730,15590
9780764153730,11856
9780850307146,3061
9780850307146,2656
9780316488358,5171
9780671704612,10245
9780563551010,8990
9780743412346,11804
9780671629984,7418
9780812534078,2193
9780312964252,11045
9780446400589,4262
9780345317841,7527
9780345346919,10753
9780671008802,15463
9780671008802,7812
9780671008802,4891
9780345311634,8564
9780345283719,15188
9780345329455,5423
9780935127294,9786
9780935127294,7095
9780671503611,14093
9780879801106,4740
9780887330049,6180
9781558172371,15230
9781558172371,12500
9781558172371,15229
9780943832081,754
9780879493042,15550
9780312958831,2487
9780440100256,15355
9780234770559,6180
9780394733319,7994
9780894872280,6298
9780821717516,13261
9780821717523,13261
9780571130146,4750
9781561840595,13204
9781561840595,2501
9781561841530,2501
9781561841530,2501
9780887330636,6180
9780786703876,5423
9780886776244,13453
9780445204522,1810
9780066210841,1296
9780345384218,5423
9780312909239,11885
9780879977382,3692
9780879977382,8303
9780786706471,11820
9780743412414,10906
9780425126028,1799
9780875421278,13427
9780061057526,13926
9780061057526,4178
9780061057526,8609
9780140182927,3722
9780140261189,1438
9780140261189,9868
9780140139129,13763
9781567184730,7614
9781852278861,13763
9780140035209,13763
9780140023749,13763
9780007155095,13763
9780007155095,275
9780007155095,3917
9780671037390,207
9780671015855,207
9780749930639,9378
9780553282184,368
9780671037383,207
9780413519504,3980
9780413519504,11453
9780340693094,932
9783426195598,7922
9783404129492,14920
9783596505159,7632
9783518100738,1328
9783596224289,15291
9783404133482,10379
9780749719746,4338
9781841150772,7529
9780099286578,3221
9783125781108,5230
9783125775404,7267
9783125775404,11793
9783518365014,13280
9783518365014,4266
9783442161171,415
9783442161171,11903
9783442139118,3511
9783404148653,689
9783404148653,1062
9783746652610,14522
9783502518990,11969
9783502518990,15050
9783502518990,4421
9783548256177,11875
9783426080641,1287
9783442450329,1218
9783442450329,10742
9783453146976,3745
9783404118250,4538
9783404118250,4491
9780752218755,1824
9781860468087,5697
9780684873756,933
9780152020682,3989
9780152020682,10860
9780385503464,6624
9780767901840,8391
9780767901840,6192
9780671020118,7768
9780373484423,11169
9780671042929,8683
9780446524995,6560
9780767908269,10693
9780140434682,15398
9780140434682,5474
9780140434125,4123
9780140434125,7486
9780140154511,5334
9780140432800,7253
9780140432800,15140
9780140512908,993
9780140445282,4805
9780140445282,3170
9780140445282,3170
9780140445626,1213
9780140445626,11116
9780140445626,879
9780140194883,9983
9780140194883,4130
9781573220927,7400
9780140466607,13741
9780140466607,7336
9780140466607,7706
9780140188516,9718
9780060171926,9914
9780060171926,2058
9780140587487,13877
9780310239727,13956
9780310239727,12331
9780310239727,14360
9780310239727,7612
9780684717654,4530
9780786913336,6352
9780786913336,15124
9780515041859,7373
9780515041866,7373
9780515035087,7373
9780345409874,2572
9780679724513,13703
9780679724513,5418
9780679763307,8274
9780393027419,14022
9780813522135,11278
9780375757297,6482
9780375757297,494
9780425183977,6065
9780582292192,5330
9780582292192,5207
9780582292192,5208
9780679732259,15377
9780060174903,14314
9781879237742,10055
9780375704468,14314
9780894803208,5350
9780931580796,11861
9780486270524,4123
9780449200247,8851
9780449200247,8853
9780937858660,6850
9780684839073,4432
9780140266931,1171
9780684818986,4432
9781862042056,7383
9781862042056,10845
9780684824994,4432
9780020199854,4530
9781558508477,8786
9781558508477,4089
9780441007813,8712
9780804002806,522
9780671680114,522
9780446609043,10219
9780446606677,10219
9780380790968,3637
9780380790944,3637
9780060933166,2621
9780060909000,14314
9780060909000,14416
9780062731005,8622
9780062731029,8622
9780062731029,15537
9780804001489,522
9780441005741,8712
9781563336096,522
9780812566680,8552
9780312860226,8574
9780812540024,8552
9780811824224,8062
9781889295008,874
9780786808014,4342
9780385285018,12369
9781573245005,10758
9780380802319,9089
9780821771419,7773
9780385484015,4208
9780452281455,34
9780452281455,811
9780452281431,34
9780452281431,811
9780440210030,13612
9781551668482,14260
9780380795734,9010
9780312191184,15502
9780743405966,14191
9780821771150,9119
9781551668284,7776
9780061014789,14965
9780345317216,5564
9780451526120,3950
9780449215029,4549
9780552142502,13695
9780425176085,989
9780440216971,4016
9780451170118,13916
9780316153911,10395
9780425155721,7494
9780425189030,6065
9780671015442,7685
9780671015442,14221
9780440236665,2953
9780425049266,12040
9780812551488,14471
9780812576399,14471
9780736618199,11305
9780736618199,11742
9780061007156,6802
9780380011223,12956
9780451525888,6482
9780451525888,9607
9780345390929,10398
9780345323170,4425
9780345378781,4425
9780441703531,1476
9780345349521,13175
9780886776558,4955
9780002243773,9748
9780385491105,9595
9780786209545,11250
9780385720953,9595
9780751510614,1427
9780743442244,10231
9780571168637,11569
9780142002001,6086
9780330480956,6331
9780758203885,4319
9783596282753,5394
9780061098680,1139
9780451208842,13841
9780684867427,11069
9780060520502,9701
9780425184493,7712
9780425184493,4308
9780767915595,6499
9780451196811,10183
9781889853031,1955
9780860681298,9595
9780553212662,9239
9780385319003,8699
9780330482073,10267
9780060294656,10267
9780316057400,10993
9780316057400,8970
9780316777728,3210
9780340682272,4576
9780345376923,6166
9780345347992,6166
9780747230304,3946
9780399511158,14135
9780870946592,8072
9780870946592,12998
9780070145122,11930
9780070145306,11930
9780767904421,14685
9780679723165,15111
9780618066131,6531
9780451458476,7823
9780805052046,5776
9780345447210,6115
9780140276305,13172
9780140276305,10181
9780140276305,7957
9780099143710,4538
9780721401027,1692
9780721401027,13193
9780140234206,11502
9780140252521,10806
9781550541120,1478
9780767903387,13174
9781569247037,3189
9780156012027,595
9780767902045,14685
9780312283377,5833
9780671679439,10107
9780143033608,3657
9780140283648,3657
9780340728253,590
9780140285826,11009
9780140277432,14077
9780684853864,8633
9781894294423,12889
9780679767206,15437
9780679455110,11857
9781552782392,3481
9780771054600,13096
9780375724831,7598
9780771095658,1741
9780679724360,6979
9780312135096,4366
9780151006588,8958
9780151006588,9613
9780385333641,6336
9780345417947,7370
9780385720465,6501
9780771041839,6158
9780684803357,4432
9780684865720,4432
9780679731153,14930
9780006385370,2833
9780676971996,3563
9780743410052,8347
9780140291094,5293
9781569471166,1129
9780920897539,5787
9780312205546,13347
9780312205546,5004
9780385333702,5654
9781552634523,2764
9780802137845,12413
9780006480600,14704
9780002244091,14704
9780140299847,15316
9781550548402,9769
9780864922298,176
9781895411416,1229
9781861590466,10394
9781861591791,10394
9780670872206,6086
9780141000251,8388
9781551924571,5307
9780771014901,4859
9780385475778,5116
9780771014536,13300
9780679767770,7240
9780452272729,11387
9780525941910,11387
9780452270077,11387
9781552633472,7067
9781552630112,7067
9781550135572,7067
9780312301736,9400
9780312267568,4876
9780521662604,9595
9780345419033,9837
9780684850276,12713
9781573229715,6368
9781573227742,258
9780440574866,9858
9780312168674,4465
9780312144500,14459
9780312144500,491
9780312144500,4223
9780312144500,14558
9780312144500,11134
9780671726737,14473
9780060275853,6964
9780679449997,8212
9780061099052,4426
9780486268750,3921
9780486270647,5375
9780553273359,4545
9781566475969,10843
9781566475969,10083
9780399133459,14748
9780380714759,1059
9780805401530,15402
9780805401530,15403
9780385054584,15394
9780812923636,13902
9780446341332,13779
9780671775469,100
9780679454755,6744
9780881441796,2785
9780684174716,4432
9780849934179,1137
9780849937019,1137
9780425194850,10150
9780930117016,8606
9780553269673,4675
9780553269673,14533
9780440227823,5969
9780849906879,1841
9780671793425,8091
9780375702907,818
9780689821714,12641
9780060172756,13136
9780425174289,10079
9780446608046,178
9780446609302,178
9781570649660,9384
9780312038205,9783
9780743458313,5312
9780345414465,1585
9780380786763,12417
9780061094781,14084
9780425156742,2040
9780451197146,8877
9780451191984,10231
9780451191984,9971
9780812512762,12432
9780451458759,5210
9780451174970,9592
9780425164105,10736
9780553577563,13992
9780553577563,9266
9780553577563,3910
9780380778720,4223
9780380778720,14459
9780553580259,12578
9780345362490,7892
9780702220951,11240
9780786868100,1432
9781557044792,6301
9780679720225,220
9780452282278,6838
9780064400312,8666
9780064400312,4901
9780590649193,5142
9780590462242,7467
9780590462242,12853
9780374453077,14848
9780374453077,14848
9780374453077,14634
9780380725236,2485
9780836218817,4927
9780553560077,4013
9780380800780,10048
9780312962609,11840
9780440944591,12653
9780451528414,8969
9780451528414,4816
9780451528414,1842
9780553239751,11670
9780380811809,14098
9780440223252,13352
9780451208347,3390
9780451210722,3390
9780886774615,537
9780886774615,9975
9780061080968,7134
9780821775127,9191
9780553562835,13276
9780553562835,7368
9780553572353,12578
9780312104955,2809
9780670877621,2610
9780670826476,4896
9780670887965,4896
9780446393744,6639
9780312969226,8669
9780061096105,9100
9780804118903,2680
9780807083055,11231
9780807083055,12656
9780684824727,97
9780684824727,4061
9781592980413,14146
9780312327187,14073
9780027582000,1818
9780027582000,10435
9780670874910,9818
9780670874910,2351
9780670868438,9858
9780670868438,2379
9780395498583,9858
9780395498583,2379
9781573220828,5896
9780140548570,2642
9780140548570,8900
9780807563274,5142
9780345352491,10247
9780395713730,12819
9780385176224,10415
9780385176224,12185
9780345335234,6795
9780312112622,3017
9780156001120,4082
9780688120207,8965
9780688120207,551
9781566199452,13913
9781566199452,13116
9780809117543,14877
9780451528216,857
9780451528216,11651
9780380794010,3274
9780439087179,13063
9780439087179,13063
9780020223726,12455
9780380009473,5547
9780156189217,4469
9780743466523,728
9780440218104,14383
9780440404194,7832
9780874832778,3911
9780061097669,11250
9780440229513,11670
9780671521509,9019
9780671521509,8091
9780671521509,1907
9780671521509,6649
9781551668451,1907
9780934257503,15410
9780380817627,4302
9780345422477,6794
9780394578071,8937
9780060193706,12168
9780618033874,1340
9780345302632,5845
9780440495567,9129
9780945397540,10655
9780945397540,3347
9780345438850,1327
9780740718779,14683
9780740718779,12007
9780740718779,10684
9780385304856,9971
9780385304856,2203
9780767916226,6705
9780786863150,5839
9780786863150,3676
9780141001975,1150
9780874779905,9545
9780836230673,956
9780836218657,4927
9780836220988,4927
9780836220735,4927
9780345330451,7007
9780345326348,7007
9780688108052,7113
9780688108052,13837
9780688108052,206
9780689818769,567
9780689818769,1687
9780679006824,4603
9780811801805,11075
9780451167873,9319
9780671008970,12481
9781569248287,1257
9780684815992,12416
9780877540427,10224
9780877796138,11586
9780877796138,12553
9780877796138,11587
9780380780471,1975
9780671683825,1743
9780671683825,1205
9780345377708,8133
9780345433015,659
9780525938347,645
9780060960834,10887
9780809276981,11558
9780930878450,8824
9780930878450,7098
9780930878450,13323
9780767903615,9825
9781563053467,14035
9781563052378,13549
9780517881224,7860
9780060955595,1008
9780696010972,1368
9780696010972,491
9780696010972,4886
9781556701795,1227
9780912656502,9435
9781859674802,13631
9781579590222,6975
9781579590222,4985
9780316139281,7780
9780316139281,1464
9780688113131,15015
9780761106333,7850
9780762400072,7856
9780762400072,8407
9780762400072,4148
9780762400072,9387
9780894802041,7860
9780894802041,13549
9780894802041,10506
9780684818702,6007
9780684818702,9797
9780684818702,4460
9780028610108,9825
9780028610108,213
9780761104810,1411
9780761104810,370
9780894803925,7860
9780894803925,13549
9780785813644,914
9781563051722,914
9781563051722,7546
9780024103413,5285
9780024103413,10109
9780898151893,4437
9780836217261,4927
9780836217261,12902
9780896103146,12511
9780882681269,1361
9780446527057,11396
9780446527057,8642
9780446527057,2299
9780786862344,6781
9781561792535,2782
9780684844008,14758
9780684844008,3097
9780316099813,6972
9780060094744,15327
9780803709775,13187
9780803709775,704
9780767908498,1470
9780452267077,3811
9780913589359,2591
9780894861611,8009
9780684867670,5328
9780060977740,10487
9780060931223,9248
9780140506396,401
9780140506396,6547
9780870679544,3603
9780618043019,4599
9780618043019,15340
9780618043019,7520
9780590458986,15186
9780679744399,2706
9780140177381,7509
9780439076661,8218
9780590819756,8520
9780553251999,10249
9780935180916,14058
9780786000821,5417
9780671563073,15510
9780441359172,12605
9780671522667,15510
9780385185592,7113
9780395866504,6501
9780849908286,12601
9780824816285,5961
9780399504877,15575
9780060964078,959
9780060964061,959
9780060964054,959
9781573061728,5813
9780930492489,10335
9780689866975,8925
9780689866975,4418
9780743442916,2315
9780060256685,13559
9780060256685,13559
9780060256746,13559
9780060256746,13559
9780425166420,12346
9780312965471,2222
9780380778782,10048
9780374525231,13758
9780804816250,3094
9780804816250,7935
9780679411086,14224
9780871134943,15541
9780374423070,14848
9780374423070,14848
9780374423070,4193
9780312959968,10769
9780060987510,10895
9780140468816,7039
9780786885411,9015
9780395860298,11660
9780802115454,1093
9780802115454,721
9780451206367,7491
9780140148459,9217
9780020446507,12641
9780736401951,12340
9780380731398,9159
9780435905552,9696
9780312422585,11162
9780740713958,59
9780609601037,14472
9780760700761,6363
9780786882502,1497
9781880985021,12969
9780871566232,5986
9780871566232,5239
9780807014134,10049
9780868614724,3464
9780060924928,959
9780394752914,13674
9780679734406,11073
9780679451143,11246
9780385298292,14553
9780684852751,5460
9780671892616,8265
9780525934196,11461
9780440486978,335
9780440486978,14019
9780440401032,5864
9780763611996,5975
9780763611996,11870
9780763611996,10226
9780515128871,6390
9780671000721,12461
9780671000721,7545
9780316460842,9205
9780439162524,11187
9780809232055,2071
9780590406208,3868
9780590406208,4901
9780590213110,702
9780590213110,11675
9780688046262,3607
9780688046262,4872
9780446522571,7531
9780151006045,12156
9780060955694,12215
9780763615673,9419
9780152018252,15572
9780152018252,14323
9781564020703,9573
9781564020703,9573
9780375810831,6578
9780688106393,12890
9780688106393,10001
9780688106393,10001
9780761121329,5617
9780761121329,945
9780761121329,13291
9780023376627,2029
9780062734549,3292
9780060931216,8386
9780517093658,5938
9780307020468,5143
9780307020468,14650
9780440412236,3936
9780064402057,11472
9780425095515,1273
9780425095515,10898
9780451163448,11024
9780140177374,7509
9780449130322,1419
9780671041441,10906
9781573061568,4907
9781573061568,12597
9781566473200,5213
9781566473200,13076
9780440952527,9446
9781887128766,3199
9781887128766,2667
9780590981811,6668
9780553274424,13544
9780064403313,9249
9780064403313,9249
9780380818976,4209
9780440409687,12000
9781573229623,4208
9781888363364,11231
9780525936329,7733
9780890876794,14304
9780201626704,1091
9780671204976,6146
9780440322047,9858
9780140328691,12586
9780140328691,10420
9780156028776,10587
9780916291457,14398
9780375826689,2489
9780743244428,9712
9780743244428,13361
9780910043595,9735
9780910043595,11167
9780451196859,6223
9780395304488,2379
9780590630955,6880
9780899198545,4003
9780899198545,11598
9780201107128,14024
9780201107128,14894
9780812521023,13924
9780446351706,13444
9780140390315,14926
9780140390315,13008
9780786704606,5297
9780684853772,3045
9780889104990,2935
9780889104990,3119
9781555913458,4873
9780316548182,11034
9780385468626,1320
9780385336789,14056
9780399238796,10445
9780374529031,781
9780385507837,3260
9780385507837,5610
9780385507837,13775
9780060953225,10455
9780553151657,12586
9780553150971,12586
9781578400614,5750
9781578400614,3336
9781578400614,5419
9781578400614,4522
9781578401864,7198
9781578401864,3336
9781578401864,11200
9781578400607,4514
9781578400607,8030
9781578400607,5538
9780385315517,2021
9780877845829,7548
9780813511696,3320
9780385471435,3730
9780679737438,6026
9781574780253,15208
9780679769781,6282
9780525938859,14995
9780880291231,12586
9780440226192,4947
9780140055771,12586
9780394743189,3872
9780449912744,698
9781551667218,10020
9780064402378,1399
9780064402378,4386
9780671521011,3252
9780671871390,522
9780399233883,10662
9780399233883,10662
9780307122377,5246
9780671878931,7749
9780671878931,7223
9780671878931,9141
9780679439790,11139
9781559720090,2343
9781573420389,12827
9780394849553,15172
9780375502026,14744
9781566911603,6063
9781566911603,12789
9780451199638,9626
9780451199638,5868
9780441007363,13992
9781573241182,9716
9781573241182,2650
9781573241182,9716
9781573241182,9684
9780743225960,14078
9780743225960,4995
9780312161279,11476
9781890132323,6678
9780805002546,3000
9780452265165,5580
9780452265165,313
9780962307201,6445
9780374413316,14848
9780374413316,4193
9780449218228,12638
9780449218228,14448
9781885167507,7572
9780711919518,12826
9780399238789,10445
9780307021748,6683
9780307010216,11654
9780307010216,1452
9780307010216,851
9780307001047,4472
9780307001047,6123
9780307001047,12981
9780307001047,12981
9780307001344,9434
9780307001344,7158
9780307030719,15298
9780307030719,151
9780307302021,3560
9780307302021,11811
9780717288236,10
9780717288236,3534
9780689804526,14167
9780689804526,10178
9780439213615,14424
9780439213615,14087
9780439381284,14852
9780439381284,2732
9780439381284,8716
9780816714582,12547
9780590341950,12784
9780590341950,10501
9780448343600,14425
9780448343600,14770
9780590334273,9591
9780394851457,5568
9780590689908,13988
9780590689908,5490
9780590738729,7113
9780590738729,1733
9780590464635,14020
9780590464635,6825
9780590411851,6203
9780590411851,15309
9780590411851,4773
9780590411851,4772
9780394840703,1086
9780307020901,8886
9780307020901,4483
9780307988386,677
9780307988386,942
9780307010308,3138
9780307010308,7174
9780307002105,2169
9780307002105,12389
9780307002105,14879
9780307010940,3138
9780307010940,18
9780307601902,13239
9780307001368,12501
9780307301406,12501
9780307301406,12501
9780307010858,7574
9780307010858,10560
9780152420376,2996
9780881380446,3920
9780141309194,14983
9780141309194,2147
9780141309194,14843
9780425153062,9988
9780446674249,6302
9780440400592,14308
9780440400592,5661
9781885211354,12543
9781885211354,9575
9780865476264,4754
9780140274783,4896
9780156717205,625
9780307960375,9653
9780307960375,3949
9780307960375,14649
9780394837031,5568
9780380017195,5014
9781573060196,13233
9780618164721,5315
9781400045082,3745
9780811200684,5753
9780811200684,5779
9780380707799,11642
9780061096167,12684
9781558538443,9841
9781558538443,14647
9780879236670,9698
9780879236670,9698
9780312954468,15306
9780965574914,6187
9780394889566,14215
9780064430678,2298
9780064430678,15449
9780689304378,5299
9780964335905,7072
9780060812454,13932
9780738861616,588
9780312167981,11247
9780824813925,13283
9780679781271,14026
9780865470545,4504
9780345440143,9600
9780026098403,11215
9780060167684,14173
9780689846250,3871
9780060812508,12527
9780066211664,2119
9781401300012,12980
9781561633258,14421
9781561633258,1458
9780553289428,6690
9780425167052,5322
9780140083040,4465
9780767900317,3216
9780767900317,3982
9780684863870,111
9780836236637,10423
9780316597050,5351
9780316597050,14042
9780316597050,2899
9780312922726,13161
9781551520551,1876
9780425103289,1273
9780425103289,10898
9780553342765,14665
9780553574081,10525
9780553287578,14741
9780970159403,11864
9780757300615,6137
9780757300615,9900
9780757300615,13519
9780757300615,12587
9780445205376,11231
9780446610797,5056
9780307986245,12501
9780446611329,5059
9780761125495,5617
9780761125495,945
9780761125495,13292
9781931686402,6319
9780399233920,10144
9780967418308,7142
9780967418308,5484
9781566471572,3741
9781566471572,2752
9780816704316,4034
9780816704316,4814
9781556114755,6064
9780449908457,808
9780553568776,8032
9780061097485,6315
9780440221043,7402
9780345394262,9934
9780385420952,8032
9780836261318,15490
9780449909362,7925
9780892965717,2292
9780679429883,12471
9780762102518,5979
9780385242394,14629
9780671003364,7910
9780380714865,8032
9780380711871,8032
9780345375353,15369
9780812568677,12106
9780446515863,4189
9780446523189,8040
9780553140170,6309
9780786860470,3965
9780671694173,11852
9780399132063,7378
9780070590823,10751
9780312983604,14959
9780553106343,14376
9780399144929,10720
9780399143809,1979
9780345404787,12471
9780425158609,8032
9780380728169,13904
9780515121285,9337
9780684802978,2623
9780399139710,12875
9780375704895,13175
9780671875817,2478
9780553575262,1132
9780553092653,4154
9780385468527,8032
9780892965830,9654
9780553264685,14102
9780451191953,13175
9780451191953,1173
9780679429890,12471
9780061009884,15428
9780316693868,6385
9780449224397,808
9780553575941,3151
9780451184726,13530
9780440237518,1123
9780375709043,8542
9780345389404,811
9780066210698,4500
9780743201957,7301
9780425160923,14816
9780451404275,4081
9780425173305,7022
9780451409485,9267
9780399145858,6156
9780151003587,5076
9780375714122,11958
9780446667906,10395
9780805056648,11216
9780786881017,6348
9780380730827,4549
9780821765951,13827
9780446604239,13303
9780060914288,1383
9780345366399,9241
9780805208481,4713
9780517084793,10398
9780312253974,13267
9780312253974,14481
9780517702130,581
9780312169343,8762
9780684837765,2768
9780807070970,9246
9780020447016,7443
9780060916558,9721
9780525939696,13530
9780312264147,13931
9780446527910,3140
9780679762058,6302
9780553578775,8375
9780380790432,9896
9780553581485,3606
9780553571707,12130
9780061044397,6455
9780446403238,9624
9780446604062,9624
9780399146244,5323
9780679753117,10407
9780671708108,6882
9780671898748,6882
9780671898755,6882
9780671695842,6882
9780671708122,6882
9780449223130,7534
9780373710249,9382
9780373710195,1583
9780373217250,7776
9780373217250,11350
9780373710331,10838
9780373709335,13164
9780373709878,1636
9780373217243,9734
9780373217243,14264
9780373471591,7086
9780425067857,124
9780671036607,8635
9780671036607,6920
9780553560985,13589
9780756401511,13195
9780425174722,124
9780740721984,2973
9780061319488,563
9780446526685,14009
9780312875565,7823
9780886779566,2214
9780345361325,1132
9780312971953,11045
9780312970970,11045
9781582340975,8953
9780789480644,8415
9780553276060,12335
9780451209856,7112
9780312968328,11045
9780740723223,6997
9780740723223,6922
9780836282863,11536
9780140280890,8634
9780060084028,4268
9780380784493,782
9780790009070,1783
9780140238532,1828
9781878067128,13723
9780140256444,14805
9781582343181,8953
9780553247466,15359
9780312966690,11045
9780836268232,11536
9781400048328,6537
9780812514308,2004
9780061057878,12874
9780515081572,8768
9780553581119,8762
9781567312294,6415
9781567312294,6414
9780380806355,1441
9780446611084,6385
9780740704567,11536
9780553581058,8762
9780515075014,11045
9780345443120,6750
9780872863651,8627
9780425144695,11045
9780908652655,13844
9780908569731,13844
9780740728945,2973
9780393325171,11540
9781892514875,7904
9780140119503,14348
9780140299939,14348
9780140092868,14348
9780140081510,14348
9781841954608,3263
9781841954608,2796
9780909486723,12254
9780684856322,2937
9780312313814,380
9780824817060,11443
9780375414299,7921
9780340401071,9753
9780394537603,7534
9780806518565,11946
9780060514068,5093
9780375502972,7567
9780670825219,11404
9780618219155,11660
9780892131013,14
9780679722762,6337
9780380780877,782
9780786709328,11962
9780060503468,7810
9781400045389,5880
9780618246946,10391
9780618246946,3006
9781570089947,11264
9780932379436,8898
9780066212906,14118
9781558171664,9404
9780380728251,8768
9780141002163,14345
9780792265283,14239
9780156006897,11291
9780156006897,5974
9780156006897,1390
9781570629136,8112
9780312252854,8136
9780312287986,5888
9780312966713,11045
9780312964283,11045
9780312969905,11045
9780312966058,11045
9781563335501,1609
9780684850405,1609
9781575663784,2958
9780316107099,1292
9780395836224,4156
9780743422284,495
9780380842933,741
9780061093081,2621
9780061099014,2621
9780451197399,13530
9780889104648,4307
9780889104648,2738
9780889104648,2738
9780152050160,15513
9780151003136,3993
9780312978860,3636
9780525946571,5804
9780312282660,8669
9780380732340,14669
9780670031900,6630
9780380978410,2485
9780553567731,3485
9780790004068,15513
9780762712359,7427
9780762712359,14709
9780679750536,5580
9780380007417,3974
9780553251487,14783
9780345326492,3974
9780451179289,13916
9780140036138,4547
9780002712170,1811
9780140099270,13955
9780553577808,8762
9780812561869,2004
9780790000459,15514
9781565120501,7547
9780060936150,7629
9780399149566,8964
9780312966843,5984
9780751501223,3776
9780684853048,8966
9780688021177,326
9780688021177,2238
9780718146290,6554
9780946487752,11084
9780446344678,8937
9780425143537,11045
9780743457477,14260
9780515077001,11045
9780515075342,11045
9780312966706,11045
9780802135162,6744
9780312973148,11045
9780515076271,11045
9780515078510,11045
9780515075076,11045
9780515085921,11045
9780380780860,782
9780060093594,15591
9780449004272,3384
9780684844824,14930
9780061052583,13861
9780802133526,5522
9780880299190,11306
9780743243414,13689
9780316365529,5801
9780684872537,9962
9780743411943,67
9780789305183,7789
9780515076066,11045
9780553261097,12335
9780812574746,12040
9780380816545,2485
9780316137256,5291
9780151003372,4161
9780060002435,14451
9780887300400,10413
9780312042776,3485
9780451182975,14370
9780142000892,671
9780553575293,1132
9780679729778,976
9780066212548,3071
9780312119317,6961
9780345430946,12780
9780553575286,1132
9780394735306,10835
9780394735306,3992
9780060394363,13462
9781565123359,667
9780375505171,9477
9780312282066,12346
9780971263901,4932
9780684831374,7629
9780385495424,15246
9780451186348,8768
9780394747231,976
9780966086508,10367
9780061092008,2621
9780451206008,7596
9780553234978,12335
9780684810973,2485
9780312951467,2485
9780898866063,8537
9780140043518,15456
9780140043518,421
9780451165626,6162
9781850514497,11975
9780312969882,14753
9781892327987,1607
9780066214443,11695
9780671881887,2485
9780312273125,4693
9780553575279,1132
9780966941418,12441
9780394741918,3148
9780394741918,10343
9780553582819,8697
9780066211237,7629
9780441363940,5507
9780671042295,9084
9780380978403,2485
9780553109245,1132
9780618012718,14821
9780618012718,11282
9780312282622,8669
9780374129859,1263
9781569471562,150
9780060958114,852
9780312966676,2840
9780312963231,2840
9780375709111,5435
9781558746923,2864
9780679441236,11857
9780345438812,9200
9780312198497,6839
9780553261943,4649
9780553261561,4649
9780553258127,4649
9780553252958,4649
9780553251302,4649
9780553247169,4649
9780553259445,5431
9780671682842,14954
9780671642570,14948
9780671656577,14954
9780671640453,609
9780440202554,13041
9780440202516,13041
9780060090388,9701
9780425135020,7494
9780425135020,7259
9780871138194,1863
9780061030048,13606
9780061030048,2469
9780061030048,840
9780446600453,6385
9780553278248,7509
9780553211764,2194
9780451403759,11440
9780553107241,3485
9780517574980,15359
9780836221442,1855
9780836221442,1943
9780312861230,3881
9780399142406,11169
9780684872704,3799
9780684872704,9111
9780310231875,3279
9780310231875,5336
9780684871264,6800
9780451188489,6800
9780970816306,11122
9780312063573,13041
9780070064515,4426
9780385499828,5590
9780722536308,9884
9780836270327,1875
9780836270327,11279
9781560438489,3285
9781560438489,6195
9781565075313,10622
9780385315722,11773
9780761517047,10738
9780739400616,3013
9781558746626,6137
9781558746626,9900
9781558744592,6137
9781558744592,9900
9781558744592,5477
9781558744592,10259
9780670032372,14110
9780425186329,11460
9780446610674,3327
9780440224594,9454
9780553066685,12556
9780739417997,10085
9780670878840,6223
9780688160340,6003
9780060193751,11440
9780446516952,8465
9780375412332,4098
9780553288100,6020
9780586025949,6020
9780586062005,6020
9780553269819,3044
9780946626823,11230
9780946626823,3758
9780375755361,430
9780375755361,285
9781869414368,13844
9780684818443,6146
9780890876510,13215
9780380766550,8180
9780310217602,14455
9780803289062,11224
9780803289062,4045
9780803289062,5360
9780805401721,7313
9780708942000,13644
9780310243885,6405
9780764220333,8517
9780380812066,7768
9780890876787,13403
9780836246049,10058
9780805210286,4088
9780062512239,12673
9780803298187,5408
9780803298187,6076
9780803298187,4890
9780821774625,4564
9780140149906,1984
9780385334068,7482
9780399149832,5042
9780743230193,11364
9780679767183,3105
9780060925581,3080
9780375701771,14624
9780380714643,297
9780380714643,7254
9780765305565,11628
9780811831628,11075
9780886776435,10326
9780886776435,8618
9780553564938,12238
9780743422932,9940
9780345338716,3077
9780345338716,8829
9780435909598,13465
9780385413015,15457
9780345403957,3077
9780345403957,8829
9780553285246,12238
9780394178639,9672
9780380718832,7301
9789974560000,12165
9780679740070,12235
9780786648283,10824
9780786648283,153
9780679727125,662
9780156400572,519
9780140309591,1032
9780140309591,4590
9780451205230,9934
9780804120029,2313
9780449909430,8645
9780802137951,6095
9780684822655,6554
9780385476409,5117
9781580291026,7005
9781580291026,6333
9781580291026,12310
9780316896580,11087
9780156005142,2894
9780441005604,2744
9780345371638,14396
9780380789832,12238
9780689860065,800
9780937295359,14973
9781562475352,14973
9781562475352,6733
9780937295410,14973
9781562470074,14973
9780451524386,15462
9780451524386,7639
9780805066128,13172
9780688171636,13299
9780553569155,6923
9780316735117,9258
9780060520823,1936
9780671517328,9042
9780316785648,7150
9780899193847,5377
9780425169872,6593
9780812966978,7459
9780812966978,9220
9780679742456,8133
9780375506123,10092
9781573061421,6911
9780879052652,12817
9780879052652,6416
9780688177027,5875
9781558612204,7692
9781558612204,10078
9780684872735,14930
9780393316582,12276
9780449911433,948
9780804117685,6536
9780836217018,4927
9780140447958,10681
9780140447958,11596
9780446600668,1891
9780399236266,567
9781573220484,258
9780375757433,5235
9780880707237,6786
9780385491037,9595
9780380727940,922
9780374527075,6252
9780801855573,12068
9780374134662,10430
9780679772934,605
9780312194406,1478
9780064431293,15414
9780064431293,15414
9780684808949,1252
9780380814114,1547
9781580172462,13438
9780446677387,6385
9780679762102,12414
9780312315603,7154
9780811214209,14946
9780811214209,11884
9780553072457,10973
9780060914448,7401
9780385498050,5916
9780399518232,5887
9780399518232,3912
9780679749516,3165
9780761513117,3054
9780679731948,673
9780679745327,6640
9787119020419,15623
9780130866172,4380
9780130866172,5101
9780130866172,5104
9780929701363,6247
9780679754442,2858
9780671028503,14141
9780671047429,8461
9780385313155,2597
9780451202116,4965
9780451202116,2927
9780595270590,7298
9780345390011,9564
9780449221433,6256
9780140186833,6337
9780140186833,13448
9780140186833,13448
9780060929855,14639
9780380792474,6113
9780670839803,14476
9780679426615,9962
9780471349976,2749
9780679769422,3589
9780449905425,7045
9780152022341,7638
9780816752089,10674
9780816752089,6618
9780001714601,12766
9780395906958,5401
9780689831805,13852
9780689831805,12289
9780880016629,9102
9780758201881,11642
9780873492867,1435
9780873492867,15263
9780688167240,9166
9781580083980,9142
9781864503159,2848
9780688167806,459
9780688067700,3885
9780446528597,599
9780140275018,9865
9781855856622,1543
9781855856622,11118
9780140109597,3146
9780520206731,2052
9780880015943,1568
9780394741185,6640
9781566198790,9898
9780060002091,10686
9780807083178,13183
9780679722182,4606
9781896891064,6696
9780380898879,385
9780345404534,3878
9781562827960,922
9781567313734,15023
9780312022594,4260
9780762723744,10848
9780684833842,13793
9780805056082,13516
9780374153243,1845
9780786863952,4973
9781858288697,9964
9781858288697,6159
9780684857022,13771
9780440403791,13437
9780517220122,12963
9780805067927,2668
9780449907566,943
9780878575107,3000
9781877988240,9057
9781877988240,8672
9780785799528,818
9780877017882,11075
9780446604109,9566
9780440222026,13175
9780316199643,14817
9781556522468,4244
9780525485087,4190
9780525485087,10481
9780525485087,3759
9781558748866,6137
9781558748866,9900
9781558748866,9794
9781558748866,2526
9781573223423,792
9780679753766,14237
9780060081966,1547
9780486200705,7985
9780553096064,6923
9780813525761,12843
9780380730209,4180
9780451403803,15277
9780312290887,11684
9780679404866,3000
9780062507587,14219
9780449210505,6256
9780316816885,9102
9780931122569,10336
9780312187682,8773
9780312187682,10903
9780399519789,5899
9780060958299,1307
9780684827100,48
9780609803875,13587
9781882413768,13591
9780871133748,12235
9780871133748,14486
9780805068016,9671
9780671793579,719
9780375750526,4507
9780802133991,2828
9780609605165,14026
9780316197472,5648
9780140122060,11773
9781555835828,15233
9780140133486,15168
9780930773281,12674
9780671729479,14954
9780590865425,10563
9780771021824,8873
9780156814164,51
9780912310787,95
9780912310787,4457
9780452276758,2123
9780676904956,4603
9780676904956,5154
9780676904956,10580
9780028606736,12170
9780028606736,8074
9780970038708,6441
9780970038708,532
9780970038708,13435
9780970038708,7767
9780140248920,9779
9780767900348,8657
9780345385765,7397
9780060976996,12985
9780679740773,2821
9780525946427,5505
9780140147292,12879
9780553255287,3792
9780688168247,351
9780684830926,7927
9780714530604,11129
9780714530604,14759
9780151489268,1019
9780151489268,9613
9780156701600,15098
9780385133449,14761
9780345318145,14173
9780440127062,8846
9780312198640,7233
9780804113625,9971
9780963608895,8268
9780963608895,9289
9780963608895,5619
9780590428835,1211
9780060932381,10686
9780380718436,6113
9780836218510,4927
9780395744413,10039
9780385484275,7814
9780684848297,7387
9780684848297,10972
9780373243792,11169
9780395528150,12651
9781559240055,7469
9780345346490,2627
9780385319409,12569
9780060096779,10937
9781569470558,14112
9780671892678,13298
9780836211498,4927
9780330294003,1643
9780961655327,417
9780961655327,1759
9780679759263,9890
9780393900408,1261
9780393900408,12936
9780688177904,9379
9780140064834,333
9780345336712,209
9780345440129,9714
9780679755562,12374
9780679783572,643
9780553380675,12578
9781885061782,975
9780679727255,15111
9780679727279,15111
9780312284251,2547
9780962054365,5640
9780962054365,3471
9780670031542,15477
9780399145674,3000
9781864501933,7883
9781864501933,7384
9780060976774,5904
9780140280456,11217
9780385499347,14593
9780385334938,12569
9780688163761,7736
9781860469343,5450
9780679742401,12572
9780912365305,1952
9780295962191,9596
9780295962191,4586
9780345419088,8156
9780671663148,2046
9780156004640,8750
9781568331867,7229
9780375704246,662
9780452282544,8817
9780836221817,2517
9780679432470,12496
9780736900645,10317
9780345390448,9962
9780804109796,9971
9780060168605,13136
9780140131604,4896
9780679735465,9890
9780940242739,11747
9781588370013,4185
9780517595756,3000
9780609602331,4408
9780679462989,14202
9780517595534,10152
9780440208679,13733
9780964303553,277
9780684801230,3950
9780679734581,9956
9780679422587,14239
9780767902021,14685
9780156006194,9607
9780375724848,13175
9780385720403,8534
9780385720403,6826
9780312143831,8136
9780452279070,3851
9780553582802,1269
9780425137475,10068
9780425137475,13175
9780425137475,13352
9780425137475,7062
9780451407269,7082
9780060198138,7129
9780030640070,2726
9780345310798,9962
9780446391719,14590
9780380775149,9535
9780060924119,844
9780449912782,9200
9780375501555,2052
9780670892747,10082
9780449216248,6983
9780316313070,4227
9780345384232,8778
9780156007818,10841
9781550171631,14763
9781550171631,5352
9780393311037,13911
9780684849133,11327
9780060928414,10686
9780140097115,12863
9780156006347,8174
9780140119794,4536
9781573220286,8194
9780880014854,9690
9780452281202,2123
9780671885335,6536
9781571430144,12947
9781571430144,9676
9781571430144,10110
9781571430144,6132
9780140040180,1845
9780330305334,14369
9780843133806,10009
9780671644079,4088
9780553110432,1432
9780345366764,7370
9780812217261,2966
9780451525116,896
9780451525116,685
9780451525116,4435
9780671640484,6146
9780140284621,11319
9780140030396,11319
9780394716312,9402
9780843733754,11149
9780449209103,2163
9780679743835,12719
9781404306783,2486
9780140011722,11307
9780140011722,5976
9780449908747,6536
9780915230150,9919
9780618127047,10744
9781563051159,6754
9780060972127,10392
9780671754624,12924
9780394741710,1845
9780452261846,354
9780449910573,818
9780671242954,6146
9780449214374,2052
9780553148923,14783
9780393048148,14847
9780140046861,8771
9780671254308,1149
9780679456940,4092
9780375400650,7626
9780312252809,12143
9780786889082,12561
9780452268425,471
9780452268425,11496
9780060970789,3351
9780671881603,4092
9780375501951,13174
9780811202206,14430
9780446677929,7180
9781568360263,11797
9780767900058,6907
9780767900058,9199
9780312192037,9011
9780316299237,5344
9781842152133,13253
9781567180893,12234
9780877286868,241
9780877283478,241
9780743437806,6800
9780771099946,9939
9780771099946,3031
9780743410595,8047
9780316890649,9918
9780440224013,6348
9780786012671,12554
9780751532869,13296
9780349114026,6495
9780552997805,6985
9780566074189,4107
9780566074189,6778
9780140250404,1173
9780340826072,12213
9780753804544,15313
9780722176085,13416
9780006372578,9583
9780330293792,3504
9780340609774,13019
9780751511932,9654
9780962500633,2655
9780962500633,8748
9780951980422,3111
9780140071818,11660
9780552996198,8094
9781857021035,1893
9780143028123,3530
9780143028123,8469
9780143028123,9388
9780345460394,3261
9780553566062,15384
9780694016440,76
9780345433329,7495
9780385509435,3474
9780671519865,14551
9780375811722,9641
9780375811722,3582
9780786015771,13979
9780786880119,6348
9780688174590,8067
9780525947301,457
9780525947134,12999
9780743229067,13045
9780316102124,11388
9780312192426,10198
9780440220442,5506
9780440222705,5506
9780440222682,5506
9780440220459,5506
9780753700891,11113
9780060509408,6847
9781578566365,8914
9780743448673,719
9780060560751,8444
9780451211200,7128
9780849939372,8245
9781892065445,1339
9780330487948,2596
9780312252342,6503
9781583143209,14442
9780060595623,2002
9780312209513,8250
9780312284688,6839
9780060595838,13980
9780345278661,3974
9780380800377,1836
9780373440085,2060
9780385319348,11108
9780743229586,6709
9780451160430,719
9780743454513,7144
9780375413889,8699
9780515126778,11169
9780060086381,3725
9780767903851,1427
9780446521505,1675
9780446521505,13394
9780451407481,12514
9780060393144,5007
9781899712182,8585
9780316317719,4227
9781902852423,11794
9780345367082,8937
9780425137499,2886
9780671042691,2046
9780671042691,6472
9780394882697,12501
9780590456609,702
9780590425018,702
9780590424974,702
9780590437202,702
9780590435123,702
9780590401388,7467
9780590438995,702
9780140548136,10327
9780060093419,10142
9780590880145,1987
9780689840425,843
9780689840425,9880
9780689841934,14008
9780689841934,2618
9780380491711,11730
9780590442992,702
9780750012706,6674
9780396077893,2903
9780590420075,702
9780590433464,4627
9780743423564,11471
9781889186412,4004
9781889186412,11530
9780451211187,12131
9780451206350,14391
9780312850517,12192
9780312269371,2022
9780425129555,15302
9780060565510,8719
9781400060924,11882
9780843951714,6257
9780399151279,6996
9780316570824,15208
9780843951578,13687
9780743412766,14233
9780060199104,2410
9780451205759,6944
9780385334372,9032
9780972915717,15539
9780972915717,4004
9780312983833,10075
9781557736154,6164
9780399151804,7494
9780061032219,9824
9780451211194,6944
9780812968149,4125
9781401300180,9879
9781840680058,10200
9781892950130,4004
9781892950130,4414
9781887368698,6164
9781887368698,4004
9780312286446,1516
9780345445728,793
9780843953275,6342
9780843951776,3749
9780553298185,15501
9780553298918,12222
9780970998712,3270
9780553106664,3266
9780385335522,2953
9780385335492,2953
9780758205513,9191
9780758205513,6542
9780758205513,10949
9780553801439,3266
9780066212999,9824
9781402201479,10498
9780425145661,6164
9780312289515,3664
9780786014552,6127
9780843952193,13924
9780843953299,4906
9780843951820,12448
9780843952575,13472
9780743242547,1099
9781592861859,8408
9781892950123,9298
9780553382525,8762
9780553573695,6493
9780373245987,7840
9781551662602,3278
9780972930932,15539
9780972930932,10788
9781887368353,6164
9781887368353,10999
9781587670671,6164
9780312272753,8688
9780843950403,6164
9780843950465,12448
9780451194008,5979
9780679753360,605
9780843952032,4004
9780743453462,8047
9780679735779,1643
9780843951035,12448
9780671014186,7768
9780345447838,14487
9780345439000,4461
9780843951530,1290
9780843951530,3749
9780843951530,2474
9780765345080,12464
9781551669731,3278
9780843951813,12448
9780140620221,6482
9781894815352,10788
9780373230112,14397
9780373230112,469
9781889186382,4004
9781889186382,4201
9781887368568,6164
9781887368568,10999
9781892950611,6164
9781892950611,10999
9780385336307,2953
9780399151729,11578
9780399151729,11516
9780671738761,3167
9780892967261,11051
9780679410553,3167
9780373785070,5467
9780786015573,14353
9781551667201,13638
9780843946901,12448
9780671886110,9954
9780679410560,3167
9781551669670,13526
9780843948509,12448
9780373250301,8713
9780373218974,11169
9780743445597,8768
9780373245642,15056
9780440224815,2953
9781551667409,13526
9780446602150,1112
9780156027120,8670
9780679412922,12632
9780373218967,11169
9781551664163,13526
9780373239962,11169
9780440170792,2953
9780767902236,7787
9780670844524,13916
9780380731473,8212
9780843952759,578
9780743223126,7702
9780843951950,14681
9780061097744,8119
9780451410962,14406
9780743474108,2953
9780312984618,1911
9780486271651,9966
9780312253073,2033
9780811823555,670
9780060534295,15170
9780345439246,2680
9780446360715,13303
9780345439154,7115
9780310207078,14455
9780786868131,2496
9780312988241,8283
9780812568721,12192
9780553582949,3266
9780425181928,14982
9780425181928,6805
9780671744694,2220
9780446519533,12112
9780553578249,8762
9780743412667,15601
9780380820498,11875
9781587670121,12448
9781587670343,12448
9780373834365,3278
9780743219341,11737
9780553123906,6811
9780312131500,12448
9780345396068,9181
9780881848588,13912
9780881848588,12192
9780553089202,7596
9780553074741,7495
9780553100334,7650
9780671743062,12801
9780671521707,15510
9780679419853,13442
9780312058111,12195
9780312058111,15399
9780312058111,9759
9780679402114,15369
9780891076186,4698
9780553089196,7596
9780688088682,7722
9780679425250,3266
9780312968076,1911
9780671000424,10068
9780553291001,7795
9780525939573,7788
9780786710829,5215
9780525940456,7733
9780802139283,7391
9780743446259,7722
9780451207876,6944
9780446531511,11051
9780060001339,6852
9780060286880,12132
9780060531065,7733
9780385299084,2953
9780425140031,3266
9780684829920,7013
9780060196578,6881
9780451202826,6944
9780553279986,7504
9780553279986,2737
9780688153335,3404
9780345422781,753
9780385497367,4281
9780345383822,9519
9781879402294,13417
9781879402294,69
9780553213522,4804
9780553213522,2689
9780553213522,788
9780062509581,6250
9780062509581,2633
9780062509581,7449
9781855013599,15462
9780151006267,10587
9780345350688,9494
9780345350688,259
9780345350688,1035
9780020631507,9745
9780441644858,3927
9780440234852,7594
9780441468720,3927
9780345374059,3927
9780345427991,9525
9780451451538,7508
9780446608480,12590
9780553024241,10398
9780439380744,9863
9780439379892,9863
9780684833729,9863
9780823026906,2477
9780590603799,13777
9780590603799,6451
9780195283914,3627
9780553056143,10115
9780879733438,7089
9780879733438,6371
9780590437745,13374
9780590437745,1747
9780060097820,7323
9780060097820,12571
9780140177992,10388
9781553373407,8427
9781553373407,11764
9780689831935,15112
9780689831935,15112
9780375802973,10118
9780375802973,15322
9780375802973,13239
9780395440902,3501
9780395440902,427
9780394805665,13777
9780394805665,6451
9780689823213,5614
9780689823213,6540
9780689823213,12949
9780439625609,12203
9780689831782,8989
9780689831782,12290
9780696209062,10058
9780345335081,800
9780399146855,512
9780590672979,15088
9780553370225,4242
9780789429629,9495
9780789429629,8804
9780894809934,5982
9780894809934,11639
9780590403726,4233
9780590403726,12525
9780064400480,3843
9780064400480,3991
9780064441070,10987
9780064441070,967
9780553256055,4672
9780553256055,4439
9780440228950,15608
9780452264038,4151
9781561381906,8343
9780842359245,6277
9780448095127,2046
9780448095103,2046
9780440417941,1405
9780440417941,11644
9780394800028,3805
9780394800028,14523
9780312491673,12946
9781579121488,12762
9781579121488,12833
9781579121488,10330
9780816713172,11422
9780064462082,6964
9780767915441,548
9781931484190,9901
9781931484190,1790
9780140469714,7039
9780940319004,13151
9780698119482,14800
9780698119482,14800
9780399234965,14800
9780399234965,14800
9780399232466,14800
9780060284770,6021
9780060284770,10226
9780689844072,4627
9780689844072,10889
9780060278229,6852
9780689831287,9632
9780689831287,12326
9780590386333,6925
9780786817573,1469
9780786817573,5905
9780590425827,4233
9780590425827,1343
9780425187012,3059
9780785258445,10971
9780553272505,4672
9780553272505,4439
9780395549704,4405
9780395881569,8010
9780316454315,3653
9780840758637,1048
9780312277352,3807
9781885593153,1057
9781885593153,11635
9780913589724,293
9780156806794,14602
9781584850380,7019
9780590623520,10118
9781889209029,8004
9781561384389,10955
9781561384389,10911
9781561384389,9186
9780942237122,8840
9780942237085,3968
9781564767370,10827
9781564767370,10828
9781564767370,10829
9780812043655,1797
9780812043655,10854
9780844283739,4799
9780844283463,12577
9780812046434,1934
9780812046434,11156
9780517590669,5786
9780517590676,5786
9780679889335,10132
9780819310439,12836
9781551050904,5921
9780312291457,1728
9781565123083,4448
9781575724102,5168
9780688177485,5168
9780881661774,11757
9780881661774,4457
9781562313012,1699
9780679989561,13777
9780679989561,6451
9780764800580,1507
9780385029032,7236
9780451525260,15035
9780451525260,8806
9780451525260,11196
9780760734049,3861
9781888992045,5712
9780517562895,12683
9780517562895,4994
9780805063332,4978
9780819830999,5200
9780819830999,5201
9780819830999,892
9781931709309,1274
9780963903204,6424
9780898706789,10404
9780689829505,631
9780689829505,6827
9781851825929,3129
9780898706604,8652
9780898704365,1274
9780590414487,1298
9780971412934,14234
9780971412934,11563
9780971412934,6648
9780971412934,13506
9780439141345,10118
9780439141345,14886
9780842373623,10280
9780842373623,8316
9781932645422,14739
9781932645422,9556
9781932645422,10195
9781932645422,9817
9780786818594,7608
9780553381078,7107
9780898707601,5760
9781570642388,12075
9780809256853,8847
9780789434135,11964
9780805068429,14226
9780805068429,4001
9780671882532,4159
9781569552926,8451
9781569552926,13432
9780373123544,13357
9780829411737,2435
9780829411737,12005
9780898705690,3066
9780879736736,1800
9780892837564,10747
9780879735777,13015
9781928832188,11533
9780964261082,11534
9780964261082,4607
9780312134518,13041
9781576581452,4982
9781576581452,6549
9780439236393,709
9780439236393,14866
9780385319805,1250
9780618159789,1234
9780740718663,8923
9780740718663,719
9780445408517,9566
9780140350142,5426
9780140350142,11610
9780553271713,9697
9780060163402,6157
9780060163402,8768
9780060163402,13360
9780060163402,14820
9780671730765,2046
9780671730703,2046
9780671730710,2046
9780553241341,9228
9780553212297,5031
9780553210606,4485
9780553210606,10817
9780553210606,10817
9780553210606,7439
9780385418959,14350
9780395346358,2242
9780395346358,4568
9780871932143,9686
9780871932143,12727
9780871932143,11523
9780451521699,12037
9780451521699,12355
9780380722655,10365
9780316150460,9260
9780316150460,1116
9780822210948,14430
9780822210948,14430
9780140436495,2194
9780140436495,11455
9780553126129,15079
9780553126129,9507
9780451526786,15462
9780553212815,15462
9780553212815,3038
9780553212815,3209
9780819310392,12774
9780553578577,13371
9780345360359,13530
9780312989743,9697
9780816714636,2194
9780590934893,12132
9780307016270,5246
9780440464853,40
9780590262170,11380
9780590262170,3365
9780590847742,12112
9780064401869,11595
9780064401869,7375
9780064401869,574
9780020868309,1818
9780307302700,6559
9780307302700,11639
9780451410108,6771
9780394706481,5028
9780896380653,8188
9780896380653,10713
9781575668338,8919
9780590341509,10113
9780590341509,1341
9780590341509,7170
9780449221051,4513
9780449212592,4513
9780449214992,4513
9780684808123,6308
9780840796561,6466
9780750926379,12245
9780804101165,10808
9780821748725,2673
9780445407541,13075
9780446602808,4499
9781575666273,13570
9780553573008,14143
9780515087123,8964
9780671700355,2046
9780380798568,4189
9781575663302,8897
9781575663302,8919
9781590600764,5836
9781590600764,93
9780895269164,12048
9780671730697,2046
9780671700379,2046
9780060915650,5543
9780061043635,3718
9780965608640,14289
9781575662190,8919
9780449213322,9645
9780446314886,9645
9780449001721,9645
9780345394385,6771
9780345389480,6771
9780671721091,800
9780671721091,9597
9780671721091,13898
9780385424066,15050
9780449006702,3714
9780452263307,4615
9780932194541,7248
9780030628825,8852
9780380793471,8114
9780380793471,9416
9780517093580,15462
9780517093580,1397
9780425165690,4293
9780939149223,11050
9780939149223,2423
9780671509811,15462
9780671509811,9219
9780671509811,15080
9780671661595,15535
9780399136139,374
9780671435240,7696
9780786880379,13018
9780786880379,8113
9780674445444,1954
9780517597989,3010
9780312966195,6325
9781579830021,11876
9780449212233,4262
9780446522892,1559
9780316769518,6066
9780523413921,1817
9780831400880,8895
9780375701214,6721
9780375701214,6887
9780449239049,12363
9780515119527,3504
9780553345742,5100
9780380008971,3717
9780916392390,14467
9780449205457,6952
9780930330033,1184
9780394724553,804
9780394562728,8133
9780684847511,7696
9780140063318,7448
9780345298737,800
9780345298737,10578
9780061043499,3718
9780345370761,3287
9780590763561,10618
9780590763561,8677
9780061099816,4426
9781575665672,10123
9780679742296,11454
9780380807222,2043
9780802733672,6757
9780307103802,15172
9780345343246,7082
9780345327772,13352
9781557734532,6212
9780515060713,11045
9780345300782,3077
9780345300799,3077
9780446602747,4226
9780446602747,13597
9781853262005,4805
9780312960742,9214
9780786881628,7362
9780881763003,13565
9780671730505,2046
9780671730543,2046
9780449205327,9783
9781575663746,8763
9780595217359,950
9780595217359,10873
9780396036616,4624
9780345377449,2572
9780449209370,4426
9780816704583,4335
9780816704583,1184
9780448095028,2046
9780448095035,2046
9780448095035,10688
9780448095066,2046
9780448095196,2046
9780448095233,2046
9780448095233,13139
9780448095240,2046
9780448095226,2046
9781576736791,12206
9780553210415,15079
9780553210415,424
9780671223663,7825
9780590494489,12112
9781569870259,3479
9780380793662,782
9780553291957,3709
9780806519333,616
9780761504375,10919
9780761504375,8446
9780393048131,10491
9780440459514,1351
9780449149560,3714
9780553156751,1353
9780812536331,11999
9780812536331,6242
9780448095219,2046
9780448095202,2046
9780380801497,782
9780671722180,3778
9780590866330,11380
9780590866330,3365
9780590866330,2518
9780671034375,1906
9780716765141,3615
9780716765141,11458
9780716765141,11457
9780670445806,9300
9780439060431,9076
9780307100825,6940
9780307100825,1050
9780789405784,3542
9780679819776,12332
9780345370297,7007
9780590444309,10700
9780590444309,6840
9780395743423,12253
9780590275231,15068
9780307101990,5246
9780590333191,5705
9780026885522,12767
9780026885522,8330
9780891914921,4277
9780891914921,6492
9780140178418,10884
9780671649173,2046
9780553264845,12127
9780445402294,4189
9781575663920,8919
9780393308808,6701
9780449239797,15050
9780671006617,7542
9780553074932,3709
9780312862084,7586
9780394416458,7397
9780671727680,15462
9780451149930,9783
9780380809387,782
9780140311648,1032
9780061098130,8554
9780440473510,1405
9780590447744,8355
9780446361040,10916
9780446361040,11890
9780440495550,8355
9780373264018,14433
9780373264018,2742
9780373264018,1420
9780373264018,8797
9780373264018,15270
9780373264018,13420
9780373264018,137
9780671047344,15066
9780380709540,1405
9780380709540,14858
9780440454113,1405
9780930328788,4603
9781556380808,8783
9780380006458,5347
9780441002696,4118
9780441873371,2502
9780451525307,3925
9780451525307,7363
9780553240832,2086
9780345274564,2502
9780425179185,10896
9780425185247,10896
9780425182727,10896
9780743410069,566
9780451198471,8768
9780590448338,708
9780440442073,12744
9780553152012,12127
9780590482943,5072
9780590443609,4318
9780445085459,2662
9780590407250,1211
9780553485134,3607
9780553157246,3607
9780805000733,4813
9780671730734,2046
9780312203030,6554
9780440422259,15608
9780440422259,445
9780060937799,12507
9780446608275,6625
9780446608275,6812
9780449223550,7825
9780933488328,895
9780897330855,3833
9780897330534,3856
9780897330534,1013
9780897330534,10034
9780380794065,13530
9780380794065,4150
9780061007354,6802
9780812531169,12040
9780425140987,14235
9780425154052,14235
9780425128480,5452
9780060524937,8799
9780812576078,585
9780062502971,4681
9780062502971,6556
9780062502971,4018
9780440159414,7081
9780671450496,4323
9780812541526,2502
9780425188859,14143
9780756400989,9971
9780756400989,14017
9780756400989,800
9780440840954,10969
9780425180044,4293
9780345374561,9934
9780140367683,5048
9780440430902,4970
9780380815630,10048
9780060953676,9193
9780553153279,8578
9780140088120,13877
9780802115164,1093
9780312201654,3543
9780451519160,6482
9780671730727,2046
9780603550621,4338
9780312207663,9395
9780679844075,1152
9780679844075,3381
9780064410724,5346
9780380815609,9378
9780440204732,1937
9780553258912,3550
9780553271959,10847
9780553271959,13737
9780553157239,3607
9780553157253,3607
9780553157352,3607
9780553147964,4943
9780553268126,6325
9780345448828,6817
9780449237854,4426
9780899197210,4506
9780899197210,3594
9780440486596,7832
9780440495710,40
9780380705672,12956
9780380705672,8795
9780446400404,57
9780671455286,4323
9780553157345,3607
9781860421013,3675
9781860421013,6617
9780590431392,12112
9780671738662,12112
9780451110640,6016
9780374253530,12675
9780006386360,13177
9780671456863,6802
9780836228991,13423
9780345275301,7919
9780393025613,7233
9780849942198,9190
9780849942198,635
9780583300650,4338
9780583300582,4338
9780583300353,4338
9780583300346,4338
9780583300339,4338
9780583300322,4338
9781573225311,2168
9780671620196,2401
9780449219461,14102
9780929638294,2338
9780440405153,11505
9780440441090,11184
9780440154136,5732
9780440154136,6660
9780441006366,2502
9780440420323,14308
9780451523556,9898
9780451523556,5031
9780449217948,4513
9780449007136,15490
9780440237044,3302
9780449907153,9609
9780679741664,4434
9780575400047,6952
9780836236682,13423
9780836210262,13423
9780809233472,13201
9781580170956,3678
9780345431059,3976
9780345458308,8686
9780929523286,7784
9780879850210,3889
9780394725802,12002
9780848714383,6714
9780848714383,9064
9780670031054,671
9780670032075,671
9781575667348,8919
9781575666853,8919
9780449200810,10131
9780671443351,12456
9780671443351,4634
9780590494458,12112
9780590294041,4646
9780590294041,13418
9780762410859,6867
9780312911911,14716
9780671438197,4323
9780553247824,11568
9780553251968,9513
9780553253627,11503
9780743200325,3193
9780590537735,11730
9780590537735,9365
9780679883616,3506
9780440475330,8106
9780689831409,8355
9780689831409,14144
9780064431781,10226
9780064431781,10226
9780486247793,8555
9780590316576,3307
9780590484459,1069
9780590447430,13918
9780195003642,12048
9780195003642,4528
9780316784979,6178
9780449221778,15050
9780449242629,2232
9780553096033,12578
9780553288476,2040
9780140340242,13121
9780812504484,12768
9780840741394,14607
9780842346115,5471
9780380717835,3329
9780061093654,6802
9780425104064,124
9780679761808,4615
9780590454414,709
9780590454414,14866
9780064401517,1383
9780064401517,5775
9780345255587,15468
9780140280463,13165
9780671722753,15462
9780449146866,2286
9780061054006,14932
9780802730947,8354
9780446404037,56
9780380709472,4425
9780380709472,9
9780449214565,11836
9780345358035,14173
9780449213353,6256
9780553225655,8709
9780553111507,3232
9780879237844,4620
9780879237844,7912
9780553213201,3950
9780385474900,15454
9780385474900,10383
9780770420840,4541
9780553282160,2522
9780553282160,2229
9780553154405,7031
9780380001415,2110
9780679766766,2559
9780310218036,1468
9780452283732,456
9780385506687,8982
9780821744529,13958
9780553569360,6500
9780688179441,11880
9780688179441,11880
9780380006281,3543
9780440447689,9239
9780671727185,15462
9780440760757,1405
9780451141088,12875
9780307215871,8215
9780671415082,14948
9780553282986,10866
9780440383147,14154
9780060912598,2197
9780385315548,2021
9780373833863,1387
9780345356536,13530
9780380731633,56
9780590944731,13777
9780590944731,6451
9780895774811,14047
9780895774811,14255
9780590426916,9889
9780060507770,14477
9780060507770,11620
9780842335935,3757
9780449149980,13530
9780449223451,6256
9780449238608,6256
9780316364515,1450
9780828891592,13665
9780451518514,15462
9780515121742,9357
9780515121742,2075
9780515121742,4126
9780515121742,6654
9780345326218,15096
9780345428301,13883
9780345307590,1596
9780449238042,6256
9780449238523,6256
9780553212983,15462
9780553212983,3038
9780553212983,3209
9780312421038,9671
9780446363273,6004
9781575661087,8763
9781575663562,8763
9780375712999,11282
9780375712999,14576
9781575664996,8919
9780393313932,12476
9780393313932,2504
9780345336002,12040
9780345282286,8555
9780345282286,7477
9780312963965,13722
9780380709243,1405
9780380709243,14858
9780671897864,6193
9780671897864,7807
9780064400466,10124
9780312978655,6500
9780312925581,6325
9780380603923,5527
9780425152898,7494
9780671729424,14954
9780316850957,14131
9780451521262,15462
9780451521262,12617
9780446352475,10640
9780061030598,9100
9780394588728,7824
9780761109198,3719
9780761109198,12146
9780449235638,3714
9780671497590,7697
9780140432787,7709
9780140432787,11403
9781575663708,8919
9780394717746,2995
9780345314482,800
9780553234596,800
9780440986317,11675
9780345331908,15490
9780553275223,14581
9780380423903,4149
9780881843903,10928
9780671534646,7026
9780060974442,11503
9780060974435,11503
9780345341679,800
9780553211283,9898
9780553211283,320
9780553242959,8578
9780688040338,1104
9780786885053,13984
9780449149584,14975
9780440404071,12000
9780440422990,1405
9780440432951,1405
9780307215598,8215
9780440201328,11897
9780440201328,11603
9780451186799,6895
9780440772101,1405
9780440472414,1405
9780440406655,1405
9780440968955,11675
9780590433563,3265
9780380978953,14477
9780140568127,6465
9780140568127,14806
9780380706495,9378
9780837885049,2606
9780380759484,12040
9780380793259,2043
9780399139147,7494
9780345337481,12040
9780898657517,12868
9780898657517,491
9780898657517,801
9780393001662,13288
9780393001662,15458
9780345318862,12040
9780345311078,12040
9780345313218,12040
9780345317711,12040
9780345327864,800
9780345327864,10578
9780553250671,11503
9780553252545,12335
9780812510997,800
9780671540883,14630
9780671540883,7643
9780449001615,8921
9780553294224,9697
9780425101087,15132
9780345304568,12040
9780345335098,12040
9780802725226,26
9780671473204,1567
9780890810156,3561
9780446370127,11347
9780446370127,11725
9780553225099,10756
9780896226623,10510
9780961551445,11671
9780425114513,7187
9780425114513,11488
9780446360081,9697
9780307122230,4970
9780307122230,10492
9780879058166,10678
9780671038861,11724
9780609601006,3550
9780805058666,385
9780399143939,3124
9780553094657,2040
9780517588451,3425
9780345354648,10398
9780312107932,4329
9780553294637,1325
9780449213438,9783
9780425132654,5452
9780061020643,14477
9780881380132,5651
9780553228410,6277
9780804111140,12684
9780060675189,7501
9780061056017,13641
9780060183134,1695
9780060183134,14727
9780712674522,10819
9780394846668,11088
9780380792030,3333
9780609608531,13175
9780316678100,669
9780448060194,9239
9780448060194,9227
9780449200551,15050
9780380636778,1367
9780380636778,13335
9780764150982,11092
9780060514693,10284
9781578591145,12234
9780812882773,5863
9780671416362,5525
9781578564279,3323
9780812516388,12192
9780590466776,11847
9780345375360,15369
9780892964260,997
9780892964260,9557
9780812932065,7165
9780812932065,15352
9780812932065,15472
9780140020847,5098
9780140020847,12189
9780919345171,14048
9781567184006,876
9780671741198,10068
9780345386137,12471
9780201489378,4544
9780201489378,13179
9781566890861,4222
9780373441532,9120
9780961696702,7408
9781566260275,1556
9781576734162,13255
9780312871888,585
9780595096756,15128
9780805237733,5526
9780878755394,7374
9780393322989,2491
9781857151336,15111
9780395083567,15329
9780425157183,7120
9780553578379,13834
9780684179964,4432
9780425171097,7120
9780449214428,808
9780345333759,7564
9780345350169,7564
9780380723621,11036
9781400031023,6856
9780345333728,7564
9780670910274,693
9780310978916,2463
9780671677398,10105
9780671677398,15009
9780671677398,2441
9780931674044,7159
9781887166492,9733
9781887166492,720
9780688065317,4865
9780345433268,808
9780866835022,8009
9780866835022,9946
9780807119563,15494
9780064640350,10111
9780446603652,1495
9780156004077,6638
9780486275635,5710
9780688032074,12773
9780446674935,11050
9780811200998,14602
9781577485032,1024
9780451176820,14002
9780140092844,5832
9780880297004,7282
9780865476004,4983
9781573241489,2669
9780866835046,5598
9780451200860,6939
9780446387873,10410
9780385301497,9454
9780385336765,3445
9780060956448,3974
9780060956448,3747
9780062502230,10722
9780966128802,1270
9780806982274,11657
9780806982274,10850
9780060185145,9100
9780805010275,13056
9780425184301,15061
9780345409041,7786
9780440110651,10068
9780553574708,13971
9780380732081,14974
9780385335126,9454
9780671016975,15420
9780449225660,808
9780373263936,8176
9780312093617,7588
9781586602956,14375
9781586602956,9028
9781586602956,2431
9780764563553,2994
9780764563553,2891
9781573229609,4444
9781573229609,10514
9780590452991,9787
9780590452991,14878
9780860209263,14830
9780452264519,10839
9780786869442,10206
9780786869442,4945
9780380819591,897
9781575667614,4564
9780877935636,12519
9780877935636,7885
9780684856070,13314
9780517597972,2120
9780671567712,8641
9780671537517,3294
9780718143510,3504
9780373441518,6989
9781551666211,13060
9780380710850,2662
9780140012668,5107
9780773752108,8343
9780441731541,6020
9780553204346,6325
9780201112153,2068
9780782122220,10201
9780782122220,2244
9780782122220,6283
9780782122237,6283
9780782122237,10201
9780782122237,2244
9780782122213,9075
9780345316578,178
9780770109042,12231
9780060139148,246
9780060139148,14612
9780345372321,10620
9780671769055,1210
9780670220267,13916
9780517422847,7397
9780671229429,1915
9780671230876,1915
9780671673239,1915
9780671492052,1915
9780671218584,1915
9780671502546,6013
9780380379781,5347
9780553566031,12770
9780425072721,4685
9780425071601,4685
9780517706893,10193
9780440107019,6017
9780812530735,12059
9780671655891,12712
9780451452733,981
9780451452733,13795
9780553569575,12770
9780671877415,6920
9780671877415,12964
9780553281798,12770
9780156729154,4469
9780440500308,1334
9780440500308,10126
9781400031252,14593
9780860917885,12562
9780860917885,4097
9780860917885,726
9780805210477,6732
9781931561167,809
9781573229531,9770
9781578194544,15602
9780684869490,8124
9780060937553,3688
9780805072778,3522
9780671224387,7290
9780805207453,14243
9780767904605,9848
9781560254508,1356
9781560254508,8129
9780812932171,9929
9780141802817,10985
9780141802817,13426
9780679732235,13873
9780679732235,12827
9780375417207,9226
9780375417207,13921
9780192815538,11271
9780192815538,6042
9780679735014,8957
9780875425924,4976
9780393087918,2331
9780252062827,6411
9780375420764,10675
9780877957218,10216
9780802139917,1093
9780802139917,10414
9780738205700,15143
9780743222242,5783
9780971156906,7432
9780804106436,405
9780395519462,4676
9780452270251,4993
9780452270251,1631
9780452270251,14706
9780449219409,9645
9780934211475,64
9780385491235,3255
9780156027458,5821
9780694523504,14823
9780694523504,2910
9780446691796,11070
9781883642433,3253
9781883642433,14686
9780140086416,5284
9780961035266,11018
9780961035266,4972
9780452283909,8167
9780060952655,10623
9780449006580,271
9781857995978,4343
9781585670222,12530
9780743206372,4945
9780814402863,3271
9780671526061,15510
9780446671309,1845
9780385471671,11438
9780060913984,11697
9780874411034,10708
9780874411034,2163
9780345434470,12655
9780446610780,14231
9781575667263,4810
9781551669410,2287
9781400047949,6356
9781400047949,12508
9780451205445,13386
9780877142911,14342
9780452284296,732
9780425190746,8655
9780060517212,4057
9780060548216,7134
9780451197559,14370
9781591840213,13477
9780743442657,5119
9780345434135,13431
9780821768457,14132
9781575664798,4810
9780312970758,1924
9781575667225,7127
9781575667218,7127
9780739302217,7352
9780739302217,3393
9780380819188,14132
9780373709205,9029
9780373243143,1860
9780380816835,11553
9780373708512,1809
9780425184318,2587
9780380814398,12144
9780312978723,7920
9780380793808,8201
9781551666181,6839
9780743219334,11737
9780373708666,6599
9780373708406,12280
9780671786601,8047
9780446609180,8091
9780373441556,6211
9780505524225,14880
9780747266396,7689
9780553578751,4298
9780380782345,14151
9780373166121,7835
9780373195411,14446
9780373291021,10037
9780849935367,12269
9780373169047,8204
9780373441563,6842
9780373441563,1115
9780373825417,9135
9780671039356,9940
9781890768034,267
9780312966362,15288
9780312956431,15379
9780671526672,917
9780671731861,6378
9780821771174,8091
9780373166800,15506
9780373707058,9468
9780312971373,4038
9780505524270,12900
9780505524973,8148
9780312981846,1403
9780373272006,9760
9780373226580,2893
9780515133868,11169
9780515133868,6976
9780515133868,13176
9780515133868,9713
9780373217212,13332
9780373217212,15056
9780373710768,7087
9781551668277,2755
9780804119689,6498
9780373226085,13619
9780373226054,6661
9780373259786,6989
9780373790555,2313
9780373226474,725
9780821773406,9095
9780373834853,6650
9780373834853,1112
9780373710478,8195
9780821765227,8091
9780553575064,11483
9780446403832,9566
9780743423472,14954
9780312955427,15288
9780373037148,5279
9780446609005,2629
9780671729455,14954
9780671007713,14954
9780804117432,5185
9781551665504,9023
9780446364812,6005
9780373226788,116
9780373194872,14196
9780373226801,5531
9780373441433,2981
9780373441433,3250
9780373441457,9198
9780380781560,14213
9789871106189,1019
9789507682070,11271
9780451528520,5432
9780451528520,15151
9780803728714,1365
9780803760967,1365
9780803760967,2231
9780553482935,10304
9780553483574,10304
9780553482898,10304
9780061062087,10281
9780061067860,10281
9780061061448,10281
9780061061448,2990
9780061067273,7975
9780440943938,9129
9780440997313,9129
9780553264753,11181
9780393311464,6701
9780140183078,8565
9780192815552,2905
9780192815552,6068
9780449208649,3714
9780449214282,3870
9780449183366,3714
9780449150047,3714
9780140104776,8567
9780671827779,8749
9780393000566,6701
9780030074318,9129
9780030074318,9673
9780553211665,15118
9780394550848,11544
9780679737384,10781
9781878424082,3613
9781878424082,10986
9780140430035,2194
9780670032679,14229
9780060929954,1337
9780141001685,5026
9780141001685,12415
9780060937744,9073
9780060913564,5543
9780345439161,14269
9780972100533,1381
9781580632065,13669
9781580632065,7035
9780425140048,8671
9780062701640,10894
9780553277944,3709
9781591251477,10750
9781591251477,2855
9780887307874,13423
9781556521959,4244
9781556521959,3597
9781582700236,8122
9781582700236,11415
9781567403268,9273
9781567403268,13304
9780449002261,8820
9780205187386,2904
9780205187386,11686
9780553345834,9855
9780970866400,12357
9780970866400,9424
9780970866400,12359
9780395926840,8261
9780395926840,512
9781591290216,11589
9780805058000,5820
9780684848372,6859
9780761119395,738
9780836279078,71
9780938756606,9985
9780452282698,10724
9780679752929,72
9781580631792,2961
9780060916466,5543
9780883964361,8526
9780970351708,118
9780312203870,1633
9780452281639,9087
9780425111918,11591
9780804109468,753
9780312289188,5953
9780743422444,7144
9780425176337,2018
9780425176337,7120
9780446359207,2877
9781893705159,11456
9781893705159,11905
9780440206521,1250
9780312962258,11705
9780972051002,8372
9780970997586,15110
9780970997586,2051
9780525933656,2601
9780030554384,2340
9780741408150,11554
9780811813402,7443
9780452279599,1683
9780961462062,102
9780671795696,4337
9781552790403,2808
9780800757762,9180
9780312978389,13041
9780515117790,11169
9780553582642,9273
9780380978090,8237
9780452271654,10270
9780451175120,1065
9780380756254,7203
9780312420321,1579
9780972386609,6913
9780060924805,959
9780375709104,2183
9780142003510,14890
9780142003510,12148
9780142003510,3591
9780394561127,8656
9781574900682,12427
9781574900682,1122
9780312186920,15253
9780440123743,15471
9780688158125,7144
9780312119300,4462
9780879052836,1208
9780316895248,11087
9780393308495,7633
9780312270933,13260
9780679744665,13260
9780452269866,7733
9780385264662,10874
9780060927561,1139
9780140424386,4990
9780140424386,11038
9780679457855,662
9780440167365,14631
9780140157376,13260
9780140442618,12048
9780140442618,3424
9780140442618,3424
9780884191339,1754
9780340165638,11170
9780891902300,11171
9780449237922,11170
9780064473514,3462
9780786704798,5548
9780385721769,2000
9780394736655,2294
9780316196611,8708
9780451526564,2194
9780451526564,4753
9780553210163,2194
9780553210163,12662
9780787119782,8935
9780060912529,10686
9780393314076,1965
9780672520884,10976
9781577656951,5749
9780451521897,12768
9780451521897,4828
9780553273229,5827
9780590422673,1007
9780671646998,2046
9780679445104,9239
9780440156994,12999
9780425158630,14748
9780449237571,15050
9780140444278,1901
9780140444278,6079
9780140444278,523
9780742628199,13118
9780812963748,5576
9780812963748,5077
9780192825230,715
9780192825230,1574
9780192825230,14466
9780425113066,1147
9782830202816,15050
9780030119507,5817
9780380017997,9608
9780449207437,11990
9780671755065,3750
9780590424561,12533
9780380775507,2672
9780515116380,287
9780380754021,8165
9781557739407,10614
9780843941791,734
9780440206491,6945
9780843935394,2679
9780821754085,11480
9780843935400,4134
9780380778331,8185
9780821746547,5378
9780446365260,3713
9780821766439,8373
9780380775798,3661
9780380898800,15056
9780425132043,7494
9780061083259,3525
9780061083259,13526
9780446613668,9198
9780671786465,8047
9780446606189,6385
9780743456180,2409
9780380819201,14132
9780821769331,6544
9781551665047,5670
9780515127102,6982
9780515127102,7145
9780515127102,8187
9780515127102,2658
9780440215998,8047
9780440235781,2420
9780449146446,4755
9780440237600,2420
9780425196854,6133
9780373218097,9467
9780446612944,13318
9780445206571,6650
9780786889693,14341
9780380780037,2889
9780380793396,517
9781551669519,6839
9780786016419,15273
9780804119504,10701
9780380711536,7722
9780440222873,7722
9780821772225,6552
9780061044403,6455
9780821746172,8163
9780445409163,9566
9780380792207,2287
9780590673204,12112
9780590673198,12132
9780446612814,8048
9780821770801,6544
9780821772133,10347
9781551666969,6742
9780743477291,13086
9781551664262,4403
9780553803402,6000
9780743206075,10068
9780060514938,9100
9780446612517,14675
9781551669458,14408
9780553581027,9273
9780425192788,12283
9780345319289,7007
9780345318053,7007
9780345312716,7007
9780345312266,7007
9780345309129,7007
9780345307125,7007
9780345302625,7007
9780345287793,7007
9780440225041,8047
9780373255634,6839
9781551661537,9019
9780671000523,2046
9780553802542,13303
9780671786533,8047
9780671034429,9019
9780802775825,1474
9780380807123,14132
9781551665863,11229
9780380807147,14132
9780821771457,14405
9780380795116,14132
9780380795123,14132
9780060539832,13836
9780671567705,1907
9780590448864,15499
9780590448864,13196
9780590448864,13196
9780671019297,2046
9780380800384,1836
9780373072934,5605
9781551665368,2398
9780553237665,2067
9781879960107,5228
9780684865119,9472
9780465015320,10025
9780553272475,1365
9780316955256,5751
9780446603393,3266
9780553214901,15098
9780064407717,4942
9780374525088,1845
9780399139543,14748
9780385315234,11062
9780446520959,3035
9780140058291,7509
9780312186142,9411
9780446523431,6958
9780064471862,15039
9780064471862,13998
9780060951290,6024
9780553256130,6327
9780590427920,6253
9780590427920,2360
9780609801499,8660
9780671502331,7655
9780671504373,11715
9780449911440,2680
9780451527554,11625
9780743437561,2113
9780743222624,14257
9780141439518,6482
9780141439518,14836
9780743225427,855
9780374278786,10135
9781593080594,11271
9781593080594,8360
9780060558123,11018
9781573221764,11731
9780374199692,6807
9780373250462,8753
9780375828195,11954
9780399132827,345
9781573220873,11079
9780440418337,11954
9780374516819,13634
9780156027397,4316
9780380793334,7203
9780553284164,3690
9780399146695,6650
9780425047071,3266
9780345384379,3266
9781558740877,1910
9780425097779,3266
9780312119072,8762
9780553580884,11985
9780553574951,11985
9780671891688,8633
9780671891688,3453
9780399146220,5615
9780553299465,6000
9780449221228,14170
9780449214367,14170
9780679428886,12709
9780399145889,2623
9780446602624,10395
9780553271980,4758
9780375753831,461
9780446522991,14675
9780671546038,13628
9780517701768,8320
9780877952237,8320
9781853260858,15035
9781853260506,15035
9780451202734,4039
9780553266306,4758
9783829028783,10551
9780439286237,6082
9780140180206,220
9782040160432,3392
9782040160432,5375
9782253039877,314
9782253039877,819
9782253039877,2933
9782253006206,13831
9782253006206,10585
9782843370748,11706
9781853260902,7863
9782080706195,13831
9780595014286,984
9782246567622,4798
9782080701817,6724
9780439284035,6082
9782266127752,6671
9789504910015,13026
9782070383658,10522
9780192838674,12018
9780192838674,3767
9780192838674,3057
9782070368167,4484
9782070363612,4484
9780375700521,9677
9780393323665,11454
9780786930708,9650
9780786930708,14860
9780880386524,9650
9780880386524,14860
9781843500728,7680
9781843430216,7763
9781843430216,11076
9780330305730,14797
9781572701205,124
9781572701205,7083
9782070362400,6678
9782702408643,124
9780425093252,124
9782702426326,124
9782702413722,124
9782253009191,124
9782253020011,124
9782841110667,6723
9782841110667,10205
9781860463105,250
9781860463105,5363
9782070516506,8382
9782895400646,10723
9782895400646,2582
9782895400646,4617
9780340551196,10322
9780440505945,12729
9781884910364,1480
9780374119164,9779
9780374119164,9779
9780374119164,10978
9780312242725,2030
9781884910395,7713
9780062734723,9223
9780811814812,10956
9780393320039,7334
9780393320039,12235
9780673181732,13541
9780673181732,12824
9780673181732,12624
9780192813893,5429
9780192813893,13714
9780312010447,6377
9780767903080,2690
9780874778861,7868
9781884910401,7905
9780226103891,2332
9781884910456,12546
9781582970592,4503
9781582970035,3555
9781582970035,1944
9781582970684,13543
9780385499194,1940
9780312166908,2261
9780898796339,10384
9780395489321,6101
9780395489321,192
9780802132758,14792
9780312421304,9779
9780312421304,5663
9781932360233,10572
9780517064597,818
9780312420284,9779
9780312420284,5663
9780375404535,2380
9780375406003,6536
9780679451501,10050
9780198117476,15462
9780198117476,13803
9780198117476,13803
9780198117476,4835
9780786706563,2969
9780786706563,3376
9780140272819,2247
9780802313232,10705
9780679420859,10705
9780679420859,2416
9780151002832,1019
9780151001811,1019
9780521576222,490
9780521576222,11060
9780156001434,490
9780688145743,8151
9780312205508,10524
9780374280352,2243
9780345404350,2243
9780140275674,11866
9780395544181,11325
9780395544181,873
9780385491839,7598
9780805052053,5776
9780805052022,5776
9781568655802,13530
9780060652869,9446
9780670896769,14476
9780140239379,5569
9780140239379,11662
9780394744209,5569
9780140156010,5569
9780140156010,117
9780679727231,15111
9780679727262,15111
9780679723431,15111
9780679726203,15111
9780679727224,15111
9780679726098,15111
9780679723394,15111
9780679727286,15111
9780679728863,15111
9780679725411,15111
9780679410775,15111
9780253212344,13140
9780374292034,1133
9781559704014,6040
9781559704168,6040
9780060926595,1139
9780810115149,2955
9780810115149,10442
9780375500800,4925
9780877798071,10341
9780898796582,9537
9781582972541,9537
9781563896293,11018
9781563896293,15568
9781563890116,11018
9781563890116,13270
9781563890116,10656
9781563890116,9490
9780930289591,11011
9780930289591,1923
9780930289591,7970
9781563890161,11018
9781563890161,8300
9781563890161,2266
9781563890161,2660
9781563890413,11018
9781563890413,8300
9781563890413,10656
9781563890413,9484
9780006511762,11970
9780440204398,7655
9780385485241,5276
9780060191979,14704
9780963094438,11018
9780375700132,9225
9780819562982,13287
9780819562982,8231
9780517707869,2641
9780517799925,2641
9780679738299,51
9780312871932,7582
9780312202316,10399
9780312119249,15502
9780060286446,4642
9780553377897,9595
9780553377927,9595
9780679737995,7230
9780679447955,4216
9780811819169,8173
9780312203245,8094
9780312186883,8094
9780802139559,906
9780802139559,5348
9780449911532,9595
9781563050756,12101
9780670693818,13014
9780553109436,3298
9780684801414,3298
9780449001189,9046
9781594200090,12979
9780195170344,3107
9780156007535,487
9781565926165,5064
9780471213024,6312
9780596003845,12672
9780596003845,6106
9780596003845,11222
9780596005221,5064
9780618138920,13610
9780375727610,9890
9780375506161,14862
9781583913581,7796
9781583913581,8192
9781886941342,10609
9781886941342,12210
9780195160772,10197
9780684823904,8872
9780684823904,15040
9780140194692,8728
9780965731287,4949
9780060569662,9292
9780060569662,712
9780761131854,13549
9780452285651,7016
9780060006761,4766
9780743235723,11528
9781585673551,5871
9780716732105,12775
9780375703164,4063
9780684802039,13936
9780684802039,36
9780684802039,12270
9780812911015,8014
9780670877638,5934
9780425062432,7276
9780441366101,10808
9780671705244,7613
9780553349481,14783
9780375700941,6040
9780156005579,490
9780425183274,2909
9780553378214,4005
9780553378214,7372
9780684801285,4005
9780684801285,7372
9780878332090,7590
9780878332090,2896
9781887424370,14544
9781887424370,12372
9781887424035,14544
9781887424035,7372
9780684815312,8113
9780684815312,11734
9780452279636,4836
9780876308004,8182
9780375701078,7372
9780878339600,9368
9780801868221,9651
9780801868221,8977
9780801868221,4847
9780878339174,9368
9780878339792,9368
9780802713766,13401
9781887424059,13401
9780785812814,3921
9780785812814,9092
9781887424523,14544
9781887424523,11834
9781887424523,9293
9780140262155,9779
9780140262155,3938
9780140283594,9779
9780140283594,3938
9780879518349,12530
9780375407567,14324
9780375407567,1942
9780451208187,2942
9780449003718,14202
9780816641796,13469
9780451211101,14096
9780451211101,9586
9781568581491,13446
9780743422086,5896
9780425177426,5896
9780425173589,5896
9780425168950,5896
9780385491020,9595
9780140441130,11127
9780140441130,3164
9780451523884,4805
9780451523884,2689
9780451523884,9515
9780451513359,2194
9780449208106,2340
9780140444704,896
9780140444704,13013
9780140444704,13013
9780938317135,9098
9780918273420,2691
9780767901598,9020
9780440211693,14179
9780679727248,15111
9780679724506,15111
9780151002580,590
9780451407221,14239
9780030037160,11958
9780671567651,15122
9780553569216,3500
9780802134585,2454
9780140143492,9779
9780140143492,5663
9780345423603,337
9780380715435,1427
9780553253900,10984
9780140106466,7588
9780840790811,6914
9780060191016,5383
9781877741098,12221
9780030419966,11463
9780399150746,512
9780380804887,11714
9780449219232,1416
9780898152395,14031
9781877988233,11671
9780553227758,6659
9780525946892,8320
9780671023416,10877
9780671023409,10877
9780671023393,10877
9780399139291,1235
9781561384501,1983
9781561384501,13512
9780312997106,8326
9780312997106,3084
9780764534232,13167
9780380732135,15594
9781879682733,1217
9781879682696,1217
9781879682658,1217
9780809225057,3581
9780809225057,10920
9780786888917,3954
9780425180037,15051
9780446364492,12733
9780811831314,7707
9780811831314,3041
9780811831314,1627
9780061092862,6315
9780806972749,9232
9780806972749,4102
9780836218428,4927
9780679311140,15190
9780061030840,7134
9781575001432,9831
9781575001432,9963
9780553150513,12586
9780590907231,383
9781571456977,14497
9781571454942,1217
9781571456984,1217
9781551053028,1170
9781551053028,944
9780919433823,12873
9780919433823,4520
9781551051734,2357
9781551051734,7221
9781551051734,4936
9780451457998,981
9780740713934,6922
9780740713934,12551
9780375756665,11818
9780793559848,5443
9781858283326,2813
9780743403542,10486
9780312978587,5793
9780380788439,4477
9780740726767,7038
9780060525101,15316
9780451409362,9934
9780941263177,6249
9780786890071,12561
9780356105185,10613
9780740704543,1422
9780028626154,987
9780670886616,14682
9780785340461,2693
9781853261190,13118
9780233997667,8285
9780451528650,757
9780451528650,9292
9780064400039,8666
9780064400039,4901
9780890096833,8355
9780333493427,5299
9780333493380,5299
9780753451137,464
9781577490180,1549
9781577490173,1549
9780753452240,13271
9781552633847,3403
9781550372281,10479
9781550372281,15114
9781550372557,12787
9781550372557,5677
9780786822867,15485
9780786804108,15485
9780679864417,10771
9780866118736,8935
9780394800165,3805
9780064441551,11730
9780064441551,4795
9780316813075,7101
9780679892472,3805
9780694003617,9653
9780694003617,2608
9780525444442,10
9780525444442,4430
9780140367393,3860
9780140367393,5424
9781853261244,3945
9780394829135,3805
9780920236932,12787
9780920236932,14266
9780525444459,10
9780525444459,4430
9780525444466,10
9780525444466,4430
9782070728954,11978
9782012002432,2434
9782012002432,2554
9782070357024,11386
9782253076254,1019
9782253006183,11713
9782908957518,9326
9782070412747,12012
9782266070591,6130
9782266070607,6130
9782070423149,7933
9782070423149,8703
9782070422074,7659
9782070422098,5915
9782070425532,8378
9782070425532,9538
9782070422081,13540
9782070425501,12972
9782070408016,7616
9782856164129,2164
9782226001344,6228
9782070369393,2549
9782742718733,15614
9782879293073,11049
9782879293073,162
9782253005261,13831
9782253005261,15031
9782253028277,10995
9782253046707,6229
9782253002932,5753
9782253002932,288
9782290303092,11103
9782253002888,11271
9782020349147,5580
9782258047808,1490
9782228894012,11099
9782070709069,6701
9782070386901,15113
9782070386901,3605
9782070386901,6715
9782264027313,130
9782070370009,12248
9780571206315,2988
9782070425471,5364
9782869596108,2956
9782253010692,5371
9782910686079,11769
9782258047815,1490
9782070377190,5703
9782253056386,10995
9782253047841,10995
9782253040941,12019
9782253040941,160
9782846710459,4718
9782738112422,7279
9782738108586,2456
9782738108586,4720
9782843040610,373
9782070764709,1021
9782746500587,10594
9782264035950,9595
9782264035950,10629
9782020301015,129
9782020259101,6045
9782070373635,12248
9782264027788,908
9782020479912,7398
9782070422135,3510
9782070423538,14646
9782253004011,2346
9782070400553,7622
9782253051206,485
9782869309654,14090
9782869309654,13671
9782869309654,5495
9782253043980,4095
9782020309615,2706
9782264034762,6045
9782867447761,1856
9782070371709,221
9782742740949,2330
9782742740949,628
9782742740949,13498
9782742706372,10597
9782020067447,5611
9782070376704,6728
9782070368723,6678
9782070322794,1645
9782070324309,4783
9782070324309,5191
9782070324309,10251
9782070362844,4713
9782070372164,5749
9782020126540,5086
9782707310286,6734
9782213006185,14845
9782707301109,6226
9782020059244,12288
9782707126931,12027
9782707126924,1763
9782020088954,9966
9782020325271,3367
9782738102287,6738
9782738104137,4720
9782738104137,2456
9782738102157,1595
9782869307568,2657
9782869307568,6111
9780684803531,13609
9782904299100,761
9782253150374,13916
9782070717811,5087
9782253063865,4783
9782253063865,9543
9782842050078,5753
9782842050078,9385
9782742724949,10908
9782742730483,10908
9782715219519,3373
9782070378418,12323
9782290303054,10590
9782070388639,9221
9782070409846,9730
9782020309622,2706
9782070385690,6337
9782070385690,6224
9782070385690,6224
9782070385690,9299
9782020374279,4665
9782020403412,9325
9782020352857,9325
9782290308790,15099
9782020551304,2111
9782070374670,12972
9782070362424,12972
9782867446825,4331
9782264024978,5710
9782264024978,10589
9782264024978,13751
9782221078303,9731
9782842050528,319
9782266064972,4726
9782070387816,9263
9782746500655,10594
9782070400867,2219
9782844120649,10592
9782020395885,2605
9782253012559,4724
9782020068079,12046
9782260012078,10594
9782876860797,10594
9782876860414,10594
9782876860780,10594
9782876860780,1763
9782876860032,10594
9782082115179,10594
9782082115339,10594
9782082115339,5814
9782246275510,10594
9782246334316,10594
9782707303202,10594
9782020385855,848
9782869304871,3154
9782070372393,315
9782070372393,12029
9782070374557,15575
9782070374557,12327
9782070377862,11978
9782070363513,9491
9782070386024,1015
9782070386024,769
9782246487517,10591
9782742720071,2330
9782742720071,13498
9782070360789,220
9782070419586,250
9782070419586,4725
9782070378234,9779
9782742714445,13136
9782743608842,9134
9782246616115,13486
9782070393459,15472
9782070393459,10225
9782290053942,10908
9782290053942,8944
9782742718870,10908
9782742722686,10908
9782844121158,10592
9782742713356,340
9782912517166,14325
9782070767007,12032
9782070757817,9737
9782210422704,164
9782210422704,14542
9782742727322,1090
9782743608767,3154
9782207250921,1015
9782207250921,769
9782867449376,1856
9782226116741,4388
9782226116499,6717
9782867447143,1572
9782842630256,735
9782742722624,11569
9782742722624,2430
9782742701728,11569
9782742701728,2430
9782868699527,12243
9782742700066,13095
9782742728756,340
9782742734924,6735
9782742734924,165
9782070417612,3552
9782070408955,1856
9782070408580,9274
9782266062343,8616
9782020385800,10239
9782070714483,15074
9782070714483,11385
9782020257787,7370
9782020062145,11375
9782868698926,11569
9782868698926,2430
9782226136244,6717
9782020375061,11253
9782020490665,5854
9782070301027,14810
9782070259816,9779
9782228128001,10908
9782869305588,3154
9782869304567,3154
9782869302945,473
9782743603298,9134
9782253151012,4717
9782742723959,10908
9782742708710,10908
9782742701827,10908
9782742717736,10908
9782742743513,10908
9782070757626,2831
9782070422432,4444
9782070422432,2957
9782070414161,11312
9780812590463,4742
9780807511459,5142
9780807516041,5142
9780807554067,5142
9780807554067,2262
9780807528556,5142
9780807510797,5142
9780807553985,5142
9780807553688,5142
9780807553855,5142
9780807531785,5142
9780807553671,5142
9780807553671,3065
9780807507094,5142
9780807507094,3065
9780807507940,5142
9780807507940,3531
9780807551417,5142
9780807551417,3531
9780807576748,5142
9780807576748,10063
9780807576236,5142
9780807576236,2262
9780807554180,5142
9780807554012,5142
9780807553947,5142
9780807553398,5142
9780807565353,5142
9780807503195,5142
9780807553794,5142
9780807503676,5142
9780807515600,5142
9780807509760,5142
9780807509760,3065
9780807553725,5142
9780807553725,3065
9780807580875,5142
9780807580875,3065
9780807575161,5142
9780807575161,3065
9780807572634,5142
9780807572634,3065
9780807534137,5142
9780807534137,3065
9780590494465,12112
9780590568937,12112
9780590047111,10581
9781561441273,3635
9781561441273,3663
9781561441273,1544
9780590479080,11380
9780590479080,10547
9780590479073,11380
9780590479073,10547
9780061067563,10281
9780061061462,10281
9780205086801,5105
9780394891187,2919
9780394891187,13157
9780385174831,1012
9780385174831,1014
9780441007745,4050
9780965072441,3410
9780451404435,1879
9780553282122,3521
9780842317115,4027
9780380762606,7203
9780440237006,2953
9780310214595,1254
9780671749415,2953
9780440186564,2953
9780440184058,2953
9780440185321,2953
9780440217541,2953
9780515115635,8766
9780671667658,13463
9780449132302,1404
9780553576023,13303
9780451196712,13916
9780451196712,12370
9780671533984,591
9780312963170,15504
9781551662770,14408
9781551668185,14408
9781551660486,14408
9781551661551,14408
9780451201744,1290
9780515090161,8964
9780515087949,8964
9780453004688,13916
9780453004688,12370
9780671039752,13916
9780670868360,13916
9780452262140,13916
9780452262140,11919
9780451167804,13916
9780451132376,13916
9780451190567,13916
9780451190550,13916
9780140258578,13916
9780553572278,7596
9780553291704,7596
9780425174272,7494
9780399146138,7494
9780399143823,7494
9780849936371,13670
9780679873068,1949
9780425126066,7494
9780765191120,11428
9780446328418,6340
9780440986522,13219
9780590440011,6168
9781551664316,14408
9780590443302,3475
9780671002930,12112
9780061061578,14347
9780743475488,9019
9780061042935,9100
9780778320050,2398
9780425189863,7494
9780451202284,8913
9780821766774,14132
9780451168627,7596
9780451176899,8964
9780451176899,11319
9780451176899,4262
9780451176899,1794
9780595129836,10096
9780965735971,48
9780151002900,10791
9781564145543,12492
9780375703843,1643
9783821834252,4782
9783499105814,6732
9783499105814,14909
9783499133169,6732
9783499133169,14869
9783499133169,14869
9783499133169,5456
9783404241187,12605
9783404232017,12605
9783404232017,15529
9780300084733,7538
9783596124435,4713
9783499193149,3513
9783548346830,222
9783548346830,1899
9780140231946,11584
9783462027310,4398
9783518115244,6337
9783518115244,8493
9783518115244,8493
9783518115244,4794
9783453099821,3745
9783453099821,7404
9783453099821,14294
9783404242863,12605
9781857984989,5560
9783423123877,2187
9783423123877,1902
9783423002561,5631
9783492224437,15199
9780380708215,7162
9780060809850,236
9783453173309,14477
9783453173309,5924
9783453173309,6140
9783423124287,5733
9783404242382,8635
9783404231911,12605
9783453164109,15384
9783453164154,14932
9783453164154,14932
9783453164123,12221
9783453164123,1693
9783453164185,312
9783404232208,12605
9783453164130,866
9783499222719,12818
9783499222719,12606
9783499122149,282
9783499122149,752
9783499122149,4442
9783453164161,3044
9783817132331,12033
9783817132331,12122
9783453164192,15202
9783453164192,1883
9783453164192,7965
9783453164116,11946
9783404242757,12605
9783423301244,13191
9783499110009,6732
9783499110009,5485
9780861300235,2245
9783518102077,1331
9783518102077,3890
9783499142819,5533
9783499142819,2555
9783423300209,15312
9780898705522,4823
9783492200134,8077
9783506500106,8502
9783506500106,6083
9780062732767,4022
9783150090343,5734
9783453092419,194
9780253306753,6657
9780691024172,12476
9780140261493,3236
9780140296082,12391
9780140296082,1258
9780140296082,13080
9780140296082,7404
9780094660403,15042
9783518392577,5423
9783518392577,10577
9783492221665,12476
9783492200547,8077
9783492221009,11664
9783880598805,4752
9783423202060,5499
9780262560030,12411
9780521777520,4007
9780521777520,10869
9780471404217,3822
9783518276259,14622
9783518276259,8538
9783518276259,5756
9780060901912,236
9780375706349,6938
9783379015776,13655
9783458329077,11054
9783458329077,4785
9783423120395,14921
9783423120395,1784
9783455044317,194
9783455044317,4780
9783821839172,5137
9783821835945,2453
9780201150254,12476
9783423304269,3769
9783608917581,3769
9783608917581,14510
9783608917581,14912
9783776621921,8078
9780674637528,2192
9783520377029,11053
9783520377029,13113
9783520377029,13113
9783257700473,4713
9780965139809,15125
9780394733524,11208
9783426774298,12803
9783817134014,3117
9783596259342,5631
9783379001250,15038
9783518188026,5753
9783150096567,8501
9783150096567,12087
9783150096567,12087
9783518389225,5423
9783518389225,10475
9783518371701,941
9783518371701,1598
9783518371701,399
9783518384466,941
9783518384466,1598
9783518384466,4419
9783518389522,941
9783518389522,1598
9783518389522,5752
9780553293357,6020
9783404230662,6020
9783404241132,6020
9783404241132,1134
9783404241132,7965
9783453025653,981
9783518386453,13785
9783518386453,5466
9783518377666,13785
9783518377666,4780
9783518396742,13785
9783518396742,5856
9783518372296,13785
9783518372296,2285
9783518372296,7958
9783518372296,8494
9783518386996,13785
9783518383902,13785
9783518383902,5466
9783518370704,13785
9783518370704,8495
9783518372401,13785
9783518392935,13785
9783518392935,1833
9783518368565,13785
9783518368565,6009
9783518380741,13785
9783518380741,5856
9783518374559,13785
9783518374559,3916
9783492213479,12476
9783492226226,13190
9783492226226,10262
9783492227179,13190
9780672604041,3123
9780672604041,11192
9783787311552,3123
9783787311552,6878
9783423122870,14921
9783423122870,1784
9783499196652,5129
9783446163676,1888
9783492230551,13190
9783746655154,15038
9783746655154,5396
9783499195358,5129
9783442115365,15521
9783442115365,9309
9780802134226,6929
9780738203492,12476
9780060900076,236
9783499609336,2448
9783499607288,2448
9783442755004,2922
9783442755004,8489
9783426606483,13260
9783492049887,11664
9780345430724,981
9780376011831,14127
9780553375336,5844
9780553375336,7356
9781879159372,11594
9781880281130,11151
9781880281130,4885
9780943574448,10711
9780764551413,6580
9780865731905,2740
9780865731905,5599
9780764506765,7475
9780764506765,970
9780764506765,9619
9781893361768,11940
9780762100699,8990
9780875968865,11466
9780811827157,3549
9780811827157,3548
9780937750230,3555
9780937750230,1944
9780937750230,2731
9781569473306,6221
9780877735502,2347
9780385335218,11353
9780062505156,2835
9780062505156,2834
9780062505156,9565
9781585420858,10600
9780861711451,10160
9780861711451,5789
9780312973056,12770
9780312973056,4956
9780696211782,1368
9780696211782,4887
9780696211782,2127
9781400046843,12620
9780801986314,3702
9780801986314,12977
9780801986314,12978
9780922705382,4074
9780440235019,3555
9780801980800,6747
9780679725992,2005
9781567998719,11404
9781567998719,2034
9781573227353,3277
9780806958231,2373
9780722539323,14499
9780722539323,14499
9780897212557,2324
9780877739708,2347
9780786862276,8747
9780961475451,2307
9780961475451,7938
9780765760357,5136
9780765760357,8586
9780935278187,11335
9780935278187,11413
9780935278187,714
9780674007918,10242
9780840752871,12708
9780722540305,2834
9781567994285,1866
9780897210874,11266
9780897210874,6587
9780897210874,1962
9780897210874,8066
9780688144715,15053
9780688144715,6746
9780688097394,15053
9781573225755,14876
9780802130310,15171
9780814623589,4452
9780814623589,4452
9780385494366,11665
9780743226202,13364
9780743226202,15260
9780553382174,9906
9780743418300,8996
9780060645892,14110
9780385497909,5148
9780767902991,579
9780738204109,15350
9781567997682,14449
9780765307156,7186
9780060502300,10398
9780345456342,811
9781576104194,3352
9780752221892,10559
9780446518543,1791
9780446518543,7231
9781565924871,3085
9781565922204,13767
9780072129403,12483
9780130843708,15467
9780782126471,14731
9780130173232,3611
9780451457592,10326
9780786881888,12194
9780786881888,12905
9780786881888,3245
9780786889204,12194
9780786889204,3245
9780553576818,8272
9780448407265,4647
9780515110548,8766
9780156030205,15555
9780140275421,5147
9780553813715,2322
9780752837611,3013
9780684803852,7696
9780671641931,2046
9780517320907,10833
9780774712613,11412
9780553089226,7596
9780670829392,9217
9780786000845,13053
9780671578824,8572
9780446364782,4189
9780812514438,9971
9780812514438,6540
9780812514438,8292
9780812514438,4085
9780451151223,13916
9780451151223,12370
9780425054536,15423
9780425054536,10305
9780440214984,8137
9780821724040,15433
9780425122457,6423
9780451080158,1180
9780451080158,6150
9780312928407,3587
9780812551662,3037
9780812551662,15296
9780425109724,14748
9780671670641,14954
9780345425591,745
9780671028008,14954
9780590412261,7717
9780590412261,10278
9780590412261,14601
9780590412261,13021
9780886771720,9798
9780345309198,1132
9780886772246,1810
9780380818419,3092
9780380818419,8209
9780345300775,3077
9780345309976,3077
9780345335708,3077
9780886774691,9798
9780786901135,10284
9780786901135,12864
9780425173084,9330
9780440237341,7987
9780786890057,12201
9780140053166,9391
9780425142868,8780
9780425137451,8780
9780425147559,8780
9780886772345,9798
9780886772345,5054
9780425103630,124
9780812570939,8552
9780671759346,14954
9780440475828,1405
9780671670665,14954
9780312962173,5341
9780446344289,584
9780446601825,5013
9780944276044,3584
9780425118726,8780
9780688037857,1405
9780688037857,14858
9780425116418,8780
9780446602174,11804
9780446602174,6579
9780446602174,8798
9780446602174,1536
9780451402707,7785
9781558175556,8550
9780312927783,12195
9780312927783,15399
9780312927783,9759
9780312927615,8317
9780451171641,3998
9780451402844,6574
9780380722525,6708
9780451117908,14796
9780821717448,10861
9780440203858,2953
9780440146841,2953
9780440126898,2953
9780553264074,7797
9780451403056,10465
9780553256215,1172
9780451153951,12475
9780425130896,13698
9780880386722,12128
9780843938265,12077
9780385279147,4072
9780394859118,317
9780553271096,12770
9781572972919,4278
9781572972919,12926
9780451159892,1180
9780451159892,6150
9783426015469,11154
9783442750542,7794
9783442750542,1141
9783423085304,458
9783423085304,2041
9783455024944,7352
9783453873193,3210
9783453873193,5571
9783499146985,11305
9783499146985,11992
9783426013342,11305
9783426013342,11992
9783596151943,9687
9780060080846,5979
9780060080846,11882
9780679816607,11019
9780441005246,8712
9780441004522,8712
9780441003747,8712
9780553577259,9351
9780553577259,4938
9780553575439,9351
9780553575439,4938
9780884481492,13981
9780553575422,9351
9780553575422,4938
9780843949940,2424
9780486292885,12099
9780060906740,7652
9780060906740,4623
9780871968784,2457
9780871968784,11707
9780871968784,13005
9780912608952,6304
9780912608952,12217
9780912608952,7755
9780912608112,6304
9780912608112,12227
9780373076314,11169
9780743403498,2396
9780743403481,2396
9780743403474,2396
9780743403467,2396
9780812517163,10770
9780812517163,15236
9781575667270,4810
9780385306041,2953
9780385316873,2953
9780942237283,724
9780743457262,7768
9780330334020,8241
9780446527040,13303
9780471528883,402
9780836217575,13423
9780385334716,1250
9781575665726,4564
9780399146749,7795
9780787103392,4548
9780787103392,10676
9780312179403,6839
9780440211891,2953
9780821737903,11373
9780451204950,11250
9780373255245,4105
9780373241750,547
9780373225132,4957
9780373079285,3488
9780515124217,11169
9780380820887,8067
9780061053719,2621
9780440213284,2953
9780451407436,13248
9780316313209,4227
9780452277809,13459
9780452277809,204
9780030149061,4811
9780312942199,8128
9780879830687,4531
9780671027971,7397
9780312970307,8417
9780380802258,14370
9780553574791,4203
9780385260077,9595
9780895770691,12254
9780895770691,438
9780517554395,3745
9780736421300,12340
9780451457523,13919
9780385425070,14152
9780689704208,14144
9780689704482,14144
9780689704673,14144
9781551665818,8695
9780394828053,12653
9780590431248,7889
9780373482344,11997
9780373482344,11738
9780373482344,10957
9780373482344,5600
9780373196661,1957
9780517554555,9945
9780440116134,4931
9780440116134,13991
9780671872687,2492
9780812536164,3074
9780800786861,2233
9780671724160,15122
9780373290130,9333
9780380753024,7203
9780373289516,470
9780679853060,12788
9781558171114,4821
9780020412403,9239
9780671526092,15463
9780671526092,7812
9780671526092,4891
9780767913706,13342
9780671674359,13737
9780671674359,10847
9780671658663,3469
9780451159236,14477
9781572242135,13620
9780618055814,9152
9780786882625,9589
9780192827616,6482
9780192827616,6343
9780192827616,9594
9780671502232,14089
9781853260636,15118
9780002550567,6061
9780002550567,6720
9780451524553,5749
9780451524553,3372
9781889392028,3383
9781889392028,182
9781889392035,3383
9781889392035,182
9780060171629,7346
9780441518098,11946
9780821755655,5094
9781551662671,4173
9780380802302,9089
9780373483839,12150
9780671569037,6652
9780140621792,5371
9780061092176,14477
9780843941210,8830
9780843941210,2679
9780843941210,11028
9780843941210,14128
9780373224722,13398
9780373118861,8055
9780671868321,12112
9780440983569,9140
9780671868338,12112
9780671738235,12112
9780671894344,12112
9780671745110,2492
9780671690595,2492
9780671724856,12112
9780590430142,2492
9780671724818,12112
9780590403214,9623
9780671745103,2492
9780671894337,12112
9780671702434,12112
9780671550554,2492
9780671726492,9140
9780440918646,9140
9780345274533,5426
9780671676568,2492
9780590433105,11505
9780441515332,6142
9780441515332,4888
9780689829833,14144
9780441515301,6142
9780786003129,15480
9780883632017,13118
9780786889068,14795
9780316290234,7326
9780374386139,9446
9780425065556,4685
9780192834348,9239
9780192834348,14961
9780373226696,2011
9780505523853,15087
9780553801613,12578
9780060004705,2043
9780553582857,12578
9780743482240,11446
9780451211712,6946
9780451211712,3591
9780821769287,13492
9780843937336,1998
9780380753017,7203
9780505525314,10286
9780821772270,13492
9780380767595,4173
9780380897391,7203
9780553561531,466
9780380811984,2409
9780312987848,2151
9780380761487,8180
9780743460538,14233
9780451208071,7054
9780553574104,466
9780671689735,3430
9780743478960,7768
9781568655871,8180
9780743467223,7109
9780373286713,9051
9780061031533,8180
9780451205803,7054
9780821774168,7057
9780553580280,12578
9781565073197,4288
9780505525161,11557
9780451623140,13859
9780451523020,5539
9780451523020,7551
9780399151071,8964
9780553442854,8455
9780373241064,15056
9780671644482,7768
9780671446888,8766
9780373153305,3454
9780373701216,2954
9780373098590,1220
9780373097364,13387
9780842329200,14680
9780842329200,6906
9780373706761,6460
9780373707652,9382
9780553266924,5444
9780880705769,10238
9780380806294,15043
9780451408778,2093
9780842329163,14680
9780842329163,6906
9780380759118,7768
9780060675233,7501
9780380897346,13043
9780373119196,4569
9780060185701,8180
9780842329286,14680
9780842329286,6906
9780892749485,7742
9781586608019,8448
9780345275127,2784
9780060571450,9145
9780373291519,9333
9780380777310,2101
9780380811977,2409
9780553567779,14185
9780380385881,8180
9780060560782,4269
9780821775479,13492
9780312982300,11249
9780505524942,2679
9780553565041,11627
9780425194836,9182
9780425194867,7879
9780743470032,9112
9780671003333,7910
9780716710172,9966
9780736907736,8267
9780451409096,2675
9780515127218,2093
9780553212280,3921
9780553379624,14028
9780553379624,12666
9781575665641,9066
9781576739624,2983
9781576739624,2985
9780689854828,8764
9780689854828,6623
9780786004508,15593
9780786006281,15448
9780553584905,4203
9780821758946,7096
9780743465069,7873
9780440225881,2548
9780061059476,13641
9780425191231,7873
9780553268485,4482
9780394551548,6256
9780688065713,13663
9780449221877,6256
9780515061789,11045
9780515070743,11045
9780515075052,11045
9780688066635,6284
9780345253859,14301
9780891098621,2873
9780891098621,4475
9780140048919,7509
9780449219560,3504
9780449206522,6256
9780446404464,2292
9780449206393,6034
9780553564990,7373
9780821767085,9085
9780804112253,9971
9780515075038,11045
9780515077353,11045
9780684832296,10068
9780515061666,11045
9780445407800,2292
9780515120271,8964
9780449904961,6181
9780028604206,6306
9780020199083,7645
9780553240955,13637
9780515074437,11045
9780515075069,11045
9780515071054,11045
9780451197696,9319
9780451204349,6946
9780451204349,3591
9780201517200,12628
9780333517628,9323
9780333517628,5956
9780333517628,2311
9780746012727,768
9780746012727,13868
9780192752680,6394
9780517147276,13809
9780330288392,2625
9780671029081,7116
9782253076285,8320
9782253076285,15587
9780140621297,12086
9780216927780,12074
9781853045585,11089
9781853045585,10595
9780751511918,9654
9780312966775,5918
9780747258094,9329
9780749732684,6449
9780600400400,11624
9780746000564,648
9780140511840,12069
9780140511840,13899
9780140511840,1767
9780563371113,7049
9780563371113,5574
9780563371113,2653
9780316734509,1030
9780752848150,5289
9780752848150,8332
9781854790422,11888
9780723216377,7552
9780723216377,5940
9781860192593,14952
9780140059779,4823
9781853043420,11115
9781853043420,2209
9781850510888,1400
9780704339989,11374
9781887166737,1822
9780439010702,9493
9781870451093,8569
9780805004618,14102
9780671874599,327
9781563898815,15315
9781563898815,11303
9781563898815,7435
9781563898815,4376
9781563898785,11018
9781563898785,13779
9781563898785,6992
9781563898785,8421
9781563898785,13768
9780805026696,12809
9780553100631,8441
9780385415101,13589
9781579651169,1425
9781579651169,11921
9780374514853,7441
9780312890223,13589
9780380821006,13589
9780380784059,9023
9780452281226,1641
9780452281844,1641
9780684824178,1214
9780684824178,10021
9780743411363,4125
9780786890378,8178
9781551665993,2755
9780670032068,4132
9780525943068,13523
9780385491808,792
9780525945581,11250
9781573229357,9938
9780446607179,3768
9780446607179,8982
9780553575460,14814
9780553573923,7650
9780061097621,6315
9780553576085,4154
9780061097300,12739
9780515124064,15154
9780451185495,10387
9780451192226,10387
9780446609616,13303
9780446608039,3151
9781575663647,7411
9781575663647,3033
9780307128195,10071
9780307128195,3582
9780440225713,15346
9780448117485,5392
9780843108118,12933
9780446608916,12678
9780446608312,3572
9780345427694,3565
9780375500725,10249
9780316803489,3565
9780312278304,13052
9780345428080,617
9780140264791,792
9780060974626,576
9780312970895,1805
9780312970895,1804
9780452282537,8166
9780913780145,12578
9780670857661,3034
9781567314298,15100
9780670899838,4928
9780670899838,7725
9780330331692,2706
9780737000467,6555
9780374248611,13393
9780807072127,10495
9781931514934,14735
9781591823698,7766
9781892213082,2560
9781892213006,2560
9781586648756,13188
9781586648756,13480
9781586648961,13188
9781586648961,10157
9781586648954,13188
9781586648954,10157
9781586648626,13188
9781586648626,10157
9781586648619,13188
9781586648619,10157
9781586648503,13188
9781586648503,10157
9781562199456,13188
9781562199456,10157
9780385477154,4738
9780385730914,11776
9780385730914,5878
9780739408469,15339
9780486212685,8933
9780486212685,491
9780486212685,2575
9780486212685,4258
9780451210876,13916
9780451210869,13916
9780451210852,13916
9781591822097,10851
9781591822080,10851
9781591822073,10851
9781591822066,10851
9781931514781,10852
9781931514781,12360
9781931514774,10851
9781931514767,10852
9781931514750,10851
9781931514743,10851
9781931514736,10851
9781931514736,10851
9781591821076,12302
9781591821076,13756
9781591820215,12302
9781591820215,12302
9781591820215,13756
9781591820208,12302
9781591820208,13756
9781591820208,13756
9781931514460,12303
9781931514460,12302
9781931514460,13756
9781931514958,12302
9781591820147,8312
9781931514972,8312
9781931514941,8312
9781591161936,11157
9781591161936,11157
9781591161257,11157
9781591161257,11157
9781591160946,11157
9781591160946,11157
9781591160670,11157
9781591160670,11157
9781591160663,11157
9781591160663,11157
9781591823971,4878
9781591823971,14908
9781591823971,13850
9781591823964,4878
9780060177249,2621
9780141308104,15464
9780345450050,11804
9780441002849,6171
9780880382793,3848
9780966961706,3212
9780451160959,13916
9781569317785,8505
9780671700294,2046
9780060924645,7059
9780385497954,9125
9780804111881,808
9780505525222,11499
9780062513090,11799
9781556611100,1078
9780446305693,4809
9780380624065,4865
9780938410560,5857
9780345354570,812
9780312152949,10356
9780446307987,621
9780553212235,2194
9780201489392,1314
9780684859705,11823
9780873513197,15065
9780679762898,11059
9780449904060,3000
9780679415619,3110
9780152012700,9122
9781568360096,9362
9780380698691,4865
9780380703142,4865
9780380703135,4865
9780380615988,4865
9780375401947,6651
9780061059902,5376
9780061059902,8292
9780380792993,11612
9780385272179,4301
9780140139419,15168
9780060171322,9248
9781555612429,11809
9781555612429,11123
9780452277694,2892
9780452279094,4151
9780452279094,8809
9780440213352,13352
9780553569377,3018
9780804108850,818
9780385319447,11108
9780316418928,12722
9780385477215,264
9780446607407,7337
9780385336482,4180
9780934601948,9370
9780934601948,4451
9780963355553,13087
9780963355553,13579
9780931948930,9370
9780931948930,4451
9780931948930,11696
9780375709210,10908
9780805060362,1129
9780816148707,4896
9780399141201,8766
9780688166083,2539
9780440212232,8991
9780395633205,8194
9780345273499,5977
9780312309633,2528
9780809321292,10227
9780809321292,14579
9780690048247,13627
9780690048247,13163
9780345456687,14885
9781880823231,1875
9780553061024,1936
9780609609453,13036
9780767913010,2315
9780345435408,5312
9780684834306,3595
9780684834306,13055
9780385497275,2345
9780385497299,2345
9780345428608,6354
9780140187649,15328
9780140187649,15150
9780140187649,11905
9780140187649,2817
9780140187649,7671
9780345428561,10362
9780425149621,14206
9780446530255,8015
9780446679176,8015
9780345443007,178
9780345442987,6354
9780670030651,8115
9780375420559,1136
9780385500982,14034
9781875989041,1430
9781590250006,4170
9781590250006,5565
9780061081552,13526
9780671028015,14954
9780553563085,4649
9780553570564,4649
9780553570588,4649
9780671694975,12132
9781591132202,4707
9780446400176,4262
9780684813585,7834
9780941483070,13643
9780939416615,9257
9780385480376,10053
9780446400695,4262
9780425129609,124
9780425099148,124
9780813190358,6266
9780743464277,878
9780312979737,124
9780451201133,124
9780425129630,124
9780425173916,124
9780451199898,124
9780451201195,124
9780312981600,124
9780451200181,124
9780060926946,10611
9780393093889,15178
9780393093889,5530
9780393093889,3863
9780486290737,1278
9780060929800,12362
9780812504323,6168
9780812504385,13118
9780142437179,9898
9780142437179,5373
9780142437179,7500
9781561481859,10337
9780312979812,124
9780671685119,1775
9780671685119,11666
9780394721033,90
9780380729869,4865
9780440204954,14148
9780425175453,124
9780312981655,124
9780425068038,124
9780425091807,124
9780425098547,124
9780312981686,124
9780425173909,124
9780451200532,124
9780425099612,124
9780440159223,124
9780441240982,124
9780441240982,3428
9780941483421,12211
9781573441254,672
9780786886098,13275
9780345351951,15242
9780345351951,5047
9780345351951,1542
9780446400152,4262
9780451199867,124
9780312330736,9097
9780345412157,13530
9780061099489,14173
9780743234900,1830
9780671724733,2061
9780451201201,124
9780440152309,124
9780399146602,3504
9780671542122,124
9780451521590,15462
9780713994605,8863
9780812503050,10329
9780380705481,10555
9780316702751,7898
9780425130254,124
9780374517830,9446
9780425169254,124
9780449210000,5562
9780345253736,800
9780345362865,800
9780345362865,10578
9780020868804,1795
9789960340111,14514
9780060935405,9843
9780374522810,7241
9780374522810,2263
9781557282040,6432
9780060956738,13136
9780553293364,6020
9780441089345,15384
9780446519762,4529
9780446519762,10190
9780743457637,14236
9780345407603,13907
9780743509442,11804
9780836250879,6134
9780836250879,5496
9780836250879,9899
9780440425366,9129
9780440435747,9129
9780440484837,9129
9780440411253,9129
9780440406495,9129
9780440407027,9129
9780440381143,9017
9780440381143,8857
9780553261257,12578
9780553149074,8673
9780425080009,124
9780425103524,124
9780440192282,124
9780425100417,124
9780451199928,124
9780425177419,124
9780061003783,124
9780061003684,124
9780425174739,124
9780743423762,5560
9780671638221,2046
9781400060269,60
9780061052040,14359
9780380781041,13939
9780671420956,124
9780393322965,9840
9780375411113,6744
9780345365392,14396
9780671701598,91
9780140361223,10
9780140361223,4430
9780140231595,9656
9780140231595,2363
9781853260285,6482
9780396073734,124
9780671552220,2401
9780440957768,9446
9780451515049,14926
9780451527097,283
9780451527097,15560
9780451181442,14652
9780425159613,9602
9780425154632,9602
9780441008636,14932
9780553269291,12578
9780743427944,10459
9780684825045,7653
9781565071872,12353
9780671019167,10459
9780671464967,124
9780425163832,2776
9780425163832,8184
9780812518054,11264
9780812518054,8211
9780671701628,4622
9780440917199,9446
9780441783298,16
9780425072554,178
9780440906490,9129
9780373261895,2567
9780441001460,10301
9780671823337,124
9780671437961,12187
9780140064827,4896
9780671568313,15159
9780425108581,124
9780553276510,12127
9780886773861,14390
9780380011070,3717
9780449207024,4262
9780590416245,7737
9780679890997,10785
9780446403184,4262
9780060244750,9401
9780812579413,1251
9780812540376,10914
9780451185129,6946
9780451185129,3591
9781573182034,8569
9781573182034,330
9780807846469,10369
9780938716280,7327
9780762702268,8068
9780743427920,10459
9780836283433,13835
9780836283433,4604
9780449214954,4262
9780671738624,2061
9780842373562,13858
9781576739754,1761
9780393038538,539
9780312927745,13041
9780684848976,8266
9780679449430,4125
9780842371896,15123
9780842371896,10929
9781551664996,2755
9780671470715,7951
9780375405358,6147
9780399142987,1235
9780385485210,7722
9780684845265,11370
9780440210177,2615
9780553345018,9595
9780394509655,5907
9780877900504,11579
9780486411910,12752
9780738204048,14872
9780738204048,12912
9780425110423,5512
9780060639051,12937
9780553257434,13564
9780892131181,14
9780892562657,6314
9780892562657,3150
9780671463199,5751
9780670383290,9240
9780140465600,9251
9780823030972,9664
9780823030972,1764
9780425075821,2297
9780451136039,15344
9780140272802,15354
9780425137468,14597
9780425092033,4482
9780373484836,11169
9780373244485,11169
9780140277296,9239
9780380007004,2753
9780380007004,1046
9780380700998,11826
9780375507472,10249
9781558701311,27
9781558701311,9593
9781887911511,534
9781887911511,5311
9781887911511,6966
9781887911511,8442
9780670878819,14330
9781564651624,3784
9780553203639,13
9780394564326,10627
9780345362506,9486
9780940159143,4187
9780399145421,2241
9780523421216,4670
9780523421216,15512
9780609800904,8819
9780515120875,11169
9780966443004,14452
9780743410601,8047
9781582340968,8041
9781587210976,7218
9780135814215,8291
9780140068924,13090
9780312045234,5058
9780394724379,11951
9780517704806,13175
9780689813276,1951
9781574882292,4600
9780064401753,1363
9780064401753,9544
9780141310879,10389
9780156011549,5061
9780879612313,6255
9780879612313,8384
9780879612313,12982
9781558176751,14344
9780380720996,10474
9780821771167,9119
9780689863639,13302
9780689863639,13302
9780761319412,8694
9780449218204,6984
9780345417732,5656
9780671025861,14963
9781883523138,7091
9780385495059,3855
9781556591242,2790
9780140057935,11660
9780515131734,9191
9780751531299,5149
9780821769393,8543
9780140093285,13090
9780440191230,11471
9780140076004,2144
9780553578294,5332
9780669217360,15103
9780912238258,5144
9780912238258,5618
9780743457460,9454
9780743457460,9701
9780743457460,2132
9780684844954,7825
9780449200988,15050
9780449200360,393
9781902881843,10812
9780395281604,5831
9780884111436,14404
9780671203573,10070
9780451163516,8320
9780075536222,318
9780449910894,6536
9780553226348,6633
9780440121411,12855
9780831754082,10846
9780871137777,14793
9780385317009,11062
9780805055450,1935
9780805055450,14882
9780590433648,15475
9781582343495,1268
9781562472306,10907
9781562472306,13436
9781562472306,13436
9780789432339,3541
9781572972933,11751
9781572972933,14428
9780688048310,9566
9780688048310,1474
9780449910269,3000
9780394555287,3608
9780394555287,14833
9780816038466,3208
9780816038466,4748
9780816038466,13996
9780002179683,3058
9780446519786,13303
9780449208182,3686
9780140150445,7445
9780140150445,3748
9780064401876,4627
9780064401876,14399
9781579620608,1734
9780399146305,4612
9780972022101,10773
9780826321145,7761
9781931243322,5850
9781931243322,2167
9780380759507,12040
9780671722777,15462
9780671722647,15462
9780970310507,12307
9780060910495,13555
9780312929275,2254
9780809434909,14698
9780060916015,15378
9780314040534,8447
9780314260437,6893
9780393000696,10248
9781851680658,7597
9780316547338,3011
9780316547338,13994
9780415908078,1244
9780395674376,13749
9780446394574,13561
9780020518709,4432
9780446513647,9202
9781562477585,5802
9780393001587,12172
9780802773876,4654
9780802773876,7888
9780805006926,13056
9780385192408,10076
9780385192408,10212
9780767903592,8034
9780140119695,13412
9780894803222,5707
9780894803222,13097
9780962341052,9590
9780962341052,9622
9780891093695,1988
9780941483094,5658
9780886875268,10786
9780886875268,2026
9780963557575,4065
9780876091722,5865
9780439135238,2949
9780446671224,6392
9780446671224,1933
9780937295137,14129
9780345349040,10762
9780060972943,9909
9780060972943,9567
9780446611756,15281
9780486277851,15328
9781561384792,6551
9781566395304,1604
9780895297310,4917
9780934878425,2959
9781592799176,8226
9780486240305,1103
9781573221252,14287
9780066211480,4090
9781575842790,11709
9780944634325,8742
9781576730409,2306
9780812921823,14662
9780714827360,5243
9781576732533,8324
9780830724925,5421
9780376024787,14124
9780805065985,5076
9780743218030,10394
9780874173512,10363
9781558502871,9977
9781558500501,9997
9780135085325,3862
9780312265618,61
9780395979365,1885
9780312268039,568
9780684850795,12650
9780881622805,10761
9780688165277,1668
9780380975440,7476
9780395430972,12716
9780785272397,2770
9781841950952,14316
9780385141048,9534
9780967370163,9844
9780785268765,5384
9780312263010,4736
9780805056211,9934
9780380975921,12114
9780446524483,1801
9780446519908,3906
9780451168368,7988
9780877735441,4494
9780961475437,2307
9780963625540,2307
9780963625540,7938
9781559722759,1061
9780807009536,12085
9780451526700,5539
9780451526700,2992
9780310217060,3004
9780310217060,6459
9780310217060,13976
9780310217060,14586
9780875964812,14161
9780875964812,3956
9780471169178,4012
9780786866762,6307
9780060805425,10188
9780156027861,10106
9780689856747,6168
9780689856747,4933
9780671677213,15566
9780671677206,15566
9780802754301,6071
9780385311045,1250
9780472060955,15548
9780472060955,15158
9780743205627,1567
9780671524098,6650
9780393009163,10248
9780471496427,2148
9780471496427,6199
9780471496427,7471
9780471496427,3670
9780044409007,9116
9780044409007,9116
9780553578256,8762
9780679741916,612
9780679741916,12431
9780312253417,13871
9780060198329,8768
9780894806193,5349
9780679764397,10998
9780520088795,839
9780520088795,14246
9780060932138,10686
9780060932138,10442
9780449912331,974
9780671734596,13382
9780312861292,3108
9780962295706,9216
9781582343112,4714
9780679870425,10806
9780553279115,13545
9780345345059,235
9780671028299,14749
9780961000806,2215
9780961000806,5932
9780316105163,15016
9780316105163,12849
9780376024855,14124
9780376024763,14124
9780425064504,3950
9781929156009,1820
9780553268720,11442
9781582431260,10411
9781883642440,4759
9781573221689,7918
9780395984161,5828
9780805066661,5659
9780590465885,1973
9780395941133,14756
9780060282325,9356
9780312876616,12432
9780060194178,7272
9780385492973,1113
9780395945155,8007
9780375402722,29
9780316472401,14545
9780944072912,44
9781582430225,15556
9781582430225,10414
9780385478199,8787
9780060926069,15020
9780865342699,1319
9780380762958,10048
9780505525055,14060
9780044409571,355
9780044409571,355
9780044409571,13392
9781559360739,14826
9781559360616,14826
9780679722069,14598
9780679722069,5434
9780380703364,2292
9780380703364,377
9780810980990,14431
9780810980990,1939
9780448192185,7321
9780141312187,5457
9780706431643,12040
9780671019969,7542
9780671019969,11950
9780449217498,6256
9780449214190,6256
9781878580450,13953
9780679437031,4989
9780679437031,12312
9780375707407,3962
9780471155454,10537
9780471155454,10204
9780446605960,9176
9780374309305,14695
9780449206515,6256
9780375811777,779
9780385480338,778
9780385480338,11281
9780385480338,10742
9780385480338,14192
9780061092619,14821
9780451133120,13135
9780684858265,7438
9780449244746,6256
9780449244746,9151
9780449244746,6698
9780449238592,6256
9780140093452,6513
9780317532906,6651
9780380755400,2292
9780671680794,3504
9780449147450,14975
9780380704057,4260
9780380705290,4260
9780879052683,10057
9780449234945,6256
9780671680763,3504
9780425189047,12619
9780553284133,5265
9780451166876,719
9780451166876,623
9780446670333,4037
9780812527254,4529
9780440212041,6114
9780553199550,12770
9780449220924,6256
9780375758775,489
9780899669618,10366
9780060924799,959
9780399122705,15421
9780449210925,6256
9780812534375,6256
9780449239599,6256
9780140036633,10450
9780553272932,12491
9780451409652,10610
9781555972400,6511
9781555972400,3604
9780521425049,15462
9780521425049,7601
9780521425049,12826
9780345343727,8884
9780804113649,2641
9780671664824,12801
9780380721214,6348
9780671720186,6920
9780345388742,3005
9780553290103,3100
9780553262810,3044
9780812502701,12059
9780786705337,10650
9780812532234,1251
9780425086575,1251
9780812532081,1251
9780812532364,1251
9780812500769,1251
9780553249354,5560
9780553277005,5560
9780553277005,1481
9780441007912,12615
9780441007912,11833
9780441132454,178
9780446341813,178
9780671746346,3204
9780671899004,10291
9781878067265,1189
9780553266641,5342
9780553290059,981
9780380790524,5342
9780553573329,5342
9780345326003,13937
9780273637370,5963
9780273637370,13100
9780875848778,11933
9780875848778,14623
9780553298178,981
9780553298178,4980
9780812520620,1678
9780446350983,13444
9780590419666,7934
9780886774929,15137
9780394723662,6308
9780671720797,8643
9780671720797,3586
9780671720797,1223
9780671720797,5311
9780671720797,14057
9780449206508,6256
9780449214206,6256
9780812513011,6256
9780684859019,5764
9780671654047,4742
9780394450773,6256
9780743434874,5562
9781850180494,5866
9780425187401,2546
9780449232040,6256
9780679781424,12045
9780684864181,2580
9780345359339,12818
9780345373489,3599
9780671809386,4683
9780312924294,14339
9781565846562,14088
9780061003424,15597
9780451174185,13661
9780140171679,12917
9780804103718,7979
9780380722600,3965
9781558173330,15236
9780449218495,4384
9780345343260,12424
9780671559045,4742
9780345312013,15369
9780375757648,6305
9780375757648,8912
9780449205983,4385
9780451158710,3975
9780671677220,15566
9780821738979,9540
9780836218985,1490
9780810913035,14431
9780810913035,1939
9780060287399,6852
9780375761225,5713
9780375761225,2778
9780066211695,4669
9780805005035,11477
9780345340412,458
9780671455255,4323
9780802138033,6039
9780802138033,4818
9780060907969,1275
9780449211472,6256
9780449134047,7281
9781569800676,1605
9780345330147,12605
9780671720087,8635
9780449237618,6256
9780345332851,178
9780671698515,7284
9780812536461,5560
9780385333788,8539
9780380720880,12238
9780671644215,4030
9780553158892,11583
9780553158892,5796
9780441908721,12092
9780515126983,15130
9780671578558,3235
9780345371973,4769
9780886775643,15137
9780802313164,2081
9780312088354,6245
9780553232899,9608
9780060932909,10180
9780609606070,13146
9780306804755,1787
9780306804755,13657
9780394505053,6256
9780878579105,6256
9780878579105,8796
9780743205672,4945
9780743205672,9006
9780805047363,13537
9780743222945,6440
9780439376068,5011
9780439376068,5516
9780439376068,2996
9780525457459,13630
9780525457459,6817
9780060960803,12365
9780375801761,11954
9780805054538,2668
9780312110529,3772
9780525093305,9789
9780671633639,11765
9780671678050,8239
9780452262706,6172
9780688155162,8437
9780060959623,3329
9780385266369,13922
9780140178722,4986
9780195030686,11597
9780670882076,11844
9780395957820,8295
9780156505154,12196
9780854491872,10550
9780451623799,5033
9781568362649,3502
9781568362649,3502
9780393039870,11166
9780140077711,6513
9780425153796,13443
9780671740504,15208
9780553293913,8032
9780671016715,11370
9780394710938,6952
9780449203156,6256
9780156806756,3845
9780671746483,5842
9780671743888,3100
9780671743888,2816
9780671743888,4969
9780671739188,1608
9780671520441,10981
9780553241747,7162
9780671880309,13331
9780671880309,3272
9780671880309,8529
9780553121117,6271
9780671709709,10281
9780671520465,14236
9780671506049,3466
9780671506049,5980
9780671506049,12705
9780671506049,13002
9780451129475,15192
9780451129475,4812
9780671882679,3466
9780671882679,6904
9780671882679,13003
9780671882679,12317
9780671520960,3272
9780671520960,8530
9780671520489,7347
9780671797041,14236
9780671453589,12665
9780671537838,2402
9780671881160,4455
9780671872755,7980
9780671568115,7464
9780671549176,7539
9780671520472,11804
9780671658151,2036
9780671741402,3075
9780671741402,2907
9780671519148,8573
9780671519148,10533
9780671519148,6892
9780671519148,12539
9780553241709,3100
9780671790653,9660
9780345272126,178
9780345272126,13784
9780671705602,5842
9780671501051,1608
9780671746476,11804
9780671524883,3366
9780671798581,6124
9780671798581,10533
9780671798581,12539
9780671879976,12696
9780060916091,6965
9780449005125,7654
9780374520762,2479
9780671741433,8297
9780671666620,2882
9780671465438,3075
9781884907876,4131
9780449221204,2516
9780345369987,458
9780671864163,6051
9781586131012,5812
9780767905046,2094
9780802131379,5859
9780380788750,8676
9780553560725,11561
9780553560725,5233
9780515113525,630
9780515113525,11512
9780451452351,2499
9780689835551,8179
9780752843759,7027
9780874777994,3639
9780061007071,10960
9780811205962,14430
9780679750307,4673
9780921912958,8143
9780486287591,7609
9780312963156,11743
9780691003122,10697
9780670884605,7238
9780670884605,9301
9780887307362,10437
9780688089054,11912
9780688089054,11913
9780399522666,11641
9780062548665,825
9780804112659,7262
9781561704057,8802
9780446525688,1442
9780061011887,4613
9780345362254,11653
9780380728756,1059
9780740729492,9070
9780740729492,11473
9780740729492,691
9780140046946,10038
9780684837451,3654
9780312022808,13133
9780828869782,9235
9780828869782,7104
9780553213928,15147
9780553213928,6536
9780881844634,641
9782710300250,6658
9780375507915,12179
9780486220376,2176
9780486220376,3850
9780839828501,5441
9780394408859,6980
9780310219347,7663
9780394565613,6256
9780192834324,883
9780192834324,10548
9780192834324,4763
9780192834324,3896
9780684839578,9053
9780684839578,11367
9781564767684,3348
9780440123927,810
9780385264860,9948
9780385264860,12898
9780061099212,812
9780870119200,9437
9780870119200,7931
9780394741727,1845
9780140437904,5012
9780140437904,2862
9780140437904,9662
9780060975463,9709
9780671578589,12059
9780671578589,5263
9780671653989,9154
9780886777111,537
9780886777111,9975
9780886777418,9798
9780671577742,5255
9780671577742,12059
9780670874859,6465
9780553349153,4341
9780156227254,10554
9781578511938,3579
9781578511938,266
9781578511938,3229
9780684815756,1533
9780399522765,4743
9780399522765,11777
9780385475983,8920
9780385475983,5707
9781561382477,8639
9781567312959,5867
9780382091179,12011
9780382091179,5150
9780553560206,6800
9780345332783,10607
9780824910594,5928
9780670838103,13983
9780689812743,13851
9780689812743,5075
9780140542387,9109
9780394530192,12797
9781556113307,11934
9780156093101,4593
9780395486177,15422
9780064407472,4860
9780060952426,13623
9780060957186,13623
9780870540943,5312
9780743452632,5312
9780380812004,12221
9780553293876,981
9780553573336,10667
9780553573336,981
9780670030033,4896
9780029639009,3951
9780679430674,5563
9780525943624,1614
9780525943624,10388
9780060985011,2146
9780399512339,6915
9781555253905,9911
9780440415947,7199
9780671892258,14207
9780316693714,6385
9780440203247,2692
9780440505983,4245
9780688118853,3135
9780395470435,2722
9780374184230,13444
9780671541392,9284
9781852307929,8422
9780451406279,13184
9780451406279,7694
9780060192242,6802
9780312146313,307
9780312146313,8903
9780393087970,8426
9780679456827,8781
9780679456827,6434
9780679454793,15209
9781575661384,4564
9780380802111,8142
9780553085761,3485
9780679456315,2892
9780553095876,3485
9780679738145,662
9780876857441,3493
9780376015563,14123
9780376011992,14124
9780376011992,14125
9780376011992,14123
9780376011992,14230
9780553581928,13566
9780451200280,14784
9780425183021,12611
9781551668598,6457
9780671036560,550
9780449224267,7804
9780449149904,11882
9780395765289,5510
9780395765289,9658
9780380975341,7203
9780916180010,12473
9780916180010,5740
9780679768142,14798
9780316812405,2159
9780684834726,12481
9781556155680,13223
9780553581935,13566
9780451202314,2093
9780465019809,11111
9780671661359,4216
9780534178086,5074
9781551669151,260
9780140250947,14685
9780393960129,6701
9780393960129,7798
9780312155476,10110
9780393950342,8734
9780393950342,5822
9780393094121,2905
9780821766576,4564
9780451180759,8768
9780312974503,3192
9780316115926,15314
9780449202913,11958
9780393959031,14580
9780393959031,13429
9780821223499,7554
9780821223499,572
9780821223499,1076
9780312979393,15306
9780812590258,585
9780786889600,12561
9780471985815,8397
9780471985815,12718
9780471985815,8399
9780822953562,4467
9780671553036,14487
9780060175184,6802
9780786889754,14341
9780446605052,11788
9780345428288,13883
9780140155051,6337
9780553571837,8271
9780440235217,9921
9780425171400,6065
9780425184240,14469
9781551668246,260
9780671523091,6650
9780425160398,6065
9780812928341,10658
9780385471282,11438
9780451205414,2464
9780451205414,3507
9780440235811,2823
9780515126518,3504
9780380818655,5092
9780743430999,12481
9780671019556,9005
9780312112875,8952
9780679760665,605
9780140094602,1523
9780385494243,5916
9780451519481,14982
9780451519481,4765
9780812576405,981
9780812576405,13861
9780375706691,13287
9780452011878,1065
9780452011878,8879
9780553109580,14417
9780964411913,14697
9780872431690,5699
9780785264286,614
9781881471325,2185
9780573690211,563
9780374102050,2645
9780060950774,14275
9780060950774,14276
9780819143846,12180
9781885492203,1534
9781885492203,15010
9780671528362,13878
9780679720218,220
9780679720218,14070
9780446670197,10410
9780786885886,6962
9780786885886,14747
9780747259527,10460
9780886779771,14359
9780804115728,2641
9780520209107,13344
9780812568684,142
9780812568684,3228
9780425164358,12894
9780804114899,2641
9780449221112,3504
9780380774999,12894
9781551664309,12260
9780345397812,811
9780871132093,11454
9780451406897,5604
9780553576238,14443
9780425181973,9357
9780553294088,14443
9780312966218,1633
9780821742846,6864
9780312152840,6627
9780312152840,1197
9780312152840,1630
9780312152840,9430
9780671624835,11164
9781564265531,187
9780380781485,1633
9780812544169,6183
9781559724302,13943
9780140062786,4954
9780553573701,6493
9780061073618,12398
9780061073618,6926
9780671413675,1567
9780060965105,7854
9780385248259,2649
9780394754277,3375
9781885492036,1439
9781885492036,2006
9780917657467,5096
9780385503631,8833
9781558211858,3616
9780671755058,3750
9780812929133,15411
9780679735182,12414
9780449906569,8097
9780060170806,9248
9780553245189,5100
9780452268739,11013
9780896223332,9973
9780451185143,13464
9780385494335,5916
9780070371620,193
9780394559582,1172
9780385245791,1172
9780380973170,4173
9780192816863,7641
9780192816863,6886
9780440226406,1250
9780060924676,1321
9780892966882,9566
9780679721741,12917
9780684815091,2976
9780156153959,15098
9780451180223,2977
9780553572513,4154
9780449912638,4753
9780804107518,605
9780837820460,5598
9780486415840,11643
9781575252926,3677
9781561893973,14849
9781561893973,10714
9781557043030,11452
9781557043030,15067
9781557043030,12807
9781557043030,15332
9781562823481,15485
9780684854755,14930
9780684824895,3687
9780664501167,3533
9780811823609,8535
9780449901557,3786
9780060933159,2621
9780679766667,12471
9780684847955,3687
9780345386816,978
9780345386816,969
9780590453875,12112
9780875346199,2429
9780875346199,15030
9780875346199,3746
9780939680498,6442
9780812550979,3497
9780345395108,7892
9780684169408,4432
9780440219248,2010
9780451524706,323
9780451524706,5009
9780916515324,520
9780609602485,920
9780451402530,7082
9780345370570,8064
9780671770433,94
9780395442562,9858
9780446313032,11305
9780553291209,2641
9780786707553,9661
9780380813735,8768
9780425148211,13819
9780345346865,458
9780345352545,458
9780671455262,4323
9780671683566,4323
9780425169667,2587
9780425146385,2587
9780425163979,2587
9780425153369,2587
9780345371263,8946
9780804102810,4119
9780380770304,7056
9780449007112,458
9780345354891,458
9780449007068,458
9780553286168,12693
9780312141899,14314
9780312141899,13079
9780553272376,2641
9780671678944,9549
9780380759088,10281
9780380759088,7468
9780671870898,5197
9780140340204,12586
9780140340204,12080
9780553481808,1234
9780964102408,6134
9780964102408,11907
9780385292092,14329
9781558320543,9039
9780394553757,11746
9780890875193,12167
9780440506348,903
9780689823909,1239
9780689823909,13475
9780671747824,1731
9780553542318,14740
9780440418283,8608
9780684803869,7696
9780684803869,12623
9780671826789,14574
9780671464806,4323
9780671464806,10072
9780671464806,9405
9780671455309,4323
9780671455279,4323
9780671464141,4323
9780671456399,4323
9780671455293,4323
9780671464813,4323
9780451156235,4951
9780140108712,14553
9780345376824,13324
9780345382696,13324
9780440414551,13016
9780783890036,2086
9781572701625,2086
9781572701625,12871
9780440160168,13685
9780002215817,15050
9780440207450,13360
9780425084731,8780
9780425104293,8780
9780425079607,8780
9780425094730,8780
9780425104309,8780
9780380751457,8780
9780425100059,8780
9780679861805,6129
9780440402268,7839
9780440400103,7839
9780440400639,7839
9780440400639,206
9780590226363,3276
9780590226363,9570
9780064408400,8735
9780064408400,1288
9781561560936,5749
9781561560936,3638
9780802115331,5099
9780345443809,9645
9780393317015,1306
9780140177367,7509
9781886746374,12701
9781886746374,11268
9780449148716,8808
9780671206710,9378
9780679807742,6788
9780689821516,631
9780689821516,14853
9780689821516,13748
9780399207587,4361
9780525447092,10
9780886778446,14359
9780883623381,10434
9780517541999,12341
9780916103545,14025
9780684837925,6476
9780393301588,13671
9780393301588,11816
9780393301588,6408
9780393301588,11816
9780671447618,2199
9780812882964,11869
9780374319694,2929
9780875964805,376
9781579545635,1697
9781579545635,7881
9781579545635,12062
9780449909546,3714
9780345309044,5511
9780451197016,7373
9780805779615,3590
9780802130792,4476
9780802130792,3612
9780316769570,6118
9780316769020,6066
9780785728474,6256
9780802730190,6074
9780452272583,11767
9780192833587,6482
9780192833587,6343
9780192833587,9594
9780192833587,2541
9780449909171,12212
9780684802671,11682
9780671007850,4253
9780671006105,8876
9780671005023,5810
9780671007232,1311
9780822010937,9313
9780822007081,12726
9780452256170,5544
9780399510731,6075
9780802135506,4106
9781556708558,9568
9780140251388,9919
9780688155506,13121
9781860462580,250
9781860462580,5363
9780440226932,13576
9780312155636,6095
9780312155636,4257
9780446525596,15228
9780446525596,8642
9780892817818,11411
9780892817818,10218
9780140246148,13649
9780394726427,14599
9780312968892,7338
9780671010126,9005
9780425143575,6156
9780517524176,1219
9780553351378,13269
9780345381644,13383
9780789200013,1199
9780789200013,5151
9781582431109,8973
9780061011849,7876
9780786011384,8373
9780786010578,8373
9789706900425,11177
9780812928426,11722
9780609801888,4011
9780679725763,11073
9780140366679,6168
9780140366679,760
9780312119331,558
9780671686215,3171
9780553282610,11283
9780809254996,1477
9780140243918,2188
9780385315142,11827
9780385315142,14654
9780373832873,4241
9780684832869,11642
9780684832869,15109
9780671769604,1567
9780030195167,7257
9780553212259,6168
9780070439917,5155
9780393091199,1887
9780449219614,808
9780139705823,3928
9780688052393,12457
9780140131550,11569
9780669910667,173
9780393090475,8752
9780393090475,13940
9780380811991,2409
9780449003886,14140
9780380794805,1126
9780449222805,11497
9780515105919,6982
9780875427393,13484
9780446360944,584
9780553581850,14443
9780380820795,8023
9780671873165,9023
9780515129748,8016
9780380809271,13232
9780380809288,13232
9780380818044,13232
9780380818037,13232
9780380797486,13232
9780060514051,8023
9780380820801,8023
9780380815265,8023
9780380798865,14268
9780380810710,8023
9780515133622,9357
9780515133622,13600
9780515133622,9449
9780515133622,8000
9780821765746,10285
9780380820832,14268
9780380809165,14268
9780380818501,14268
9780380820825,14268
9780394571812,8937
9780380802906,4041
9780441153138,12890
9780451166029,10079
9780380767847,7054
9780590402804,10329
9780060503536,13400
9780671744212,7910
9780445209404,12360
9780380789337,7877
9780312998363,13600
9780553252835,8271
9780345353672,11877
9780449210239,345
9780802135414,12652
9780393323146,1773
9780670892471,10329
9780425118313,1147
9780441006250,800
9780439062817,10130
9780812558258,11424
9780812558258,14484
9780812564174,7148
9780449149577,10885
9780345379849,800
9780684811130,359
9780441005833,12890
9780671753672,6770
9780671753672,491
9780671753672,4894
9780671753672,10425
9780380702879,12956
9780152008697,11418
9780879516970,14383
9780879516987,14383
9780843947472,2972
9780505525529,9383
9780380776177,9184
9780440236740,2672
9780536597076,108
9780030226861,3841
9780155053274,10965
9780875650548,4267
9780875650548,6429
9780321090935,15200
9780072822809,5052
9780072822809,13791
9780843948165,9383
9780671865849,12186
9780886779221,9975
9780886779221,1709
9780060098537,7793
9780380818068,96
9780449005163,9466
9780671664244,6783
9780671664244,9165
9780375806773,4207
9780375806773,14878
9780345328397,871
9780451407108,12061
9780505522559,13318
9780380761500,9089
9780380770137,9089
9780451149206,3567
9780425140949,12875
9780425093894,981
9780451149374,981
9780671793890,6636
9780385469609,2614
9780919891272,11235
9780138876548,7816
9780853980056,5073
9780316507417,5527
9780307136565,2165
9780307136565,1326
9780307136565,5742
9780307136565,977
9780451163097,226
9780451163097,4996
9780394504322,15335
9780394504322,10891
9780394504322,14211
9780060972929,5588
9780394800868,3805
9780553353891,7248
9780684837208,420
9780684837208,3796
9781889461021,11093
9780306802539,5551
9780898621280,3399
9780898621280,2437
9780771033735,5133
9780062701909,4474
9780062700162,4474
9780345339423,11142
9780394700052,15377
9780316507356,5527
9780425132111,1200
9780425132111,7672
9780671680275,5517
9781572231405,13001
9781572231405,9394
9780375500312,10249
9780590844758,6202
9780553374520,13789
9780394712390,15377
9783548254159,13916
9783548254159,7140
9783203751047,6877
9780140154078,11569
9783596147236,5933
9783499131707,3559
9783499131707,3558
9783499136894,3559
9783499136894,3558
9783466343751,14941
9783466343751,5624
9783442723300,6011
9783442723300,10582
9783442446780,12778
9783442446780,8519
9783596121472,1176
9783257216059,7370
9780671853419,8333
9780446341752,13663
9780446341851,13663
9780553249163,14404
9780671464042,4652
9780671507329,3504
9780439354950,14286
9780439354950,6317
9780553487725,10459
9780515115642,8964
9780812564594,142
9780812564594,3228
9780451192301,14370
9780425185780,9602
9780446405263,56
9780380792542,14370
9780671222475,4639
9780812585650,800
9780671674267,10257
9780553285086,11909
9780590030205,9234
9780425155509,1725
9780445408647,57
9780449149003,56
9780425191279,9602
9780517146781,1106
9780156006514,5111
9780449148297,56
9780671528195,5512
9780743417037,10431
9780684838922,6537
9780684838922,10564
9781582341330,865
9780806943428,8907
9780806943428,4457
9781414051994,9870
9780525946533,9087
9781565845602,13703
9781565845602,11031
9781565845602,14319
9781567315264,10497
9780446530194,4613
9780873512886,2178
9780873512886,12287
9780517575017,7797
9780385417921,9609
9780671437930,2861
9780671225919,7814
9780312373085,13348
9780679415794,1176
9780060153014,3489
9780395339701,7814
9780446512367,585
9780800714116,3022
9781557482105,5280
9780890814444,9130
9780840756176,9001
9780835806213,10240
9781561790616,13896
9781561790616,1436
9780310372714,5518
9780890815038,4523
9780892837106,6438
9780890817711,1555
9780800751241,4525
9780912106342,3400
9780912106342,12567
9780917726408,2213
9780917726408,4629
9780890814314,12987
9780890814314,1744
9780890814314,6291
9781555131081,14677
9780891094203,5152
9780892744428,4025
9780882077116,2978
9780912376370,7389
9781576736517,3794
9780883680919,593
9780840732422,1286
9780802468086,6093
9780802403339,9829
9780449236123,11205
9780840734587,13584
9780840734587,678
9780840734587,6489
9780840734587,6489
9780896938175,13330
9780310313410,4482
9780802413970,6374
9780896935471,15238
9780896935471,15239
9780307120007,3716
9780840753601,6409
9780684814650,2320
9780684814650,5554
9780895775504,4570
9780895775504,4572
9780877795094,15258
9780062700780,11732
9780800700898,15129
9780028702506,14524
9780028702506,11091
9780801010705,690
9780840775771,1461
9780840775771,3139
9781551563459,1524
9781551563459,11377
9780618446889,10799
9780373218578,11169
9780373218851,11169
9780064400978,10208
9780064400978,9150
9780064400961,10208
9780064400961,9150
9780800711801,11205
9780891094227,7010
9780877844860,7548
9780802415448,12753
9780891090724,10992
9780871235626,15342
9780871235626,9729
9780669086690,8602
9780669086690,5109
9780805453317,11033
9780896933026,5829
9780896933026,6753
9780070615373,7515
9780840790699,5261
9780310269519,4944
9780310372813,8892
9780842350235,4964
9780847407392,10695
9781555136598,157
9780802459824,12094
9780802487872,4914
9780801082443,7480
9780310347019,8866
9780891911371,14677
9780891091431,13007
9780802473691,5078
9780842315074,8599
9780802489715,3020
9780310459316,13178
9780891091813,6248
9780830703456,7421
9780310225799,2348
9780893756116,6482
9781576731864,4651
9780345452696,5968
9780771020131,2302
9780771020131,7093
9780384242142,1756
9780754091394,852
9780451626103,1818
9781556610349,1573
9780871239907,1573
9780871239396,1573
9780871239402,1573
9780871238702,1573
9780064430173,9653
9780064430173,2608
9780570060192,6514
9780570060192,10167
9780570060758,1958
9780570060857,15095
9780570060857,1393
9780020868903,1830
9780020442301,1818
9780688121167,5249
9780890438435,14504
9780743246125,13366
9780460875967,2281
9780960394623,7946
9780960394647,7946
9780679893349,13777
9780679893349,6451
9780883965054,1529
9780805047905,1459
9780805047905,4353
9780399501517,4823
9780849914966,14982
9780849914966,14458
9780842335997,4651
9780842335973,4651
9780842335966,4651
9780842335980,4651
9780886873424,11389
9781850155010,13529
9781850155010,5652
9780397300068,5641
9780397300068,5641
9780830729135,10179
9780871238825,6588
9780871236111,6588
9781556610868,6588
9780871239792,6588
9780871236166,6588
9780871234018,6588
9780871233158,6588
9780871233455,6588
9780871233424,6588
9781556610592,6588
9781556610028,6588
9780871239464,6588
9780871234131,6588
9781578563937,9114
9781561794607,4941
9781561794607,11185
9780310202301,5103
9780395911686,13505
9781558531215,5414
9780786882410,8747
9780898401004,11592
9780898401004,1498
9780930014896,9277
9780930014896,2251
9780805461954,13020
9780195061550,10532
9780195061550,15396
9780195061550,1755
9780801062506,6299
9780802404527,2189
9780064471060,1818
9780064471060,11698
9780064409421,1818
9780064409421,11698
9780064471053,1818
9780064471053,11698
9780064471077,1818
9780064471077,11698
9780818402531,11857
9780818402531,1006
9780802490544,7283
9780800758387,1721
9780800758387,560
9780800758387,15005
9780310209164,3478
9780449238943,4426
9780449237861,4426
9780449237861,1419
9780891092896,2851
9780891079194,4680
9781561793624,11014
9781400040933,12740
9780842319478,4651
9780824519674,5699
9780842300520,4651
9780310212140,7461
9780310212140,1451
9780684842875,4228
9780684842875,11479
9781576832967,2844
9781561790203,4941
9781561790203,7532
9780800792145,7465
9780800792145,14550
9780800792145,3244
9780842377508,4651
9780842313070,4651
9780842339766,4651
9781578561490,9001
9781578561490,9207
9781556613364,3113
9781556613364,14438
9780762407590,6653
9780452283398,6530
9780842335720,4651
9789999364492,8230
9789999364492,3707
9781576736562,9114
9781576736562,2055
9781576736562,8006
9780802438058,4618
9780553243475,14645
9780891096078,12133
9780891096078,12163
9780891096078,8617
9780670894871,1573
9780670894871,1711
9780842318020,2851
9780842318020,14871
9780310521808,1451
9780881843057,4668
9780849905278,9277
9780879056094,15465
9780879056094,7524
9780310224716,13022
9780842321341,13160
9780880701747,6296
9781567314618,474
9780785280668,1573
9780785280668,1711
9780785280699,1711
9780785280699,1573
9780785280767,1573
9780785280767,1711
9780785280675,1573
9780785280675,1711
9780842375061,1573
9780842375061,1711
9780785280682,1573
9780785280682,1711
9780785281962,1573
9780785281962,1711
9780670030125,1573
9780670030125,1711
9780670030842,1573
9780670030842,1711
9780684718668,200
9780688151980,2630
9781573226257,11493
9780517585078,13553
9780195059281,235
9780195059281,2268
9780195059281,12679
9780395071762,13297
9780395071762,6209
9780944641392,986
9781572430754,4605
9780964920101,12704
9780964920101,12745
9780787902698,6358
9780787902698,1209
9780787902698,14779
9781561794058,14198
9780943703039,4729
9780943703039,7754
9780918684547,6177
9780918684547,12644
9780064400800,8666
9780064400817,8666
9780064400084,8666
9780064400084,4901
9780064400077,8666
9780064400077,4901
9780064400060,8666
9780064400060,4901
9780064400053,8666
9780064400053,4901
9780064400046,8666
9780064400046,4901
9781576737798,10666
9780842307307,560
9780814402177,12320
9780814402177,13325
9780684868110,10060
9780308800588,9666
9780802787675,9814
9780802787675,4404
9780849913242,10238
9781564772244,8222
9780696000126,5106
9780028630090,1376
9780452279230,6007
9780452279230,9797
9781561796342,7171
9780060669669,12435
9780060669669,6274
9781569550915,10825
9781569550915,2586
9780025196353,1104
9780842301800,9811
9781580081917,2329
9781561790418,10715
9781561790418,10032
9780802445247,2561
9781558672543,7123
9780440566144,2807
9781561381524,9398
9780891095361,5152
9780613377096,9239
9780385054485,5725
9780028634692,1376
9780028634692,1375
9780028630236,1376
9780070479326,11201
9780376022370,14124
9780060169619,13027
9780962478406,14225
9780962478413,14225
9780802413581,3828
9780802413581,14627
9780849916748,11687
9780842335706,4651
9780871236104,9708
9780871236159,9708
9780842378482,10826
9780842342711,4651
9780525946755,2876
9780960394678,7946
9780064610445,5572
9780805208696,5927
9780671021351,2474
9780671021351,10906
9781556611537,6588
9781556611537,2878
9781556612251,6588
9781556616839,6588
9780061043857,12435
9780894807510,2741
9780146000508,12057
9780670894888,1984
9780441822133,435
9780195101409,9898
9780195101409,13569
9780195101409,14807
9780195101409,15014
9780679755173,7240
9780394569390,7240
9780851191898,9607
9780804103640,9607
9780452262829,9607
9780553262100,3688
9780631189244,6219
9780671668785,366
9780151731527,366
9780671201562,222
9780671201562,8889
9780394542720,7886
9780553208184,490
9780156907729,490
9780151001521,490
9780151001521,11060
9781840680119,3921
9780749399559,4713
9780385240895,7232
9780786881482,11325
9780156260282,527
9780156260282,5368
9780679761273,4017
9780571105656,14346
9780571105656,4686
9780816621149,5676
9780802135261,6929
9780613073301,6930
9780803263437,5676
9780803263437,1360
9780803263437,1360
9789029532068,9781
9780671823061,3592
9780316082518,7232
9780415049290,14218
9780892813698,11117
9780936703008,9743
9780936703008,9805
9780590409667,1085
9780590409667,10331
9780440800545,9446
9780590624008,11061
9780688136239,31
9780836204155,13423
9780345359315,8843
9781560545156,2965
9780449240199,6481
9780449241493,14404
9780380641628,6017
9780449231982,15050
9780449214213,15050
9780451402479,7943
9780451177018,11154
9780373160624,1055
9780451114525,14422
9780345343383,5575
9780380716456,11875
9780373074792,9764
9780553225778,11474
9780449244173,14170
9780671742904,6688
9780345296597,178
9780451130983,7175
9780380822973,13625
9780446906494,4631
9780449207031,7281
9780553269321,7683
9781557732101,7334
9780671708368,10459
9780812522723,10326
9780380769513,12711
9780553100778,8868
9780060807139,1157
9780226706702,12804
9780449239971,6021
9780345355249,7892
9780881845433,7294
9780345314864,14873
9780425101797,6207
9780671430658,8318
9780553268072,9248
9780380761968,8390
9780380761968,3622
9780671431419,10345
9780671431419,11784
9780590965378,9076
9780590965378,8117
9780380455348,9562
9780891291510,3197
9780891291510,7502
9780891291510,4197
9780440156635,10899
9780446814379,5762
9780812557046,12670
9780451453495,12965
9780765342300,6540
9780671827847,8834
9780671499334,3151
9780345248688,8635
9780553261790,10234
9780441240876,3074
9780441240876,1440
9780553225228,1251
9780345346506,9801
9780345349477,2273
9780440161066,5827
9780671818852,5525
9780451172273,4739
9780671648145,14948
9780451165893,13135
9780553116601,6633
9780804112598,11634
9780553122060,12770
9780553235470,8868
9780671834098,5402
9780671834098,12687
9780671834098,13577
9780874313758,5318
9780449232859,5666
9780385007726,4602
9780505516107,2069
9780523009933,6814
9780523009933,8327
9780886770044,12677
9780020436904,7656
9780425129005,14462
9780425129005,1780
9780345286482,6387
9780446824637,4831
9780553256024,1174
9780425050019,8780
9780881840650,2400
9780440191834,9697
9780553258462,8868
9780449242391,3712
9780452252738,4390
9780452252738,4390
9780345319548,13352
9780393311198,11066
9780515040463,7373
9780061090417,8843
9780440178927,5827
9780553251135,4758
9780373160679,13372
9780671451974,15164
9780380010035,14531
9780553245011,3196
9780451147714,3729
9780671002527,10505
9780770104832,5205
9780380712113,1445
9780449125090,7281
9780373071647,1413
9780449209707,393
9780872169326,4250
9780446300292,7328
9780505515254,12152
9780340337929,4142
9780553255508,12335
9780449212783,11990
9780515086706,8208
9780882077444,4962
9780843176988,12945
9780843176988,8883
9780449205037,12363
9780553562941,2683
9780553230369,7277
9780345423634,337
9780812549874,11646
9780743488310,537
9780441525621,12040
9780451159090,3751
9780671439965,6013
9780345422583,14463
9780345422583,5097
9780689869884,8363
9780793823215,14106
9780399236013,1671
9780399236013,5920
9780553133134,7423
9780345300911,15468
9780345300911,12493
9780440106074,7683
9780385288583,6017
9780515039276,7373
9780515087253,15154
9780515095128,1106
9780553278811,9228
9780449232217,6481
9780441644490,4651
9780671469627,1715
9780828009775,9849
9780886772215,6263
9780380764136,13943
9780380764136,14678
9780380764136,2952
9780671729912,4030
9780060804954,11056
9781558172838,9993
9780445407015,880
9780440119500,11673
9780671502683,1530
9780553256987,6381
9780345293718,6166
9780815604594,13862
9780552121408,4758
9781588810076,12605
9780671746698,6156
9780515091571,7373
9780515087338,4529
9780441049158,8298
9781561291939,6695
9780679748267,11958
9780451148209,7190
9780440215288,13352
9780451528919,4696
9780451528919,4381
9780743444859,5209
9780743444859,12837
9780451144843,5519
9780449245279,5562
9781852426415,14105
9780312966041,11045
9780451138941,9067
9781558535527,14606
9780553295733,12658
9780440613961,7683
9780449204207,11990
9780523424514,15318
9780553262568,12770
9780449148242,4549
9781558021259,9176
9781558021259,15141
9781558021259,8558
9781558021259,3832
9780451081643,5582
9780451081643,7657
9780060806941,3846
9780060806941,10928
9780671451820,15599
9780373160921,12258
9780821722992,5327
9780061080531,9723
9780451182678,4081
9780345275745,12827
9780553133172,15223
9780821731130,990
9780345386304,7378
9780943235097,4521
9780312974169,8232
9780451141484,13797
9780553293852,13224
9780449146132,6552
9780671824815,5525
9781877652134,15356
9780425059999,818
9780060809461,2140
9780553203387,14137
9780440224488,1110
9781557730121,1786
9780345281524,1174
9780590333061,1069
9780553113310,5926
9780553201345,10984
9780553201345,11532
9780380558896,4923
9781558170605,10507
9780380701766,14862
9780439474290,6874
9780738807010,12040
9780441358489,11991
9780553225884,3907
9781558176539,6087
9780345314895,2460
9780373071241,1120
9780446896269,191
9780446300674,14970
9780553292589,4893
9780671507916,6189
9781577487869,8199
9780140298451,4622
9780671741037,12779
9780425064634,11097
9780821721056,14520
9780451120533,11869
9780446322492,6189
9780553246179,7942
9780373166909,7914
9780312954420,5292
9780517118429,13860
9780345383327,7007
9780679753773,14237
9780671434878,11262
9780553087253,5962
9780553087253,1514
9780553087253,167
9780451187413,817
9780373630332,1647
9780553262049,4501
9780451113351,15306
9780060805463,13701
9780449132753,7281
9780380705757,9661
9780671567873,11898
9780441240944,9986
9780440104322,12763
9780449203439,393
9780345334978,8635
9780345334978,3100
9780839825944,4757
9780373270330,13525
9780373074648,10211
9780285620872,4402
9780440217114,7565
9780523009155,1742
9780446360074,13663
9780373612444,14059
9780440123071,2211
9780446914772,5753
9780373706419,4231
9780425071199,2250
9780440008378,1860
9780451162182,7175
9780590300612,15017
9780449134368,6552
9780312914875,9218
9780345341228,4564
9780684871257,5293
9780345319081,3797
9780915473137,5549
9780915473137,12272
9780849930713,4941
9780696017285,7746
9780883441046,107
9780806625782,15336
9780806625782,15382
9780830709960,6296
9780883638880,2177
9780671620998,12410
9780671499501,14637
9780877843306,12401
9780800750268,14680
9780800750268,1409
9780688111502,8927
9780880704755,7138
9780880704755,11484
9780934134460,10593
9780891095576,6328
9780891095576,14707
9780671709006,9042
9780523008479,14834
9780671693787,5768
9780881840230,536
9780843931242,3202
9780553259575,8868
9780830813230,2863
9780830813230,5253
9780394718521,2643
9780451155009,5241
9780451164551,576
9780312960872,1961
9780393073614,7677
9780393073614,4708
9781562921491,2306
9780312926144,15041
9780312926144,2553
9780385270397,3898
9780882077123,5214
9780553253511,1955
9780553147025,4541
9780670808656,14767
9780553246407,12770
9780449205976,4385
9780449228876,7750
9780449147375,6610
9780061320682,12443
9780061320682,15472
9780553133967,11786
9780312905828,9138
9780553253634,12335
9780380709939,8768
9780553258998,12770
9780671532918,3775
9780553271591,15459
9780942024012,8329
9780345361622,8044
9780812559897,4372
9780812559897,13200
9780380773985,13251
9780553029758,4758
9780312912956,10419
9780446300858,10493
9780316952668,5751
9780446302685,6189
9780373071951,8170
9780805003819,1870
9780517536247,960
9780517536247,12783
9780375409271,13127
9780515084559,15154
9780553264906,4758
9780373706679,4511
9780440111931,13554
9780553373844,11203
9781884739095,4700
9780812558135,4972
9780671509750,7814
9780385096317,10438
9780373030941,9445
9780340268773,6284
9780877931263,2097
9780553246766,13892
9780671648701,3075
9780380599493,14842
9780140069709,7588
9780345255211,5613
9780380709359,10839
9780140130201,14239
9780440135845,9934
9780446605151,11812
9780451115478,10373
9780440125822,9481
9780425058602,7334
9780445209343,3272
9780553574043,15589
9780553574043,3397
9780449235256,7281
9780882704210,5515
9780671871215,13129
9780380705726,9661
9780060807399,11637
9780373264346,413
9780446314664,11416
9780446314664,11504
9780394740980,9982
9780881842210,43
9780821719886,6105
9780553248647,8868
9780345368713,3186
9780704326484,1111
9780394723921,10242
9780446327787,15417
9780884041559,8569
9780671600723,6552
9780380802562,14037
9780380802562,1731
9780380802562,4440
9780939286010,3350
9780393301083,10248
9780515056563,9705
9781551660981,9023
9780425070086,13636
9780380851188,7203
9780246134936,13715
9780671430740,1715
9780373085569,12581
9780373031085,823
9780440179290,15471
9780373160730,10838
9780821747162,1023
9780743431682,7397
9780873513227,15065
9780873513227,5369
9780613071833,1818
9780671504687,6799
9780030577864,12503
9780671431051,6920
9780671431051,1599
9780380791132,8788
9780380791132,8790
9780439130264,8714
9780141306971,7237
9780670260775,13916
9780425161029,6156
9780833510266,13916
9780793800728,9011
9780793800728,9910
9780553580754,9833
9780743244282,10426
9780060008871,5335
9780553264616,11169
9780590877435,7976
9780446678650,12709
9780441205660,4742
9780898156270,8190
9780793818525,12512
9780425084373,7156
9780425084373,4913
9780671541811,2825
9780505515568,4079
9780553293395,6020
9780783890654,9798
9780345444059,981
9780517542095,3745
9780609605455,13932
9780866220644,9548
9780962448201,3990
9780757300004,6137
9780757300004,9900
9780757300004,10186
9780425095904,5917
9780806961002,7678
9780806961002,13333
9780590877541,7976
9780590877626,7976
9780590877640,7968
9780590877664,8140
9780590878548,7976
9780425104842,7156
9780425104842,4913
9780671541507,8573
9780061054242,15453
9780743442619,12582
9780671652272,6563
9780671735555,1927
9780060911980,12924
9780879737962,8510
9780671042714,7539
9780671794385,3469
9780671009250,3466
9780671019150,5314
9780671042707,7539
9780062545060,9446
9780671032579,3466
9780671741426,11804
9780671032555,7347
9780671741457,11804
9780671775711,14955
9780451207630,2836
9781551668130,815
9780380776832,14151
9780515129496,1640
9780804101394,3104
9780743411547,9023
9780553573220,9273
9780380808083,14151
9780671039196,8651
9780671039196,7685
9780486261799,8076
9780912692562,6743
9780812555127,12040
9780064405737,6668
9780064405737,15268
9780394868813,13777
9780394868813,6451
9780812534016,9245
9781572700406,4627
9781572700406,15224
9780836218916,6548
9780836218916,3897
9780836220667,4927
9780812574715,12040
9780451192028,9454
9780345387790,800
9780345387790,4118
9780836217407,13423
9780373802029,10326
9780440119760,9228
9780394714202,11194
9780385312202,11242
9780736625821,15050
9780394500799,6256
9780736605021,6156
9780736605021,8632
9780451087485,5175
9781585671823,12363
9780345324450,6166
9780449911761,10131
9780805013344,14102
9780345300614,2635
9780803705838,11276
9780803705838,4978
9780688159078,14790
9780060929510,12181
9780060277475,4642
9780743434898,5063
9780743423915,5051
9780812566789,8635
9780515134407,4502
9780884042853,8569
9780060096205,13397
9780345350503,5263
9780671667030,9798
9780812534863,12040
9780553263213,11670
9780891904892,14368
9780671737122,5512
9780821735985,12105
9780345334848,2784
9780842339551,5280
9780025182004,9161
9780595144471,5463
9781572701281,3504
9781572701281,14812
9780451110299,15237
9780446365697,12659
9780446365697,13115
9780671724511,6189
9780671874957,12598
9780553171716,7495
9780736603966,5666
9780440126188,4705
9780446364706,1963
9781903436080,15462
9781903436080,15094
9781903436080,234
9780671543136,11622
9780140302066,11971
9781401088941,6097
9781401088941,7748
9780812511185,4742
9780446392341,5966
9780345277992,178
9780061054273,6171
9780441110445,429
9781582340548,2568
9780061054747,4283
9780679768647,13071
9780698107045,3312
9780333185155,214
9780671776091,7802
9780440384977,4953
9780380391233,1121
9780380699711,14998
9780671690144,1488
9780881844313,3706
9780671221393,7099
9780671732493,1915
9780747548218,12891
9780553121452,2881
9780892440382,1849
9781842326480,2788
9780380811908,13060
9780345339218,5268
9780671874865,5525
9789997405302,9960
9780064470148,3051
9780312857325,11264
9780312857325,8211
9780310275121,8287
9780553284652,7797
9780786704842,6073
9780671832612,15447
9780553290042,5979
9780505512383,1195
9780505516299,6293
9780140071221,283
9780140071221,5428
9780441783052,7288
9780449213612,15050
9780394556956,6256
9780345282897,4249
9780060179717,5265
9780440213994,13352
9780373610730,3574
9780451136497,1552
9780671532277,8635
9780671532277,6920
9780440193289,12619
9780515091335,7373
9780340020326,3712
9780425175415,6156
9780821719244,7909
9780671737788,2623
9780396065029,10496
9780446603058,3906
9780380707065,10914
9781551667164,13060
9780345383853,7007
9780440987611,9446
9780451208644,7365
9780345325884,537
9780879972738,3131
9780345318312,6020
9780525169956,9539
9780553257045,3044
9780843938364,14734
9780671526818,12598
9780345439727,15386
9780396088677,124
9780440226277,2672
9780440173991,240
9780446305617,916
9780441585557,7334
9780449204962,15306
9780451400215,1771
9780446342124,14970
9780440227953,5274
9780449209745,393
9781558174511,9420
9780440223276,1359
9780553130980,12770
9780451162892,6281
9780553148916,1056
9781558021839,15387
9780345343581,12339
9780441122899,4583
9780821716700,3273
9780380899821,7203
9780380751716,9036
9780671640125,13871
9780445203686,3713
9780812555110,12040
9780380772971,8770
9780345296016,11577
9780553272659,11228
9780843946536,15319
9780151569403,9754
9780449203941,393
9780590312646,11287
9780380008421,7099
9780553282207,12578
9780394756882,6640
9780373825035,1907
9780345256553,10116
9780446323802,12260
9780874068542,14849
9780874068542,1483
9780874068542,1540
9780761115366,1589
9781564310316,8780
9780380703692,3906
9780689806599,3313
9780689806599,6330
9780689806599,177
9780140097306,9957
9780440146292,12619
9780449200582,393
9780156551380,5089
9780373705160,10271
9780884113799,4287
9780380012275,6985
9780380607075,2236
9780380018444,4401
9780449202715,15306
9781557508270,12838
9781557508270,7422
9780515090222,15154
9780425122617,7334
9780425120439,2838
9780425052471,7334
9780449125052,7281
9780425188224,11882
9780091059804,9155
9780671007942,13894
9780449207260,5666
9780449207307,393
9780671555023,4703
9780451400376,15405
9780523417486,9732
9780380003129,5788
9780380733354,8320
9780345273550,4564
9780345347893,11388
9781557481733,8485
9780671633455,1625
9780380703128,6284
9780373638383,6262
9780886774035,10288
9780312854287,12736
9780312930370,11264
9780385261852,7892
9780385261852,9782
9780385261852,537
9780312890520,14471
9780312870546,13451
9780812545593,8553
9780152015985,10323
9780152015985,486
9780399218774,4353
9780345377593,3077
9780812095364,9685
9780812095364,656
9780812095364,9552
9780446602938,13395
9780816724352,14535
9780816724338,5282
9780816724338,6600
9780688124090,12238
9780786916573,12128
9780312941659,6184
9780061052668,4160
9780446324380,584
9780679433071,9220
9780807204689,15501
9780807204689,870
9780671624125,12795
9780380731619,15177
9780345301703,11689
9780671648770,6072
9780345369116,7564
9780451110954,7326
9780816750344,8420
9780874068115,3284
9780874068115,4450
9780935278293,15505
9780451185976,13916
9780312971847,12895
9780821764039,14132
9781564581778,4282
9780679803539,15544
9780915793808,3879
9781558533721,2900
9781558533721,8841
9781558533721,201
9780801487729,13833
9780812574982,12040
9780786819140,4342
9780312216139,6002
9780446610964,15137
9780446610964,8196
9780688139582,8393
9780786808557,4342
9781885173997,12040
9780441005659,3293
9780441006359,3293
9780812584233,6043
9780451182982,10101
9780805462999,2303
9780671524203,6650
9780891073000,3763
9780440437420,7237
9780821746202,14182
9780679892649,15265
9780671001841,12132
9780671001872,12132
9780439108409,12609
9780679856924,344
9780553280708,901
9780812507454,8196
9780812507454,15137
9780671875992,13222
9780553572391,8441
9780671877132,7685
9780671877132,15057
9780671877132,10326
9780671877132,11048
9780553562620,9316
9780836228809,610
9780812029765,2514
9780812029765,4611
9780849938979,3268
9780380709908,385
9780964561137,2557
9781878605009,7226
9780590338684,14134
9780590411837,4233
9781555135263,4275
9781555135263,2381
9780880709729,6906
9780440472100,1405
9780590401937,10014
9780590456906,10014
9780590456906,1558
9780515089943,3241
9781555137373,6766
9780800753566,7299
9780800753566,2871
9780840792549,6803
9780874064162,6546
9780380761128,4646
9780394755915,4305
9780671747138,2275
9780671656768,4092
9780671645878,1644
9780373834150,11483
9780553279535,1172
9780373244775,7079
9780373271801,15285
9780786813582,10410
9780486291703,14638
9780486291703,5550
9780064405782,6925
9781856979665,2438
9780140363913,8024
9780064405751,12940
9780064405751,3101
9780684191201,11426
9780312113421,6325
9780312113421,8904
9780060274061,6668
9780440220244,4453
9780679767817,312
9780590623766,9736
9780590623766,19
9780915560189,15498
9780395957523,13356
9780395957523,14894
9780590252195,8666
9780307119407,10327
9780425138236,6156
9780307117137,10327
9780307126856,10327
9780307126856,10327
9780307119360,10327
9780307119360,10327
9780394825694,3535
9780394926254,3535
9780440411482,10734
9780689803932,9678
9780061066320,7111
9780440409427,4207
9780689807794,9678
9780689807794,1588
9780934998192,6588
9780934998192,1635
9780441005994,1671
9780553572643,8134
9780689318337,14379
9780440425052,9639
9780440425052,1351
9781562821449,14425
9780679805274,3805
9780440411451,11472
9780020442103,1818
9780020442103,12934
9780020442103,11698
9780064404785,12940
9780064404785,3101
9780590411363,3921
9780140364743,230
9780140364743,13272
9780689714924,9678
9780689714924,15297
9780821770825,13827
9780441003150,1671
9780064405744,12940
9780064405744,3101
9780397318735,1731
9780397318735,8147
9780397320042,4787
9780440472438,1405
9780394935942,12586
9780961866341,6506
9780781409759,4046
9780856487644,11754
9780856487644,1190
9780307132048,3942
9780517560235,12341
9780525259602,11178
9780525259602,967
9780061059841,800
9780061059841,4115
9780345336033,800
9780441007288,3765
9780064461627,9150
9780064461627,9150
9780440220367,4155
9780874063356,2438
9780874063356,3734
9780590319041,2703
9780441008551,3765
9780570049623,13093
9780553154689,7021
9780440900108,13658
9780140360356,15176
9780440220282,13437
9780842332262,6906
9780842332262,14680
9780441003495,3765
9780886775797,4955
9781571451651,4188
9780886775506,4955
9780451194763,6946
9780451194763,3591
9781558747159,6137
9781558747159,9900
9781558747159,11559
9781558747159,10880
9780440412571,15608
9780027701302,4933
9780439078412,6137
9780140384239,15176
9780553155600,7021
9780671721831,8580
9780671878535,8580
9780671876364,10326
9780590442954,11187
9780385489003,11428
9780811643085,9252
9780811643085,6288
9780380800506,8244
9780689808517,7124
9780671026516,1731
9780671026516,14832
9780762409051,6643
9780312922887,5738
9780684856094,13449
9780312269241,2624
9780441451258,4792
9780380645435,6330
9780380645435,9361
9780874068412,9316
9780874068412,1479
9780440220220,5068
9780440407072,7832
9780440219910,12000
9780688010751,9706
9780486252087,8555
9780486252087,7477
9780140328745,12586
9780380709571,1405
9780380709571,14858
9780590629812,8140
9780590629812,11207
9780590494366,7976
9780394825991,11954
9780590435413,7661
9780590424608,7934
9780141301167,3647
9780590383899,3647
9780425042502,4685
9783492101653,5636
9780439286060,12922
9780140190434,2802
9780140190434,4968
9780140190434,5882
9783811820968,11770
9783811820968,5852
9783404243013,10499
9783150089576,13812
9783150089576,15310
9780380755356,13117
9780440188605,11946
9780553561227,6020
9781857231793,5895
9780385327947,475
9781591820635,15577
9781591820635,15577
9781931514644,15577
9781931514644,15577
9781569716694,8504
9781591820017,8433
9781591822424,133
9781892213754,2560
9781892213761,2560
9781892213778,2560
9781892213785,2560
9781892213792,2560
9781569319574,15581
9781591160779,14119
9781591160779,10953
9781591162148,10683
9781591162148,10683
9781591160762,14119
9781591160762,10953
9781591820642,5785
9781591820642,10159
9781569319505,2560
9781591823544,15571
9781591823544,4801
9781569714218,8504
9780671024338,2474
9780671024338,10906
9781563897498,10156
9781931514545,15241
9781931514552,15241
9781931514569,15241
9781931514576,15241
9781591820024,8433
9781591820024,8432
9781591820024,7990
9781591823803,13479
9781591823278,13290
9781591826965,13647
9781892213594,2560
9780972503792,14367
9780972503792,5972
9780972503792,5972
9781591821083,133
9781569319499,2560
9784889960471,13731
9781591821540,7998
9781591821540,8800
9781591823780,11212
9780525946847,11750
9780786015016,7569
9781591820345,2560
9781591823667,146
9781591822417,15551
9781591822417,15551
9781591822400,15551
9781591822400,15551
9780375507779,13916
9780375507779,11882
9781591823797,13479
9781591823773,11212
9781588991966,13646
9781588992949,15570
9781588992949,13646
9780590411820,9076
9780590411820,8262
9780590411820,3571
9780880387545,10090
9780880382670,9650
9780394825717,3535
9781568304700,106
9781568304700,105
9780380821037,14279
9780670835386,13916
9780881622409,7686
9780881622409,3461
9781568849072,619
9781569314289,13123
9781569318690,7948
9781569318690,7948
9780451523198,8562
9780883650219,6032
9780312879013,10630
9781591822158,7403
9781591822141,14402
9781591822141,14401
9781591822141,12564
9781561633296,9876
9781569319017,4029
9781569319017,4029
9781591821878,5947
9781892213365,2560
9781569311806,5791
9781569311806,5791
9781580084642,2847
9780517703236,13175
9780060174118,14297
9780881037210,13916
9780061054150,2204
9780451157751,13916
9780451150707,13916
9780671758721,8633
9781931514910,5438
9781931514910,15579
9780875965598,14194
9780875965598,1802
9780823039913,3150
9780140350487,1621
9780679438335,811
9780375416217,811
9780375416217,3414
9781892213662,2560
9781591823261,13290
9780671727673,15462
9780440471868,9898
9780451092168,13916
9780020442004,1818
9780671017132,2474
9780671017132,10906
9780671017125,12533
9780671017125,7714
9780967063102,12342
9780449005743,6983
9780312288846,4139
9780446676090,11070
9780739411544,10013
9780451169518,13916
9781931514620,15577
9780064405034,1818
9780064405034,11698
9780064405041,1818
9780064405041,11698
9780064405027,1818
9780064405027,2379
9780064405003,1818
9780064405003,11698
9780064405010,1818
9780064405010,11698
9780064404990,1818
9780064404990,11698
9780671032647,13916
9783442054671,14102
9783442054671,1503
9783257225792,5916
9783257230987,8950
9783257230987,14914
9783442350605,13243
9783442350605,14943
9783499121357,15496
9783886800841,12517
9783492256858,13352
9783423119153,12166
9783596214570,1915
9783596214570,2161
9783596214570,5625
9783423110068,4396
9783423011501,5629
9783821806358,14927
9783518389003,5753
9783518389003,15116
9783596259922,10686
9780192833747,8935
9780192833747,12939
9780192833747,7525
9783492233743,6463
9783492233705,6463
9783492233705,5493
9783492233712,6463
9783492233712,5493
9783379015929,541
9783442726684,5580
9783442726684,5192
9783442720309,13328
9783458324232,5630
9783257226034,11454
9783612276209,3709
9783512003936,4712
9783499100352,5631
9783423241182,13230
9783873290815,7061
9783873290815,8073
9783257227000,1093
9783257227000,5190
9783257227000,15526
9783257218374,7370
9783596282227,9798
9783442448265,4758
9783442448265,15543
9783257233001,7370
9783257233001,5996
9783423122597,10583
9783423122597,12177
9783423122597,14620
9780140621686,4627
9783492233729,6463
9783492233729,5493
9783442416103,13243
9783442726325,988
9783442726325,5198
9783257061451,7061
9783596148035,4803
9783596148035,5683
9783442446018,131
9783442446018,652
9783442439027,11428
9783442439027,14712
9783442729685,13815
9783442447664,13175
9783426001455,7210
9783442215485,13231
9783630611082,756
9783518368008,14917
9783518374504,353
9783257229356,11454
9783406488795,13126
9783608930665,7623
9783608930665,14251
9783453210837,5162
9783453150225,1510
9783453150225,8498
9783498029715,13720
9783498029715,14909
9783498029715,4389
9783498029715,5356
9783499110665,13703
9783499110665,4493
9783257217964,3681
9783404122646,11968
9783499157479,13703
9783499157479,14909
9783499157479,4492
9783498046262,12893
9783596292592,3688
9783499147555,13703
9783499122064,13703
9783499122064,5633
9783518366127,9677
9783518366127,15205
9783442438914,3685
9783492230841,2942
9780684843131,4690
9783423113700,13039
9783423113700,7732
9783442455706,15516
9783518388761,902
9783423362115,2912
9783423362115,4781
9783423362115,14640
9783548600628,15170
9783548250175,8826
9783548250175,11887
9780312975852,4758
9783442439041,11428
9783442439041,626
9783492038546,7918
9783492038546,13228
9783453198876,14748
9783426624029,11305
9783426624029,3785
9783442443789,13455
9783442443789,8491
9783442096480,512
9783442096480,13227
9783442448395,13663
9783499228636,6615
9783499228636,5851
9780340824283,13601
9780192804471,10397
9780192804471,12089
9780679734468,11946
9780151910793,14921
9780151910793,15484
9780571145904,3406
9780140252255,14302
9780743219624,11305
9780140284096,11319
9780505524409,12260
9789681906009,9553
9789681905620,328
9780486406480,6482
9780486406480,3777
9781551666174,3454
9780743474184,7910
9780816143351,6207
9781551664835,13303
9781892603005,12260
9780449150535,4053
9781400034673,4837
9780140053203,7509
9780449150542,4053
9780671011345,7768
9780671739737,7768
9780671702502,7910
9789501513394,3553
9780373073733,11169
9780671739782,7768
9780553561357,7797
9780452255951,9491
9780452255951,13946
9780312288273,4134
9780394752181,15063
9780805041392,3761
9780452272781,5132
9780785789079,8935
9780884360551,13470
9789681908713,7630
9789681908713,1216
9780375704130,4538
9780140284126,11319
9780816139705,10474
9780061091742,8868
9780553241600,8868
9780446360012,295
9780374115371,14797
9780449214749,15050
9780679774389,1596
9789681315740,4837
9780312195267,14581
9780060927967,3688
9780451133939,4739
9780671662417,8616
9780671662417,3554
9780449214541,11154
9782020239219,4409
9789700509129,8319
9780486298030,3950
9780486298030,3777
9780670364992,526
9780449147610,15306
9780679729020,7166
9789509779037,10686
9789509779037,4567
9781585860975,6837
9781585861675,6837
9780821747940,13492
9780749316419,6650
9780811213196,908
9780811213196,11515
9781400034963,4837
9781400001613,6704
9780553293258,466
9780553571905,466
9780553283549,466
9780553289329,466
9780553293166,466
9780380762569,7203
9780380752997,7203
9780380756278,7203
9780380871551,7203
9780380750870,7203
9780380756292,7203
9780380750863,7203
9780380814718,7203
9780380756261,7203
9780380752942,7203
9789502801957,2765
9780671880606,7802
9780553060638,7397
9780684853291,2662
9780060085896,5591
9780871133793,1859
9780811212779,1859
9780811212779,11447
9780679431138,10398
9780679431138,7792
9780380725700,7203
9780816152285,7203
9780802776150,1016
9780393320350,5913
9780714529851,7891
9782266061285,4727
9780826452313,88
9780671748159,4152
9780380727360,9858
9781586633509,10988
9781586633509,13760
9780385721233,8660
9789504901815,1928
9780375707162,14957
9789584204103,328
9780679755456,9516
9781852427009,9517
9781852427009,11511
9780802130303,7621
9780802130303,873
9780802130303,864
9781400034956,4837
9789504906919,10010
9780192838865,7196
9780192838865,14340
9780864424662,6879
9781740590396,15003
9781740590396,2433
9780380899531,7203
9780460874779,7641
9780553293159,466
9780060188887,13845
9781400034536,4884
9780142000809,13070
9780743449199,6348
9780785787822,1897
9780821769836,5604
9780553569407,466
9780786000210,13492
9780425155189,6117
9780873325073,15561
9780873325073,15561
9780873325073,15559
9780786901340,14710
9780451195166,306
9789500286336,984
9780812543124,6482
9780486218663,3840
9780192839824,9498
9780192839824,15274
9780192839824,14094
9780783887845,3264
9780783887845,12960
9789879317112,13948
9780330344777,9763
9780727849199,11243
9780708992890,3865
9782253149620,905
9780505522993,8193
9780312875671,7857
9781565048423,12847
9781565048416,12847
9781565048409,12847
9780425157466,8780
9782871292081,5270
9782744403705,2396
9782744403699,2396
9782744403682,2396
9780439568364,12132
9789505111213,646
9780886773083,9798
9780886773083,12426
9780749711849,4338
9780727855466,7203
9780380753000,7203
9780140621167,3921
9780634032981,9308
9780671870362,12221
9780345374721,3077
9780812521375,1678
9780679745686,11454
9781860219474,14921
9780671626297,4903
9780966644319,983
9780966644319,13713
9780966644319,7025
9780966644319,6406
9780425173503,12232
9780140434064,1621
9780140434064,10223
9780441006618,4889
9780441006618,13558
9780061020681,14477
9780773670693,5032
9781568651293,4112
9781568651293,13599
9781568651293,6052
9781568651293,13599
9780670892051,3709
9780670032006,10884
9780394547947,2121
9780345436528,3714
9780670030606,3709
9780375401763,2576
9780818501333,5121
9780967673738,6704
9780375714559,10528
9780743222198,12523
9780743222198,12953
9780006278849,5082
9780006278849,11360
9780452270831,4973
9780451183958,5596
9780395944172,7644
9780743457958,4564
9780934395946,1535
9780684815909,12481
9780743224918,7047
9780743224918,496
9780743224918,4237
9780395585641,2722
9780800718374,12219
9780060081652,9922
9780151009374,4316
